timestamp,air_temperature_c,relative_humidity_pct,light_intensity_lux,soil_temperature_c,growth_stage,simulation_note
2025-01-01 00:00:00,21.93,78.0,0.0,22.09,Seedling,Synthetic replay stream - NOT physical live sensor data
2025-01-01 00:30:00,21.91,73.81,0.0,22.19,Seedling,Synthetic replay stream - NOT physical live sensor data
2025-01-01 01:00:00,21.86,78.01,0.0,22.17,Seedling,Synthetic replay stream - NOT physical live sensor data
2025-01-01 01:30:00,21.78,74.09,0.0,22.15,Seedling,Synthetic replay stream - NOT physical live sensor data
2025-01-01 02:00:00,21.68,75.64,0.0,22.22,Seedling,Synthetic replay stream - NOT physical live sensor data
2025-01-01 02:30:00,21.56,79.39,0.0,22.22,Seedling,Synthetic replay stream - NOT physical live sensor data
2025-01-01 03:00:00,21.43,75.1,0.0,22.17,Seedling,Synthetic replay stream - NOT physical live sensor data
2025-01-01 03:30:00,21.3,73.78,0.0,22.2,Seedling,Synthetic replay stream - NOT physical live sensor data
2025-01-01 04:00:00,21.18,74.64,0.0,22.21,Seedling,Synthetic replay stream - NOT physical live sensor data
2025-01-01 04:30:00,21.08,77.29,0.0,22.18,Seedling,Synthetic replay stream - NOT physical live sensor data
2025-01-01 05:00:00,21.0,77.73,0.0,22.1,Seedling,Synthetic replay stream - NOT physical live sensor data
2025-01-01 05:30:00,20.95,75.39,0.0,22.02,Seedling,Synthetic replay stream - NOT physical live sensor data
2025-01-01 06:00:00,20.93,75.21,0.0,22.01,Seedling,Synthetic replay stream - NOT physical live sensor data
2025-01-01 06:30:00,22.27,74.93,5432.0,22.06,Seedling,Synthetic replay stream - NOT physical live sensor data
2025-01-01 07:00:00,23.09,73.04,9804.0,22.12,Seedling,Synthetic replay stream - NOT physical live sensor data
2025-01-01 07:30:00,23.88,75.71,16398.0,22.21,Seedling,Synthetic replay stream - NOT physical live sensor data
2025-01-01 08:00:00,24.64,79.93,21039.0,22.38,Seedling,Synthetic replay stream - NOT physical live sensor data
2025-01-01 08:30:00,25.33,79.91,26310.0,22.46,Seedling,Synthetic replay stream - NOT physical live sensor data
2025-01-01 09:00:00,25.96,79.59,30322.0,22.53,Seedling,Synthetic replay stream - NOT physical live sensor data
2025-01-01 09:30:00,26.52,75.11,34282.0,22.78,Seedling,Synthetic replay stream - NOT physical live sensor data
2025-01-01 10:00:00,26.98,65.32,32687.0,22.98,Seedling,Synthetic replay stream - NOT physical live sensor data
2025-01-01 10:30:00,27.35,62.77,37324.0,23.17,Seedling,Synthetic replay stream - NOT physical live sensor data
2025-01-01 11:00:00,27.62,64.61,40363.0,23.37,Seedling,Synthetic replay stream - NOT physical live sensor data
2025-01-01 11:30:00,27.79,60.08,35242.0,23.62,Seedling,Synthetic replay stream - NOT physical live sensor data
2025-01-01 12:00:00,27.84,64.84,44368.0,23.83,Seedling,Synthetic replay stream - NOT physical live sensor data
2025-01-01 12:30:00,27.79,66.76,37583.0,23.97,Seedling,Synthetic replay stream - NOT physical live sensor data
2025-01-01 13:00:00,27.62,66.19,38926.0,24.13,Seedling,Synthetic replay stream - NOT physical live sensor data
2025-01-01 13:30:00,27.35,68.33,40462.0,24.25,Seedling,Synthetic replay stream - NOT physical live sensor data
2025-01-01 14:00:00,26.98,68.84,30935.0,24.33,Seedling,Synthetic replay stream - NOT physical live sensor data
2025-01-01 14:30:00,26.52,66.01,29880.0,24.43,Seedling,Synthetic replay stream - NOT physical live sensor data
2025-01-01 15:00:00,25.96,64.04,28944.0,24.45,Seedling,Synthetic replay stream - NOT physical live sensor data
2025-01-01 15:30:00,25.33,67.35,24768.0,24.5,Seedling,Synthetic replay stream - NOT physical live sensor data
2025-01-01 16:00:00,24.64,71.45,22879.0,24.4,Seedling,Synthetic replay stream - NOT physical live sensor data
2025-01-01 16:30:00,23.88,73.3,15407.0,24.38,Seedling,Synthetic replay stream - NOT physical live sensor data
2025-01-01 17:00:00,23.09,76.01,10460.0,24.32,Seedling,Synthetic replay stream - NOT physical live sensor data
2025-01-01 17:30:00,22.27,74.32,5430.0,24.21,Seedling,Synthetic replay stream - NOT physical live sensor data
2025-01-01 18:00:00,20.93,80.7,0.0,23.93,Seedling,Synthetic replay stream - NOT physical live sensor data
2025-01-01 18:30:00,20.95,76.17,0.0,23.77,Seedling,Synthetic replay stream - NOT physical live sensor data
2025-01-01 19:00:00,21.0,84.24,0.0,23.59,Seedling,Synthetic replay stream - NOT physical live sensor data
2025-01-01 19:30:00,21.08,72.85,0.0,23.46,Seedling,Synthetic replay stream - NOT physical live sensor data
2025-01-01 20:00:00,21.18,76.51,0.0,23.28,Seedling,Synthetic replay stream - NOT physical live sensor data
2025-01-01 20:30:00,21.3,70.57,0.0,23.17,Seedling,Synthetic replay stream - NOT physical live sensor data
2025-01-01 21:00:00,21.43,73.42,0.0,23.02,Seedling,Synthetic replay stream - NOT physical live sensor data
2025-01-01 21:30:00,21.56,73.94,0.0,22.96,Seedling,Synthetic replay stream - NOT physical live sensor data
2025-01-01 22:00:00,21.68,75.7,0.0,22.86,Seedling,Synthetic replay stream - NOT physical live sensor data
2025-01-01 22:30:00,21.78,78.64,0.0,22.76,Seedling,Synthetic replay stream - NOT physical live sensor data
2025-01-01 23:00:00,21.86,75.96,0.0,22.7,Seedling,Synthetic replay stream - NOT physical live sensor data
2025-01-01 23:30:00,21.91,78.34,0.0,22.58,Seedling,Synthetic replay stream - NOT physical live sensor data
2025-01-02 00:00:00,20.3,79.12,0.0,22.49,Seedling,Synthetic replay stream - NOT physical live sensor data
2025-01-02 00:30:00,20.28,80.19,0.0,22.38,Seedling,Synthetic replay stream - NOT physical live sensor data
2025-01-02 01:00:00,20.23,79.87,0.0,22.37,Seedling,Synthetic replay stream - NOT physical live sensor data
2025-01-02 01:30:00,20.15,79.36,0.0,22.3,Seedling,Synthetic replay stream - NOT physical live sensor data
2025-01-02 02:00:00,20.05,80.73,0.0,22.2,Seedling,Synthetic replay stream - NOT physical live sensor data
2025-01-02 02:30:00,19.93,82.54,0.0,22.09,Seedling,Synthetic replay stream - NOT physical live sensor data
2025-01-02 03:00:00,19.8,80.68,0.0,22.01,Seedling,Synthetic replay stream - NOT physical live sensor data
2025-01-02 03:30:00,19.67,79.94,0.0,21.94,Seedling,Synthetic replay stream - NOT physical live sensor data
2025-01-02 04:00:00,19.55,79.3,0.0,21.82,Seedling,Synthetic replay stream - NOT physical live sensor data
2025-01-02 04:30:00,19.45,77.44,0.0,21.68,Seedling,Synthetic replay stream - NOT physical live sensor data
2025-01-02 05:00:00,19.37,80.67,0.0,21.58,Seedling,Synthetic replay stream - NOT physical live sensor data
2025-01-02 05:30:00,19.32,76.62,0.0,21.53,Seedling,Synthetic replay stream - NOT physical live sensor data
2025-01-02 06:00:00,19.3,80.45,0.0,21.49,Seedling,Synthetic replay stream - NOT physical live sensor data
2025-01-02 06:30:00,20.92,81.27,6954.0,21.54,Seedling,Synthetic replay stream - NOT physical live sensor data
2025-01-02 07:00:00,22.02,77.49,12579.0,21.63,Seedling,Synthetic replay stream - NOT physical live sensor data
2025-01-02 07:30:00,23.08,77.84,17684.0,21.72,Seedling,Synthetic replay stream - NOT physical live sensor data
2025-01-02 08:00:00,24.08,73.78,24735.0,21.84,Seedling,Synthetic replay stream - NOT physical live sensor data
2025-01-02 08:30:00,25.01,75.02,29007.0,21.94,Seedling,Synthetic replay stream - NOT physical live sensor data
2025-01-02 09:00:00,25.86,69.51,37621.0,22.15,Seedling,Synthetic replay stream - NOT physical live sensor data
2025-01-02 09:30:00,26.59,70.72,34332.0,22.44,Seedling,Synthetic replay stream - NOT physical live sensor data
2025-01-02 10:00:00,27.22,65.96,46085.0,22.68,Seedling,Synthetic replay stream - NOT physical live sensor data
2025-01-02 10:30:00,27.71,69.03,44740.0,22.97,Seedling,Synthetic replay stream - NOT physical live sensor data
2025-01-02 11:00:00,28.07,68.79,46237.0,23.27,Seedling,Synthetic replay stream - NOT physical live sensor data
2025-01-02 11:30:00,28.29,66.12,51308.0,23.59,Seedling,Synthetic replay stream - NOT physical live sensor data
2025-01-02 12:00:00,28.36,67.16,37867.0,23.77,Seedling,Synthetic replay stream - NOT physical live sensor data
2025-01-02 12:30:00,28.29,68.08,46637.0,24.0,Seedling,Synthetic replay stream - NOT physical live sensor data
2025-01-02 13:00:00,28.07,69.05,48983.0,24.17,Seedling,Synthetic replay stream - NOT physical live sensor data
2025-01-02 13:30:00,27.71,67.12,41542.0,24.32,Seedling,Synthetic replay stream - NOT physical live sensor data
2025-01-02 14:00:00,27.22,68.46,41283.0,24.47,Seedling,Synthetic replay stream - NOT physical live sensor data
2025-01-02 14:30:00,26.59,70.5,45551.0,24.56,Seedling,Synthetic replay stream - NOT physical live sensor data
2025-01-02 15:00:00,25.86,73.13,35909.0,24.58,Seedling,Synthetic replay stream - NOT physical live sensor data
2025-01-02 15:30:00,25.01,74.98,30290.0,24.51,Seedling,Synthetic replay stream - NOT physical live sensor data
2025-01-02 16:00:00,24.08,73.97,25489.0,24.53,Seedling,Synthetic replay stream - NOT physical live sensor data
2025-01-02 16:30:00,23.08,77.61,18747.0,24.46,Seedling,Synthetic replay stream - NOT physical live sensor data
2025-01-02 17:00:00,22.02,77.9,14063.0,24.34,Seedling,Synthetic replay stream - NOT physical live sensor data
2025-01-02 17:30:00,20.92,75.13,6441.0,24.18,Seedling,Synthetic replay stream - NOT physical live sensor data
2025-01-02 18:00:00,19.3,77.27,0.0,23.91,Seedling,Synthetic replay stream - NOT physical live sensor data
2025-01-02 18:30:00,19.32,78.9,0.0,23.69,Seedling,Synthetic replay stream - NOT physical live sensor data
2025-01-02 19:00:00,19.37,77.46,0.0,23.43,Seedling,Synthetic replay stream - NOT physical live sensor data
2025-01-02 19:30:00,19.45,82.31,0.0,23.18,Seedling,Synthetic replay stream - NOT physical live sensor data
2025-01-02 20:00:00,19.55,79.86,0.0,22.93,Seedling,Synthetic replay stream - NOT physical live sensor data
2025-01-02 20:30:00,19.67,78.69,0.0,22.72,Seedling,Synthetic replay stream - NOT physical live sensor data
2025-01-02 21:00:00,19.8,79.36,0.0,22.51,Seedling,Synthetic replay stream - NOT physical live sensor data
2025-01-02 21:30:00,19.93,82.09,0.0,22.45,Seedling,Synthetic replay stream - NOT physical live sensor data
2025-01-02 22:00:00,20.05,82.14,0.0,22.36,Seedling,Synthetic replay stream - NOT physical live sensor data
2025-01-02 22:30:00,20.15,77.25,0.0,22.3,Seedling,Synthetic replay stream - NOT physical live sensor data
2025-01-02 23:00:00,20.23,79.24,0.0,22.19,Seedling,Synthetic replay stream - NOT physical live sensor data
2025-01-02 23:30:00,20.28,82.64,0.0,22.12,Seedling,Synthetic replay stream - NOT physical live sensor data
2025-01-03 00:00:00,21.68,83.22,0.0,22.07,Seedling,Synthetic replay stream - NOT physical live sensor data
2025-01-03 00:30:00,21.66,83.4,0.0,22.09,Seedling,Synthetic replay stream - NOT physical live sensor data
2025-01-03 01:00:00,21.61,84.2,0.0,22.03,Seedling,Synthetic replay stream - NOT physical live sensor data
2025-01-03 01:30:00,21.53,83.32,0.0,22.03,Seedling,Synthetic replay stream - NOT physical live sensor data
2025-01-03 02:00:00,21.43,86.85,0.0,22.01,Seedling,Synthetic replay stream - NOT physical live sensor data
2025-01-03 02:30:00,21.31,82.08,0.0,21.94,Seedling,Synthetic replay stream - NOT physical live sensor data
2025-01-03 03:00:00,21.18,82.26,0.0,21.95,Seedling,Synthetic replay stream - NOT physical live sensor data
2025-01-03 03:30:00,21.05,83.61,0.0,21.95,Seedling,Synthetic replay stream - NOT physical live sensor data
2025-01-03 04:00:00,20.93,84.57,0.0,21.9,Seedling,Synthetic replay stream - NOT physical live sensor data
2025-01-03 04:30:00,20.82,88.57,0.0,21.8,Seedling,Synthetic replay stream - NOT physical live sensor data
2025-01-03 05:00:00,20.75,82.49,0.0,21.75,Seedling,Synthetic replay stream - NOT physical live sensor data
2025-01-03 05:30:00,20.7,84.44,0.0,21.75,Seedling,Synthetic replay stream - NOT physical live sensor data
2025-01-03 06:00:00,20.68,83.75,0.0,21.72,Seedling,Synthetic replay stream - NOT physical live sensor data
2025-01-03 06:30:00,21.95,83.34,4079.0,21.79,Seedling,Synthetic replay stream - NOT physical live sensor data
2025-01-03 07:00:00,22.71,81.21,7159.0,21.82,Seedling,Synthetic replay stream - NOT physical live sensor data
2025-01-03 07:30:00,23.45,81.32,12938.0,21.97,Seedling,Synthetic replay stream - NOT physical live sensor data
2025-01-03 08:00:00,24.14,76.08,16359.0,22.09,Seedling,Synthetic replay stream - NOT physical live sensor data
2025-01-03 08:30:00,24.78,80.46,18640.0,22.2,Seedling,Synthetic replay stream - NOT physical live sensor data
2025-01-03 09:00:00,25.37,78.62,24647.0,22.34,Seedling,Synthetic replay stream - NOT physical live sensor data
2025-01-03 09:30:00,25.88,74.02,21392.0,22.52,Seedling,Synthetic replay stream - NOT physical live sensor data
2025-01-03 10:00:00,26.31,75.24,25761.0,22.7,Seedling,Synthetic replay stream - NOT physical live sensor data
2025-01-03 10:30:00,26.65,72.91,24949.0,22.96,Seedling,Synthetic replay stream - NOT physical live sensor data
2025-01-03 11:00:00,26.9,71.25,29264.0,23.1,Seedling,Synthetic replay stream - NOT physical live sensor data
2025-01-03 11:30:00,27.05,73.68,34893.0,23.31,Seedling,Synthetic replay stream - NOT physical live sensor data
2025-01-03 12:00:00,27.1,74.14,29436.0,23.55,Seedling,Synthetic replay stream - NOT physical live sensor data
2025-01-03 12:30:00,27.05,70.46,34618.0,23.72,Seedling,Synthetic replay stream - NOT physical live sensor data
2025-01-03 13:00:00,26.9,74.99,33050.0,23.9,Seedling,Synthetic replay stream - NOT physical live sensor data
2025-01-03 13:30:00,26.65,73.82,29246.0,24.06,Seedling,Synthetic replay stream - NOT physical live sensor data
2025-01-03 14:00:00,26.31,74.2,27066.0,24.15,Seedling,Synthetic replay stream - NOT physical live sensor data
2025-01-03 14:30:00,25.88,73.81,25422.0,24.17,Seedling,Synthetic replay stream - NOT physical live sensor data
2025-01-03 15:00:00,25.37,77.59,23454.0,24.26,Seedling,Synthetic replay stream - NOT physical live sensor data
2025-01-03 15:30:00,24.78,77.11,20155.0,24.29,Seedling,Synthetic replay stream - NOT physical live sensor data
2025-01-03 16:00:00,24.14,76.38,15394.0,24.31,Seedling,Synthetic replay stream - NOT physical live sensor data
2025-01-03 16:30:00,23.45,82.12,12781.0,24.29,Seedling,Synthetic replay stream - NOT physical live sensor data
2025-01-03 17:00:00,22.71,79.08,7358.0,24.23,Seedling,Synthetic replay stream - NOT physical live sensor data
2025-01-03 17:30:00,21.95,81.22,4048.0,24.1,Seedling,Synthetic replay stream - NOT physical live sensor data
2025-01-03 18:00:00,20.68,84.23,0.0,23.96,Seedling,Synthetic replay stream - NOT physical live sensor data
2025-01-03 18:30:00,20.7,83.36,0.0,23.76,Seedling,Synthetic replay stream - NOT physical live sensor data
2025-01-03 19:00:00,20.75,82.19,0.0,23.62,Seedling,Synthetic replay stream - NOT physical live sensor data
2025-01-03 19:30:00,20.82,83.61,0.0,23.5,Seedling,Synthetic replay stream - NOT physical live sensor data
2025-01-03 20:00:00,20.93,82.44,0.0,23.37,Seedling,Synthetic replay stream - NOT physical live sensor data
2025-01-03 20:30:00,21.05,83.11,0.0,23.13,Seedling,Synthetic replay stream - NOT physical live sensor data
2025-01-03 21:00:00,21.18,84.67,0.0,23.05,Seedling,Synthetic replay stream - NOT physical live sensor data
2025-01-03 21:30:00,21.31,84.28,0.0,22.88,Seedling,Synthetic replay stream - NOT physical live sensor data
2025-01-03 22:00:00,21.43,86.18,0.0,22.8,Seedling,Synthetic replay stream - NOT physical live sensor data
2025-01-03 22:30:00,21.53,81.79,0.0,22.76,Seedling,Synthetic replay stream - NOT physical live sensor data
2025-01-03 23:00:00,21.61,84.58,0.0,22.71,Seedling,Synthetic replay stream - NOT physical live sensor data
2025-01-03 23:30:00,21.66,84.95,0.0,22.63,Seedling,Synthetic replay stream - NOT physical live sensor data
2025-01-04 00:00:00,20.83,78.32,0.0,22.54,Seedling,Synthetic replay stream - NOT physical live sensor data
2025-01-04 00:30:00,20.82,78.18,0.0,22.45,Seedling,Synthetic replay stream - NOT physical live sensor data
2025-01-04 01:00:00,20.77,77.19,0.0,22.35,Seedling,Synthetic replay stream - NOT physical live sensor data
2025-01-04 01:30:00,20.69,77.84,0.0,22.22,Seedling,Synthetic replay stream - NOT physical live sensor data
2025-01-04 02:00:00,20.58,79.24,0.0,22.16,Seedling,Synthetic replay stream - NOT physical live sensor data
2025-01-04 02:30:00,20.46,75.28,0.0,22.11,Seedling,Synthetic replay stream - NOT physical live sensor data
2025-01-04 03:00:00,20.33,78.61,0.0,22.04,Seedling,Synthetic replay stream - NOT physical live sensor data
2025-01-04 03:30:00,20.2,79.95,0.0,22.0,Seedling,Synthetic replay stream - NOT physical live sensor data
2025-01-04 04:00:00,20.08,78.04,0.0,21.96,Seedling,Synthetic replay stream - NOT physical live sensor data
2025-01-04 04:30:00,19.98,79.24,0.0,21.86,Seedling,Synthetic replay stream - NOT physical live sensor data
2025-01-04 05:00:00,19.9,78.71,0.0,21.82,Seedling,Synthetic replay stream - NOT physical live sensor data
2025-01-04 05:30:00,19.85,76.69,0.0,21.78,Seedling,Synthetic replay stream - NOT physical live sensor data
2025-01-04 06:00:00,19.83,77.99,0.0,21.7,Seedling,Synthetic replay stream - NOT physical live sensor data
2025-01-04 06:30:00,21.16,75.98,4118.0,21.7,Seedling,Synthetic replay stream - NOT physical live sensor data
2025-01-04 07:00:00,21.98,78.76,7505.0,21.78,Seedling,Synthetic replay stream - NOT physical live sensor data
2025-01-04 07:30:00,22.76,75.45,11116.0,21.94,Seedling,Synthetic replay stream - NOT physical live sensor data
2025-01-04 08:00:00,23.51,75.66,13957.0,22.07,Seedling,Synthetic replay stream - NOT physical live sensor data
2025-01-04 08:30:00,24.2,71.53,18986.0,22.16,Seedling,Synthetic replay stream - NOT physical live sensor data
2025-01-04 09:00:00,24.82,70.96,21158.0,22.21,Seedling,Synthetic replay stream - NOT physical live sensor data
2025-01-04 09:30:00,25.37,67.9,20669.0,22.38,Seedling,Synthetic replay stream - NOT physical live sensor data
2025-01-04 10:00:00,25.83,67.38,24782.0,22.55,Seedling,Synthetic replay stream - NOT physical live sensor data
2025-01-04 10:30:00,26.2,66.87,26335.0,22.73,Seedling,Synthetic replay stream - NOT physical live sensor data
2025-01-04 11:00:00,27.07,66.57,28730.0,23.41,Seedling,Synthetic replay stream - NOT physical live sensor data
2025-01-04 11:30:00,29.18,59.41,33771.0,24.88,Seedling,Synthetic replay stream - NOT physical live sensor data
2025-01-04 12:00:00,31.66,55.95,36666.0,27.14,Seedling,Synthetic replay stream - NOT physical live sensor data
2025-01-04 12:30:00,32.92,47.18,40124.0,28.39,Seedling,Synthetic replay stream - NOT physical live sensor data
2025-01-04 13:00:00,31.59,55.55,38389.0,27.64,Seedling,Synthetic replay stream - NOT physical live sensor data
2025-01-04 13:30:00,28.63,59.43,31744.0,25.9,Seedling,Synthetic replay stream - NOT physical live sensor data
2025-01-04 14:00:00,26.62,70.88,26813.0,24.71,Seedling,Synthetic replay stream - NOT physical live sensor data
2025-01-04 14:30:00,25.37,71.14,22887.0,24.19,Seedling,Synthetic replay stream - NOT physical live sensor data
2025-01-04 15:00:00,24.82,70.45,20058.0,24.25,Seedling,Synthetic replay stream - NOT physical live sensor data
2025-01-04 15:30:00,24.2,71.96,19361.0,24.19,Seedling,Synthetic replay stream - NOT physical live sensor data
2025-01-04 16:00:00,23.51,73.7,15034.0,24.14,Seedling,Synthetic replay stream - NOT physical live sensor data
2025-01-04 16:30:00,22.76,76.53,10855.0,24.08,Seedling,Synthetic replay stream - NOT physical live sensor data
2025-01-04 17:00:00,21.98,76.13,7567.0,24.03,Seedling,Synthetic replay stream - NOT physical live sensor data
2025-01-04 17:30:00,21.16,78.32,4179.0,23.79,Seedling,Synthetic replay stream - NOT physical live sensor data
2025-01-04 18:00:00,19.83,79.42,0.0,23.64,Seedling,Synthetic replay stream - NOT physical live sensor data
2025-01-04 18:30:00,19.85,79.82,0.0,23.49,Seedling,Synthetic replay stream - NOT physical live sensor data
2025-01-04 19:00:00,19.9,78.43,0.0,23.32,Seedling,Synthetic replay stream - NOT physical live sensor data
2025-01-04 19:30:00,19.98,79.67,0.0,23.23,Seedling,Synthetic replay stream - NOT physical live sensor data
2025-01-04 20:00:00,20.08,78.34,0.0,23.05,Seedling,Synthetic replay stream - NOT physical live sensor data
2025-01-04 20:30:00,20.2,78.36,0.0,22.83,Seedling,Synthetic replay stream - NOT physical live sensor data
2025-01-04 21:00:00,20.33,80.72,0.0,22.68,Seedling,Synthetic replay stream - NOT physical live sensor data
2025-01-04 21:30:00,20.46,77.83,0.0,22.57,Seedling,Synthetic replay stream - NOT physical live sensor data
2025-01-04 22:00:00,20.58,77.42,0.0,22.39,Seedling,Synthetic replay stream - NOT physical live sensor data
2025-01-04 22:30:00,20.69,77.48,0.0,22.33,Seedling,Synthetic replay stream - NOT physical live sensor data
2025-01-04 23:00:00,20.77,77.46,0.0,22.17,Seedling,Synthetic replay stream - NOT physical live sensor data
2025-01-04 23:30:00,20.82,79.98,0.0,22.08,Seedling,Synthetic replay stream - NOT physical live sensor data
2025-01-05 00:00:00,21.75,75.4,0.0,22.04,Seedling,Synthetic replay stream - NOT physical live sensor data
2025-01-05 00:30:00,21.73,80.79,0.0,22.04,Seedling,Synthetic replay stream - NOT physical live sensor data
2025-01-05 01:00:00,21.68,81.48,0.0,22.08,Seedling,Synthetic replay stream - NOT physical live sensor data
2025-01-05 01:30:00,21.6,77.39,0.0,22.07,Seedling,Synthetic replay stream - NOT physical live sensor data
2025-01-05 02:00:00,21.5,76.51,0.0,22.06,Seedling,Synthetic replay stream - NOT physical live sensor data
2025-01-05 02:30:00,21.38,76.41,0.0,22.07,Seedling,Synthetic replay stream - NOT physical live sensor data
2025-01-05 03:00:00,21.25,76.64,0.0,22.11,Seedling,Synthetic replay stream - NOT physical live sensor data
2025-01-05 03:30:00,21.12,76.61,0.0,22.09,Seedling,Synthetic replay stream - NOT physical live sensor data
2025-01-05 04:00:00,21.0,74.32,0.0,22.02,Seedling,Synthetic replay stream - NOT physical live sensor data
2025-01-05 04:30:00,20.89,78.14,0.0,21.97,Seedling,Synthetic replay stream - NOT physical live sensor data
2025-01-05 05:00:00,20.81,79.94,0.0,21.99,Seedling,Synthetic replay stream - NOT physical live sensor data
2025-01-05 05:30:00,20.76,80.49,0.0,22.03,Seedling,Synthetic replay stream - NOT physical live sensor data
2025-01-05 06:00:00,20.75,80.02,0.0,21.99,Seedling,Synthetic replay stream - NOT physical live sensor data
2025-01-05 06:30:00,21.99,78.11,5700.0,21.99,Seedling,Synthetic replay stream - NOT physical live sensor data
2025-01-05 07:00:00,22.72,76.56,11588.0,22.06,Seedling,Synthetic replay stream - NOT physical live sensor data
2025-01-05 07:30:00,23.43,75.86,15907.0,22.16,Seedling,Synthetic replay stream - NOT physical live sensor data
2025-01-05 08:00:00,24.1,75.51,20667.0,22.28,Seedling,Synthetic replay stream - NOT physical live sensor data
2025-01-05 08:30:00,24.72,75.24,25827.0,22.37,Seedling,Synthetic replay stream - NOT physical live sensor data
2025-01-05 09:00:00,25.28,72.61,34666.0,22.46,Seedling,Synthetic replay stream - NOT physical live sensor data
2025-01-05 09:30:00,25.77,70.26,35724.0,22.58,Seedling,Synthetic replay stream - NOT physical live sensor data
2025-01-05 10:00:00,26.18,67.54,36465.0,22.82,Seedling,Synthetic replay stream - NOT physical live sensor data
2025-01-05 10:30:00,26.51,69.3,38992.0,22.95,Seedling,Synthetic replay stream - NOT physical live sensor data
2025-01-05 11:00:00,26.75,67.82,37791.0,23.14,Seedling,Synthetic replay stream - NOT physical live sensor data
2025-01-05 11:30:00,26.9,68.93,39865.0,23.3,Seedling,Synthetic replay stream - NOT physical live sensor data
2025-01-05 12:00:00,26.95,70.18,34614.0,23.5,Seedling,Synthetic replay stream - NOT physical live sensor data
2025-01-05 12:30:00,26.9,68.28,51230.0,23.71,Seedling,Synthetic replay stream - NOT physical live sensor data
2025-01-05 13:00:00,26.75,67.92,46475.0,23.83,Seedling,Synthetic replay stream - NOT physical live sensor data
2025-01-05 13:30:00,26.51,68.47,39218.0,23.96,Seedling,Synthetic replay stream - NOT physical live sensor data
2025-01-05 14:00:00,26.18,70.34,42780.0,24.11,Seedling,Synthetic replay stream - NOT physical live sensor data
2025-01-05 14:30:00,25.77,70.37,29889.0,24.23,Seedling,Synthetic replay stream - NOT physical live sensor data
2025-01-05 15:00:00,25.28,71.46,28513.0,24.27,Seedling,Synthetic replay stream - NOT physical live sensor data
2025-01-05 15:30:00,24.72,74.07,28372.0,24.36,Seedling,Synthetic replay stream - NOT physical live sensor data
2025-01-05 16:00:00,24.1,75.25,19264.0,24.35,Seedling,Synthetic replay stream - NOT physical live sensor data
2025-01-05 16:30:00,23.43,76.68,15778.0,24.25,Seedling,Synthetic replay stream - NOT physical live sensor data
2025-01-05 17:00:00,22.72,76.26,12670.0,24.09,Seedling,Synthetic replay stream - NOT physical live sensor data
2025-01-05 17:30:00,21.99,79.6,5072.0,23.97,Seedling,Synthetic replay stream - NOT physical live sensor data
2025-01-05 18:00:00,20.75,80.6,0.0,23.87,Seedling,Synthetic replay stream - NOT physical live sensor data
2025-01-05 18:30:00,20.76,79.18,0.0,23.7,Seedling,Synthetic replay stream - NOT physical live sensor data
2025-01-05 19:00:00,20.81,80.74,0.0,23.56,Seedling,Synthetic replay stream - NOT physical live sensor data
2025-01-05 19:30:00,20.89,78.64,0.0,23.36,Seedling,Synthetic replay stream - NOT physical live sensor data
2025-01-05 20:00:00,21.0,78.36,0.0,23.23,Seedling,Synthetic replay stream - NOT physical live sensor data
2025-01-05 20:30:00,21.12,79.12,0.0,23.05,Seedling,Synthetic replay stream - NOT physical live sensor data
2025-01-05 21:00:00,21.25,80.28,0.0,22.97,Seedling,Synthetic replay stream - NOT physical live sensor data
2025-01-05 21:30:00,21.38,76.37,0.0,22.83,Seedling,Synthetic replay stream - NOT physical live sensor data
2025-01-05 22:00:00,21.5,80.5,0.0,22.73,Seedling,Synthetic replay stream - NOT physical live sensor data
2025-01-05 22:30:00,21.6,79.23,0.0,22.67,Seedling,Synthetic replay stream - NOT physical live sensor data
2025-01-05 23:00:00,21.68,80.53,0.0,22.59,Seedling,Synthetic replay stream - NOT physical live sensor data
2025-01-05 23:30:00,21.73,79.85,0.0,22.5,Seedling,Synthetic replay stream - NOT physical live sensor data
2025-01-06 00:00:00,22.26,76.77,0.0,22.47,Seedling,Synthetic replay stream - NOT physical live sensor data
2025-01-06 00:30:00,22.25,74.89,0.0,22.46,Seedling,Synthetic replay stream - NOT physical live sensor data
2025-01-06 01:00:00,22.2,73.37,0.0,22.42,Seedling,Synthetic replay stream - NOT physical live sensor data
2025-01-06 01:30:00,22.12,77.81,0.0,22.43,Seedling,Synthetic replay stream - NOT physical live sensor data
2025-01-06 02:00:00,22.01,77.98,0.0,22.5,Seedling,Synthetic replay stream - NOT physical live sensor data
2025-01-06 02:30:00,21.89,75.87,0.0,22.48,Seedling,Synthetic replay stream - NOT physical live sensor data
2025-01-06 03:00:00,21.76,75.58,0.0,22.37,Seedling,Synthetic replay stream - NOT physical live sensor data
2025-01-06 03:30:00,21.64,74.14,0.0,22.32,Seedling,Synthetic replay stream - NOT physical live sensor data
2025-01-06 04:00:00,21.51,74.68,0.0,22.33,Seedling,Synthetic replay stream - NOT physical live sensor data
2025-01-06 04:30:00,21.41,73.91,0.0,22.29,Seedling,Synthetic replay stream - NOT physical live sensor data
2025-01-06 05:00:00,21.33,77.25,0.0,22.28,Seedling,Synthetic replay stream - NOT physical live sensor data
2025-01-06 05:30:00,21.28,73.5,0.0,22.19,Seedling,Synthetic replay stream - NOT physical live sensor data
2025-01-06 06:00:00,21.26,76.15,0.0,22.19,Seedling,Synthetic replay stream - NOT physical live sensor data
2025-01-06 06:30:00,22.39,76.88,4748.0,22.19,Seedling,Synthetic replay stream - NOT physical live sensor data
2025-01-06 07:00:00,23.0,71.45,9801.0,22.19,Seedling,Synthetic replay stream - NOT physical live sensor data
2025-01-06 07:30:00,23.59,71.72,16110.0,22.24,Seedling,Synthetic replay stream - NOT physical live sensor data
2025-01-06 08:00:00,24.15,71.88,19808.0,22.35,Seedling,Synthetic replay stream - NOT physical live sensor data
2025-01-06 08:30:00,24.67,71.63,23046.0,22.47,Seedling,Synthetic replay stream - NOT physical live sensor data
2025-01-06 09:00:00,25.13,66.63,28970.0,22.59,Seedling,Synthetic replay stream - NOT physical live sensor data
2025-01-06 09:30:00,25.55,70.8,33581.0,22.73,Seedling,Synthetic replay stream - NOT physical live sensor data
2025-01-06 10:00:00,25.89,67.81,40312.0,22.87,Seedling,Synthetic replay stream - NOT physical live sensor data
2025-01-06 10:30:00,26.17,64.33,37588.0,23.0,Seedling,Synthetic replay stream - NOT physical live sensor data
2025-01-06 11:00:00,26.37,61.97,37903.0,23.17,Seedling,Synthetic replay stream - NOT physical live sensor data
2025-01-06 11:30:00,26.49,64.83,39948.0,23.32,Seedling,Synthetic replay stream - NOT physical live sensor data
2025-01-06 12:00:00,26.79,62.73,43124.0,23.57,Seedling,Synthetic replay stream - NOT physical live sensor data
2025-01-06 12:30:00,28.79,61.65,44277.0,24.1,Seedling,Synthetic replay stream - NOT physical live sensor data
2025-01-06 13:00:00,32.08,60.2,51101.0,24.91,Seedling,Synthetic replay stream - NOT physical live sensor data
2025-01-06 13:30:00,32.07,60.99,57267.0,25.24,Seedling,Synthetic replay stream - NOT physical live sensor data
2025-01-06 14:00:00,29.5,65.39,56941.0,24.72,Seedling,Synthetic replay stream - NOT physical live sensor data
2025-01-06 14:30:00,26.22,68.36,46041.0,24.24,Seedling,Synthetic replay stream - NOT physical live sensor data
2025-01-06 15:00:00,25.51,69.46,33732.0,24.27,Seedling,Synthetic replay stream - NOT physical live sensor data
2025-01-06 15:30:00,24.75,68.11,27245.0,24.28,Seedling,Synthetic replay stream - NOT physical live sensor data
2025-01-06 16:00:00,24.15,68.35,19198.0,24.19,Seedling,Synthetic replay stream - NOT physical live sensor data
2025-01-06 16:30:00,23.59,67.58,14456.0,24.13,Seedling,Synthetic replay stream - NOT physical live sensor data
2025-01-06 17:00:00,23.0,76.24,10077.0,24.09,Seedling,Synthetic replay stream - NOT physical live sensor data
2025-01-06 17:30:00,22.39,70.42,5180.0,24.02,Seedling,Synthetic replay stream - NOT physical live sensor data
2025-01-06 18:00:00,21.26,74.73,0.0,23.9,Seedling,Synthetic replay stream - NOT physical live sensor data
2025-01-06 18:30:00,21.28,75.75,0.0,23.7,Seedling,Synthetic replay stream - NOT physical live sensor data
2025-01-06 19:00:00,21.33,74.54,0.0,23.54,Seedling,Synthetic replay stream - NOT physical live sensor data
2025-01-06 19:30:00,21.41,75.25,0.0,23.37,Seedling,Synthetic replay stream - NOT physical live sensor data
2025-01-06 20:00:00,21.51,74.32,0.0,23.2,Seedling,Synthetic replay stream - NOT physical live sensor data
2025-01-06 20:30:00,21.64,78.63,0.0,23.05,Seedling,Synthetic replay stream - NOT physical live sensor data
2025-01-06 21:00:00,21.76,74.16,0.0,22.96,Seedling,Synthetic replay stream - NOT physical live sensor data
2025-01-06 21:30:00,21.89,74.07,0.0,22.79,Seedling,Synthetic replay stream - NOT physical live sensor data
2025-01-06 22:00:00,22.01,77.25,0.0,22.7,Seedling,Synthetic replay stream - NOT physical live sensor data
2025-01-06 22:30:00,22.12,73.47,0.0,22.61,Seedling,Synthetic replay stream - NOT physical live sensor data
2025-01-06 23:00:00,22.2,74.41,0.0,22.51,Seedling,Synthetic replay stream - NOT physical live sensor data
2025-01-06 23:30:00,22.25,80.39,0.0,22.45,Seedling,Synthetic replay stream - NOT physical live sensor data
2025-01-07 00:00:00,21.88,70.95,0.0,22.44,Seedling,Synthetic replay stream - NOT physical live sensor data
2025-01-07 00:30:00,21.86,73.25,0.0,22.41,Seedling,Synthetic replay stream - NOT physical live sensor data
2025-01-07 01:00:00,21.81,75.75,0.0,22.31,Seedling,Synthetic replay stream - NOT physical live sensor data
2025-01-07 01:30:00,21.73,73.11,0.0,22.2,Seedling,Synthetic replay stream - NOT physical live sensor data
2025-01-07 02:00:00,21.63,74.26,0.0,22.19,Seedling,Synthetic replay stream - NOT physical live sensor data
2025-01-07 02:30:00,21.51,71.6,0.0,22.2,Seedling,Synthetic replay stream - NOT physical live sensor data
2025-01-07 03:00:00,21.38,73.13,0.0,22.11,Seedling,Synthetic replay stream - NOT physical live sensor data
2025-01-07 03:30:00,21.25,74.28,0.0,22.02,Seedling,Synthetic replay stream - NOT physical live sensor data
2025-01-07 04:00:00,21.13,71.64,0.0,22.06,Seedling,Synthetic replay stream - NOT physical live sensor data
2025-01-07 04:30:00,21.02,71.39,0.0,22.02,Seedling,Synthetic replay stream - NOT physical live sensor data
2025-01-07 05:00:00,20.94,76.71,0.0,22.04,Seedling,Synthetic replay stream - NOT physical live sensor data
2025-01-07 05:30:00,20.89,75.39,0.0,21.97,Seedling,Synthetic replay stream - NOT physical live sensor data
2025-01-07 06:00:00,20.88,73.89,0.0,22.0,Seedling,Synthetic replay stream - NOT physical live sensor data
2025-01-07 06:30:00,22.0,79.6,5581.0,22.01,Seedling,Synthetic replay stream - NOT physical live sensor data
2025-01-07 07:00:00,22.61,70.29,9057.0,22.12,Seedling,Synthetic replay stream - NOT physical live sensor data
2025-01-07 07:30:00,23.21,72.26,15401.0,22.25,Seedling,Synthetic replay stream - NOT physical live sensor data
2025-01-07 08:00:00,23.77,69.82,18311.0,22.3,Seedling,Synthetic replay stream - NOT physical live sensor data
2025-01-07 08:30:00,24.29,69.8,24948.0,22.37,Seedling,Synthetic replay stream - NOT physical live sensor data
2025-01-07 09:00:00,24.76,69.84,22332.0,22.45,Seedling,Synthetic replay stream - NOT physical live sensor data
2025-01-07 09:30:00,25.17,67.32,31255.0,22.6,Seedling,Synthetic replay stream - NOT physical live sensor data
2025-01-07 10:00:00,25.52,64.44,29660.0,22.73,Seedling,Synthetic replay stream - NOT physical live sensor data
2025-01-07 10:30:00,25.8,66.01,30581.0,22.86,Seedling,Synthetic replay stream - NOT physical live sensor data
2025-01-07 11:00:00,26.0,64.1,37619.0,22.98,Seedling,Synthetic replay stream - NOT physical live sensor data
2025-01-07 11:30:00,26.12,63.19,41782.0,23.14,Seedling,Synthetic replay stream - NOT physical live sensor data
2025-01-07 12:00:00,26.16,63.24,36870.0,23.29,Seedling,Synthetic replay stream - NOT physical live sensor data
2025-01-07 12:30:00,26.12,65.97,39872.0,23.41,Seedling,Synthetic replay stream - NOT physical live sensor data
2025-01-07 13:00:00,26.13,65.67,44422.0,23.61,Seedling,Synthetic replay stream - NOT physical live sensor data
2025-01-07 13:30:00,26.23,65.13,44595.0,23.64,Seedling,Synthetic replay stream - NOT physical live sensor data
2025-01-07 14:00:00,26.25,65.35,43582.0,23.83,Seedling,Synthetic replay stream - NOT physical live sensor data
2025-01-07 14:30:00,26.2,70.4,47849.0,24.0,Seedling,Synthetic replay stream - NOT physical live sensor data
2025-01-07 15:00:00,25.83,65.53,48845.0,24.07,Seedling,Synthetic replay stream - NOT physical live sensor data
2025-01-07 15:30:00,25.06,70.38,35692.0,24.12,Seedling,Synthetic replay stream - NOT physical live sensor data
2025-01-07 16:00:00,24.24,71.35,29399.0,24.08,Seedling,Synthetic replay stream - NOT physical live sensor data
2025-01-07 16:30:00,23.38,73.21,18827.0,24.07,Seedling,Synthetic replay stream - NOT physical live sensor data
2025-01-07 17:00:00,22.61,72.36,10595.0,24.01,Seedling,Synthetic replay stream - NOT physical live sensor data
2025-01-07 17:30:00,22.0,73.17,4979.0,23.86,Seedling,Synthetic replay stream - NOT physical live sensor data
2025-01-07 18:00:00,20.88,72.38,0.0,23.64,Seedling,Synthetic replay stream - NOT physical live sensor data
2025-01-07 18:30:00,20.89,72.81,0.0,23.48,Seedling,Synthetic replay stream - NOT physical live sensor data
2025-01-07 19:00:00,20.94,73.86,0.0,23.37,Seedling,Synthetic replay stream - NOT physical live sensor data
2025-01-07 19:30:00,21.02,72.25,0.0,23.25,Seedling,Synthetic replay stream - NOT physical live sensor data
2025-01-07 20:00:00,21.13,75.97,0.0,23.13,Seedling,Synthetic replay stream - NOT physical live sensor data
2025-01-07 20:30:00,21.25,77.73,0.0,23.03,Seedling,Synthetic replay stream - NOT physical live sensor data
2025-01-07 21:00:00,21.38,73.98,0.0,22.84,Seedling,Synthetic replay stream - NOT physical live sensor data
2025-01-07 21:30:00,21.51,73.63,0.0,22.76,Seedling,Synthetic replay stream - NOT physical live sensor data
2025-01-07 22:00:00,21.63,70.73,0.0,22.68,Seedling,Synthetic replay stream - NOT physical live sensor data
2025-01-07 22:30:00,21.73,76.88,0.0,22.68,Seedling,Synthetic replay stream - NOT physical live sensor data
2025-01-07 23:00:00,21.81,75.09,0.0,22.57,Seedling,Synthetic replay stream - NOT physical live sensor data
2025-01-07 23:30:00,21.86,73.73,0.0,22.51,Seedling,Synthetic replay stream - NOT physical live sensor data
2025-01-08 00:00:00,22.21,82.3,0.0,22.44,Seedling,Synthetic replay stream - NOT physical live sensor data
2025-01-08 00:30:00,22.19,80.06,0.0,22.39,Seedling,Synthetic replay stream - NOT physical live sensor data
2025-01-08 01:00:00,22.14,81.4,0.0,22.38,Seedling,Synthetic replay stream - NOT physical live sensor data
2025-01-08 01:30:00,22.06,84.34,0.0,22.33,Seedling,Synthetic replay stream - NOT physical live sensor data
2025-01-08 02:00:00,21.96,82.77,0.0,22.36,Seedling,Synthetic replay stream - NOT physical live sensor data
2025-01-08 02:30:00,21.84,84.26,0.0,22.37,Seedling,Synthetic replay stream - NOT physical live sensor data
2025-01-08 03:00:00,21.71,82.8,0.0,22.37,Seedling,Synthetic replay stream - NOT physical live sensor data
2025-01-08 03:30:00,21.58,81.75,0.0,22.35,Seedling,Synthetic replay stream - NOT physical live sensor data
2025-01-08 04:00:00,21.46,87.07,0.0,22.32,Seedling,Synthetic replay stream - NOT physical live sensor data
2025-01-08 04:30:00,21.35,80.47,0.0,22.35,Seedling,Synthetic replay stream - NOT physical live sensor data
2025-01-08 05:00:00,21.27,85.42,0.0,22.32,Seedling,Synthetic replay stream - NOT physical live sensor data
2025-01-08 05:30:00,21.22,85.64,0.0,22.33,Seedling,Synthetic replay stream - NOT physical live sensor data
2025-01-08 06:00:00,21.21,81.05,0.0,22.26,Seedling,Synthetic replay stream - NOT physical live sensor data
2025-01-08 06:30:00,22.34,83.36,6597.0,22.24,Seedling,Synthetic replay stream - NOT physical live sensor data
2025-01-08 07:00:00,22.97,80.56,12844.0,22.28,Seedling,Synthetic replay stream - NOT physical live sensor data
2025-01-08 07:30:00,23.58,77.28,18271.0,22.36,Seedling,Synthetic replay stream - NOT physical live sensor data
2025-01-08 08:00:00,24.15,78.44,24656.0,22.36,Seedling,Synthetic replay stream - NOT physical live sensor data
2025-01-08 08:30:00,24.68,74.87,31848.0,22.43,Seedling,Synthetic replay stream - NOT physical live sensor data
2025-01-08 09:00:00,25.16,79.22,41097.0,22.52,Seedling,Synthetic replay stream - NOT physical live sensor data
2025-01-08 09:30:00,25.58,76.37,36170.0,22.65,Seedling,Synthetic replay stream - NOT physical live sensor data
2025-01-08 10:00:00,25.94,76.25,42775.0,22.76,Seedling,Synthetic replay stream - NOT physical live sensor data
2025-01-08 10:30:00,26.22,73.1,48871.0,22.96,Seedling,Synthetic replay stream - NOT physical live sensor data
2025-01-08 11:00:00,26.43,75.09,48349.0,23.13,Seedling,Synthetic replay stream - NOT physical live sensor data
2025-01-08 11:30:00,26.55,71.28,48017.0,23.28,Seedling,Synthetic replay stream - NOT physical live sensor data
2025-01-08 12:00:00,26.59,74.87,46394.0,23.44,Seedling,Synthetic replay stream - NOT physical live sensor data
2025-01-08 12:30:00,26.55,70.57,47376.0,23.62,Seedling,Synthetic replay stream - NOT physical live sensor data
2025-01-08 13:00:00,26.43,71.21,46399.0,23.79,Seedling,Synthetic replay stream - NOT physical live sensor data
2025-01-08 13:30:00,26.22,77.14,35674.0,23.96,Seedling,Synthetic replay stream - NOT physical live sensor data
2025-01-08 14:00:00,25.94,76.79,43753.0,24.08,Seedling,Synthetic replay stream - NOT physical live sensor data
2025-01-08 14:30:00,25.58,74.84,45055.0,24.15,Seedling,Synthetic replay stream - NOT physical live sensor data
2025-01-08 15:00:00,25.16,77.34,35056.0,24.23,Seedling,Synthetic replay stream - NOT physical live sensor data
2025-01-08 15:30:00,24.68,77.42,30512.0,24.16,Seedling,Synthetic replay stream - NOT physical live sensor data
2025-01-08 16:00:00,24.15,76.68,26688.0,24.19,Seedling,Synthetic replay stream - NOT physical live sensor data
2025-01-08 16:30:00,23.58,78.09,22973.0,24.13,Seedling,Synthetic replay stream - NOT physical live sensor data
2025-01-08 17:00:00,22.97,79.79,12613.0,24.12,Seedling,Synthetic replay stream - NOT physical live sensor data
2025-01-08 17:30:00,22.34,83.72,6633.0,23.99,Seedling,Synthetic replay stream - NOT physical live sensor data
2025-01-08 18:00:00,21.21,85.05,0.0,23.81,Seedling,Synthetic replay stream - NOT physical live sensor data
2025-01-08 18:30:00,21.22,82.62,0.0,23.59,Seedling,Synthetic replay stream - NOT physical live sensor data
2025-01-08 19:00:00,21.27,83.11,0.0,23.43,Seedling,Synthetic replay stream - NOT physical live sensor data
2025-01-08 19:30:00,21.35,83.55,0.0,23.34,Seedling,Synthetic replay stream - NOT physical live sensor data
2025-01-08 20:00:00,21.46,82.54,0.0,23.23,Seedling,Synthetic replay stream - NOT physical live sensor data
2025-01-08 20:30:00,21.58,83.35,0.0,23.04,Seedling,Synthetic replay stream - NOT physical live sensor data
2025-01-08 21:00:00,21.71,83.27,0.0,22.95,Seedling,Synthetic replay stream - NOT physical live sensor data
2025-01-08 21:30:00,21.84,82.43,0.0,22.84,Seedling,Synthetic replay stream - NOT physical live sensor data
2025-01-08 22:00:00,21.96,85.25,0.0,22.73,Seedling,Synthetic replay stream - NOT physical live sensor data
2025-01-08 22:30:00,22.06,86.09,0.0,22.69,Seedling,Synthetic replay stream - NOT physical live sensor data
2025-01-08 23:00:00,22.14,83.77,0.0,22.64,Seedling,Synthetic replay stream - NOT physical live sensor data
2025-01-08 23:30:00,22.19,81.55,0.0,22.56,Seedling,Synthetic replay stream - NOT physical live sensor data
2025-01-09 00:00:00,21.45,75.29,0.0,22.56,Seedling,Synthetic replay stream - NOT physical live sensor data
2025-01-09 00:30:00,21.43,76.44,0.0,22.51,Seedling,Synthetic replay stream - NOT physical live sensor data
2025-01-09 01:00:00,21.38,72.84,0.0,22.44,Seedling,Synthetic replay stream - NOT physical live sensor data
2025-01-09 01:30:00,21.3,75.17,0.0,22.41,Seedling,Synthetic replay stream - NOT physical live sensor data
2025-01-09 02:00:00,21.2,82.25,0.0,22.35,Seedling,Synthetic replay stream - NOT physical live sensor data
2025-01-09 02:30:00,21.08,71.91,0.0,22.3,Seedling,Synthetic replay stream - NOT physical live sensor data
2025-01-09 03:00:00,20.95,73.85,0.0,22.23,Seedling,Synthetic replay stream - NOT physical live sensor data
2025-01-09 03:30:00,20.82,73.23,0.0,22.14,Seedling,Synthetic replay stream - NOT physical live sensor data
2025-01-09 04:00:00,20.7,72.34,0.0,22.11,Seedling,Synthetic replay stream - NOT physical live sensor data
2025-01-09 04:30:00,20.6,74.29,0.0,22.07,Seedling,Synthetic replay stream - NOT physical live sensor data
2025-01-09 05:00:00,20.52,73.66,0.0,21.95,Seedling,Synthetic replay stream - NOT physical live sensor data
2025-01-09 05:30:00,20.47,75.79,0.0,21.85,Seedling,Synthetic replay stream - NOT physical live sensor data
2025-01-09 06:00:00,20.45,73.82,0.0,21.82,Seedling,Synthetic replay stream - NOT physical live sensor data
2025-01-09 06:30:00,21.87,73.86,4061.0,21.88,Seedling,Synthetic replay stream - NOT physical live sensor data
2025-01-09 07:00:00,22.78,73.68,8070.0,21.96,Seedling,Synthetic replay stream - NOT physical live sensor data
2025-01-09 07:30:00,23.65,66.47,11514.0,22.12,Seedling,Synthetic replay stream - NOT physical live sensor data
2025-01-09 08:00:00,24.48,69.14,17362.0,22.26,Seedling,Synthetic replay stream - NOT physical live sensor data
2025-01-09 08:30:00,25.25,70.21,18961.0,22.43,Seedling,Synthetic replay stream - NOT physical live sensor data
2025-01-09 09:00:00,25.95,67.22,24173.0,22.62,Seedling,Synthetic replay stream - NOT physical live sensor data
2025-01-09 09:30:00,26.55,64.83,26268.0,22.82,Seedling,Synthetic replay stream - NOT physical live sensor data
2025-01-09 10:00:00,27.07,67.7,26924.0,23.04,Seedling,Synthetic replay stream - NOT physical live sensor data
2025-01-09 10:30:00,27.48,59.03,30339.0,23.19,Seedling,Synthetic replay stream - NOT physical live sensor data
2025-01-09 11:00:00,27.77,65.31,27805.0,23.37,Seedling,Synthetic replay stream - NOT physical live sensor data
2025-01-09 11:30:00,27.95,60.98,28036.0,23.6,Seedling,Synthetic replay stream - NOT physical live sensor data
2025-01-09 12:00:00,28.02,62.83,31424.0,23.77,Seedling,Synthetic replay stream - NOT physical live sensor data
2025-01-09 12:30:00,27.95,53.49,33141.0,23.97,Seedling,Synthetic replay stream - NOT physical live sensor data
2025-01-09 13:00:00,27.77,40.63,36078.0,24.13,Seedling,Synthetic replay stream - NOT physical live sensor data
2025-01-09 13:30:00,27.48,44.45,27558.0,24.32,Seedling,Synthetic replay stream - NOT physical live sensor data
2025-01-09 14:00:00,27.07,57.09,26914.0,24.41,Seedling,Synthetic replay stream - NOT physical live sensor data
2025-01-09 14:30:00,26.55,66.82,25424.0,24.58,Seedling,Synthetic replay stream - NOT physical live sensor data
2025-01-09 15:00:00,25.95,67.07,23710.0,24.58,Seedling,Synthetic replay stream - NOT physical live sensor data
2025-01-09 15:30:00,25.25,65.04,17858.0,24.56,Seedling,Synthetic replay stream - NOT physical live sensor data
2025-01-09 16:00:00,24.48,63.16,15330.0,24.52,Seedling,Synthetic replay stream - NOT physical live sensor data
2025-01-09 16:30:00,23.65,71.84,13479.0,24.41,Seedling,Synthetic replay stream - NOT physical live sensor data
2025-01-09 17:00:00,22.78,71.4,7694.0,24.25,Seedling,Synthetic replay stream - NOT physical live sensor data
2025-01-09 17:30:00,21.87,77.78,3982.0,24.11,Seedling,Synthetic replay stream - NOT physical live sensor data
2025-01-09 18:00:00,20.45,73.71,0.0,23.83,Seedling,Synthetic replay stream - NOT physical live sensor data
2025-01-09 18:30:00,20.47,73.57,0.0,23.66,Seedling,Synthetic replay stream - NOT physical live sensor data
2025-01-09 19:00:00,20.52,73.18,0.0,23.54,Seedling,Synthetic replay stream - NOT physical live sensor data
2025-01-09 19:30:00,20.6,75.54,0.0,23.3,Seedling,Synthetic replay stream - NOT physical live sensor data
2025-01-09 20:00:00,20.7,74.48,0.0,23.2,Seedling,Synthetic replay stream - NOT physical live sensor data
2025-01-09 20:30:00,20.82,71.84,0.0,23.09,Seedling,Synthetic replay stream - NOT physical live sensor data
2025-01-09 21:00:00,20.95,74.51,0.0,22.85,Seedling,Synthetic replay stream - NOT physical live sensor data
2025-01-09 21:30:00,21.08,74.58,0.0,22.71,Seedling,Synthetic replay stream - NOT physical live sensor data
2025-01-09 22:00:00,21.2,73.39,0.0,22.71,Seedling,Synthetic replay stream - NOT physical live sensor data
2025-01-09 22:30:00,21.3,75.7,0.0,22.56,Seedling,Synthetic replay stream - NOT physical live sensor data
2025-01-09 23:00:00,21.38,72.02,0.0,22.52,Seedling,Synthetic replay stream - NOT physical live sensor data
2025-01-09 23:30:00,21.43,75.56,0.0,22.41,Seedling,Synthetic replay stream - NOT physical live sensor data
2025-01-10 00:00:00,19.72,84.53,0.0,22.25,Seedling,Synthetic replay stream - NOT physical live sensor data
2025-01-10 00:30:00,19.71,84.47,0.0,22.24,Seedling,Synthetic replay stream - NOT physical live sensor data
2025-01-10 01:00:00,19.66,83.74,0.0,22.11,Seedling,Synthetic replay stream - NOT physical live sensor data
2025-01-10 01:30:00,19.58,83.49,0.0,21.94,Seedling,Synthetic replay stream - NOT physical live sensor data
2025-01-10 02:00:00,19.47,84.72,0.0,21.86,Seedling,Synthetic replay stream - NOT physical live sensor data
2025-01-10 02:30:00,19.35,86.32,0.0,21.75,Seedling,Synthetic replay stream - NOT physical live sensor data
2025-01-10 03:00:00,19.22,83.2,0.0,21.69,Seedling,Synthetic replay stream - NOT physical live sensor data
2025-01-10 03:30:00,19.09,84.48,0.0,21.58,Seedling,Synthetic replay stream - NOT physical live sensor data
2025-01-10 04:00:00,18.97,83.41,0.0,21.47,Seedling,Synthetic replay stream - NOT physical live sensor data
2025-01-10 04:30:00,18.87,82.25,0.0,21.42,Seedling,Synthetic replay stream - NOT physical live sensor data
2025-01-10 05:00:00,18.79,84.07,0.0,21.38,Seedling,Synthetic replay stream - NOT physical live sensor data
2025-01-10 05:30:00,18.74,85.19,0.0,21.39,Seedling,Synthetic replay stream - NOT physical live sensor data
2025-01-10 06:00:00,18.72,82.6,0.0,21.39,Seedling,Synthetic replay stream - NOT physical live sensor data
2025-01-10 06:30:00,20.34,84.4,4209.0,21.45,Seedling,Synthetic replay stream - NOT physical live sensor data
2025-01-10 07:00:00,21.43,84.98,6380.0,21.56,Seedling,Synthetic replay stream - NOT physical live sensor data
2025-01-10 07:30:00,22.49,80.26,9943.0,21.68,Seedling,Synthetic replay stream - NOT physical live sensor data
2025-01-10 08:00:00,23.49,83.67,13497.0,21.77,Seedling,Synthetic replay stream - NOT physical live sensor data
2025-01-10 08:30:00,24.41,78.04,14848.0,21.92,Seedling,Synthetic replay stream - NOT physical live sensor data
2025-01-10 09:00:00,25.25,74.87,18698.0,22.1,Seedling,Synthetic replay stream - NOT physical live sensor data
2025-01-10 09:30:00,25.99,75.53,19399.0,22.34,Seedling,Synthetic replay stream - NOT physical live sensor data
2025-01-10 10:00:00,26.61,73.1,24199.0,22.6,Seedling,Synthetic replay stream - NOT physical live sensor data
2025-01-10 10:30:00,27.1,74.63,24603.0,22.85,Seedling,Synthetic replay stream - NOT physical live sensor data
2025-01-10 11:00:00,27.46,71.48,26933.0,23.11,Seedling,Synthetic replay stream - NOT physical live sensor data
2025-01-10 11:30:00,27.68,71.0,26151.0,23.34,Seedling,Synthetic replay stream - NOT physical live sensor data
2025-01-10 12:00:00,27.75,72.33,25987.0,23.59,Seedling,Synthetic replay stream - NOT physical live sensor data
2025-01-10 12:30:00,27.68,71.87,28894.0,23.83,Seedling,Synthetic replay stream - NOT physical live sensor data
2025-01-10 13:00:00,27.46,70.32,28156.0,23.93,Seedling,Synthetic replay stream - NOT physical live sensor data
2025-01-10 13:30:00,27.1,74.74,23445.0,24.1,Seedling,Synthetic replay stream - NOT physical live sensor data
2025-01-10 14:00:00,26.61,76.87,27362.0,24.21,Seedling,Synthetic replay stream - NOT physical live sensor data
2025-01-10 14:30:00,25.99,75.17,22070.0,24.32,Seedling,Synthetic replay stream - NOT physical live sensor data
2025-01-10 15:00:00,25.25,77.34,19984.0,24.35,Seedling,Synthetic replay stream - NOT physical live sensor data
2025-01-10 15:30:00,24.41,79.18,18540.0,24.38,Seedling,Synthetic replay stream - NOT physical live sensor data
2025-01-10 16:00:00,23.49,80.08,12146.0,24.33,Seedling,Synthetic replay stream - NOT physical live sensor data
2025-01-10 16:30:00,22.49,78.64,10072.0,24.34,Seedling,Synthetic replay stream - NOT physical live sensor data
2025-01-10 17:00:00,21.43,83.45,7856.0,24.1,Seedling,Synthetic replay stream - NOT physical live sensor data
2025-01-10 17:30:00,20.34,85.92,3600.0,23.97,Seedling,Synthetic replay stream - NOT physical live sensor data
2025-01-10 18:00:00,18.72,88.65,0.0,23.75,Seedling,Synthetic replay stream - NOT physical live sensor data
2025-01-10 18:30:00,18.74,84.87,0.0,23.5,Seedling,Synthetic replay stream - NOT physical live sensor data
2025-01-10 19:00:00,18.79,82.52,0.0,23.26,Seedling,Synthetic replay stream - NOT physical live sensor data
2025-01-10 19:30:00,18.87,81.72,0.0,23.05,Seedling,Synthetic replay stream - NOT physical live sensor data
2025-01-10 20:00:00,18.97,81.37,0.0,22.84,Seedling,Synthetic replay stream - NOT physical live sensor data
2025-01-10 20:30:00,19.09,81.64,0.0,22.7,Seedling,Synthetic replay stream - NOT physical live sensor data
2025-01-10 21:00:00,19.22,83.94,0.0,22.47,Seedling,Synthetic replay stream - NOT physical live sensor data
2025-01-10 21:30:00,19.35,83.36,0.0,22.31,Seedling,Synthetic replay stream - NOT physical live sensor data
2025-01-10 22:00:00,19.47,82.8,0.0,22.16,Seedling,Synthetic replay stream - NOT physical live sensor data
2025-01-10 22:30:00,19.58,84.84,0.0,22.02,Seedling,Synthetic replay stream - NOT physical live sensor data
2025-01-10 23:00:00,19.66,83.45,0.0,21.88,Seedling,Synthetic replay stream - NOT physical live sensor data
2025-01-10 23:30:00,19.71,80.71,0.0,21.71,Seedling,Synthetic replay stream - NOT physical live sensor data
2025-01-11 00:00:00,20.9,74.08,0.0,21.78,Seedling,Synthetic replay stream - NOT physical live sensor data
2025-01-11 00:30:00,20.88,75.71,0.0,21.78,Seedling,Synthetic replay stream - NOT physical live sensor data
2025-01-11 01:00:00,20.83,75.95,0.0,21.77,Seedling,Synthetic replay stream - NOT physical live sensor data
2025-01-11 01:30:00,20.75,73.98,0.0,21.79,Seedling,Synthetic replay stream - NOT physical live sensor data
2025-01-11 02:00:00,20.65,75.28,0.0,21.78,Seedling,Synthetic replay stream - NOT physical live sensor data
2025-01-11 02:30:00,20.53,72.48,0.0,21.82,Seedling,Synthetic replay stream - NOT physical live sensor data
2025-01-11 03:00:00,20.4,77.47,0.0,21.77,Seedling,Synthetic replay stream - NOT physical live sensor data
2025-01-11 03:30:00,20.27,78.68,0.0,21.74,Seedling,Synthetic replay stream - NOT physical live sensor data
2025-01-11 04:00:00,20.15,71.7,0.0,21.7,Seedling,Synthetic replay stream - NOT physical live sensor data
2025-01-11 04:30:00,20.05,74.86,0.0,21.68,Seedling,Synthetic replay stream - NOT physical live sensor data
2025-01-11 05:00:00,19.97,74.72,0.0,21.64,Seedling,Synthetic replay stream - NOT physical live sensor data
2025-01-11 05:30:00,19.92,76.42,0.0,21.65,Seedling,Synthetic replay stream - NOT physical live sensor data
2025-01-11 06:00:00,19.9,77.25,0.0,21.64,Seedling,Synthetic replay stream - NOT physical live sensor data
2025-01-11 06:30:00,21.32,76.29,7326.0,21.63,Seedling,Synthetic replay stream - NOT physical live sensor data
2025-01-11 07:00:00,22.22,72.42,14417.0,21.63,Seedling,Synthetic replay stream - NOT physical live sensor data
2025-01-11 07:30:00,23.1,75.64,19879.0,21.75,Seedling,Synthetic replay stream - NOT physical live sensor data
2025-01-11 08:00:00,23.93,68.79,26873.0,21.92,Seedling,Synthetic replay stream - NOT physical live sensor data
2025-01-11 08:30:00,24.69,70.86,33844.0,22.1,Seedling,Synthetic replay stream - NOT physical live sensor data
2025-01-11 09:00:00,25.39,68.23,38428.0,22.27,Seedling,Synthetic replay stream - NOT physical live sensor data
2025-01-11 09:30:00,25.99,67.68,38850.0,22.44,Seedling,Synthetic replay stream - NOT physical live sensor data
2025-01-11 10:00:00,26.51,68.27,51975.0,22.62,Seedling,Synthetic replay stream - NOT physical live sensor data
2025-01-11 10:30:00,26.91,63.98,56080.0,22.78,Seedling,Synthetic replay stream - NOT physical live sensor data
2025-01-11 11:00:00,27.21,67.09,46848.0,22.98,Seedling,Synthetic replay stream - NOT physical live sensor data
2025-01-11 11:30:00,27.39,66.21,57802.0,23.17,Seedling,Synthetic replay stream - NOT physical live sensor data
2025-01-11 12:00:00,27.45,69.53,50174.0,23.42,Seedling,Synthetic replay stream - NOT physical live sensor data
2025-01-11 12:30:00,27.39,60.84,51136.0,23.6,Seedling,Synthetic replay stream - NOT physical live sensor data
2025-01-11 13:00:00,27.21,65.41,52192.0,23.77,Seedling,Synthetic replay stream - NOT physical live sensor data
2025-01-11 13:30:00,26.91,65.32,48582.0,23.99,Seedling,Synthetic replay stream - NOT physical live sensor data
2025-01-11 14:00:00,26.51,64.52,40757.0,24.17,Seedling,Synthetic replay stream - NOT physical live sensor data
2025-01-11 14:30:00,25.99,69.27,42591.0,24.21,Seedling,Synthetic replay stream - NOT physical live sensor data
2025-01-11 15:00:00,25.39,68.48,39523.0,24.21,Seedling,Synthetic replay stream - NOT physical live sensor data
2025-01-11 15:30:00,24.69,68.62,33619.0,24.16,Seedling,Synthetic replay stream - NOT physical live sensor data
2025-01-11 16:00:00,23.93,70.16,26707.0,24.17,Seedling,Synthetic replay stream - NOT physical live sensor data
2025-01-11 16:30:00,23.1,74.02,18448.0,24.15,Seedling,Synthetic replay stream - NOT physical live sensor data
2025-01-11 17:00:00,22.22,75.1,14761.0,24.03,Seedling,Synthetic replay stream - NOT physical live sensor data
2025-01-11 17:30:00,21.32,77.25,6244.0,23.84,Seedling,Synthetic replay stream - NOT physical live sensor data
2025-01-11 18:00:00,19.9,76.68,0.0,23.72,Seedling,Synthetic replay stream - NOT physical live sensor data
2025-01-11 18:30:00,19.92,72.14,0.0,23.47,Seedling,Synthetic replay stream - NOT physical live sensor data
2025-01-11 19:00:00,19.97,77.43,0.0,23.29,Seedling,Synthetic replay stream - NOT physical live sensor data
2025-01-11 19:30:00,20.05,76.59,0.0,23.13,Seedling,Synthetic replay stream - NOT physical live sensor data
2025-01-11 20:00:00,20.15,75.36,0.0,22.99,Seedling,Synthetic replay stream - NOT physical live sensor data
2025-01-11 20:30:00,20.27,77.9,0.0,22.84,Seedling,Synthetic replay stream - NOT physical live sensor data
2025-01-11 21:00:00,20.4,77.1,0.0,22.69,Seedling,Synthetic replay stream - NOT physical live sensor data
2025-01-11 21:30:00,20.53,71.25,0.0,22.58,Seedling,Synthetic replay stream - NOT physical live sensor data
2025-01-11 22:00:00,20.65,71.97,0.0,22.48,Seedling,Synthetic replay stream - NOT physical live sensor data
2025-01-11 22:30:00,20.75,74.22,0.0,22.32,Seedling,Synthetic replay stream - NOT physical live sensor data
2025-01-11 23:00:00,20.83,75.97,0.0,22.23,Seedling,Synthetic replay stream - NOT physical live sensor data
2025-01-11 23:30:00,20.88,74.29,0.0,22.1,Seedling,Synthetic replay stream - NOT physical live sensor data
2025-01-12 00:00:00,21.78,78.63,0.0,22.03,Seedling,Synthetic replay stream - NOT physical live sensor data
2025-01-12 00:30:00,21.76,79.82,0.0,22.02,Seedling,Synthetic replay stream - NOT physical live sensor data
2025-01-12 01:00:00,21.71,74.31,0.0,22.05,Seedling,Synthetic replay stream - NOT physical live sensor data
2025-01-12 01:30:00,21.63,76.15,0.0,22.06,Seedling,Synthetic replay stream - NOT physical live sensor data
2025-01-12 02:00:00,21.53,78.46,0.0,21.98,Seedling,Synthetic replay stream - NOT physical live sensor data
2025-01-12 02:30:00,21.41,76.99,0.0,22.04,Seedling,Synthetic replay stream - NOT physical live sensor data
2025-01-12 03:00:00,21.28,77.01,0.0,22.04,Seedling,Synthetic replay stream - NOT physical live sensor data
2025-01-12 03:30:00,21.15,76.96,0.0,22.01,Seedling,Synthetic replay stream - NOT physical live sensor data
2025-01-12 04:00:00,21.03,76.59,0.0,21.94,Seedling,Synthetic replay stream - NOT physical live sensor data
2025-01-12 04:30:00,20.93,78.61,0.0,21.91,Seedling,Synthetic replay stream - NOT physical live sensor data
2025-01-12 05:00:00,20.85,77.97,0.0,21.86,Seedling,Synthetic replay stream - NOT physical live sensor data
2025-01-12 05:30:00,20.8,79.42,0.0,21.83,Seedling,Synthetic replay stream - NOT physical live sensor data
2025-01-12 06:00:00,20.78,77.75,0.0,21.86,Seedling,Synthetic replay stream - NOT physical live sensor data
2025-01-12 06:30:00,21.99,79.59,4290.0,21.9,Seedling,Synthetic replay stream - NOT physical live sensor data
2025-01-12 07:00:00,22.69,73.64,8963.0,21.95,Seedling,Synthetic replay stream - NOT physical live sensor data
2025-01-12 07:30:00,23.36,74.09,12390.0,22.04,Seedling,Synthetic replay stream - NOT physical live sensor data
2025-01-12 08:00:00,24.0,70.47,16742.0,22.11,Seedling,Synthetic replay stream - NOT physical live sensor data
2025-01-12 08:30:00,24.59,71.18,18587.0,22.24,Seedling,Synthetic replay stream - NOT physical live sensor data
2025-01-12 09:00:00,25.13,68.76,19169.0,22.32,Seedling,Synthetic replay stream - NOT physical live sensor data
2025-01-12 09:30:00,25.6,68.87,26046.0,22.51,Seedling,Synthetic replay stream - NOT physical live sensor data
2025-01-12 10:00:00,26.0,71.4,27943.0,22.68,Seedling,Synthetic replay stream - NOT physical live sensor data
2025-01-12 10:30:00,26.31,67.78,28734.0,22.83,Seedling,Synthetic replay stream - NOT physical live sensor data
2025-01-12 11:00:00,26.54,66.85,32871.0,23.06,Seedling,Synthetic replay stream - NOT physical live sensor data
2025-01-12 11:30:00,26.68,70.44,30901.0,23.24,Seedling,Synthetic replay stream - NOT physical live sensor data
2025-01-12 12:00:00,26.73,67.83,30516.0,23.38,Seedling,Synthetic replay stream - NOT physical live sensor data
2025-01-12 12:30:00,26.68,66.74,28823.0,23.56,Seedling,Synthetic replay stream - NOT physical live sensor data
2025-01-12 13:00:00,26.54,68.8,26837.0,23.78,Seedling,Synthetic replay stream - NOT physical live sensor data
2025-01-12 13:30:00,26.31,68.61,16790.0,23.86,Seedling,Synthetic replay stream - NOT physical live sensor data
2025-01-12 14:00:00,26.0,71.57,11881.0,24.07,Seedling,Synthetic replay stream - NOT physical live sensor data
2025-01-12 14:30:00,25.6,71.53,14687.0,24.15,Seedling,Synthetic replay stream - NOT physical live sensor data
2025-01-12 15:00:00,25.13,69.74,17102.0,24.22,Seedling,Synthetic replay stream - NOT physical live sensor data
2025-01-12 15:30:00,24.59,70.6,16966.0,24.23,Seedling,Synthetic replay stream - NOT physical live sensor data
2025-01-12 16:00:00,24.0,73.1,16523.0,24.18,Seedling,Synthetic replay stream - NOT physical live sensor data
2025-01-12 16:30:00,23.36,74.44,13640.0,24.13,Seedling,Synthetic replay stream - NOT physical live sensor data
2025-01-12 17:00:00,22.69,75.66,7602.0,24.03,Seedling,Synthetic replay stream - NOT physical live sensor data
2025-01-12 17:30:00,21.99,75.96,4531.0,23.97,Seedling,Synthetic replay stream - NOT physical live sensor data
2025-01-12 18:00:00,20.78,79.83,0.0,23.87,Seedling,Synthetic replay stream - NOT physical live sensor data
2025-01-12 18:30:00,20.8,78.48,0.0,23.7,Seedling,Synthetic replay stream - NOT physical live sensor data
2025-01-12 19:00:00,20.85,76.12,0.0,23.6,Seedling,Synthetic replay stream - NOT physical live sensor data
2025-01-12 19:30:00,20.93,72.44,0.0,23.48,Seedling,Synthetic replay stream - NOT physical live sensor data
2025-01-12 20:00:00,21.03,81.52,0.0,23.36,Seedling,Synthetic replay stream - NOT physical live sensor data
2025-01-12 20:30:00,21.15,75.16,0.0,23.26,Seedling,Synthetic replay stream - NOT physical live sensor data
2025-01-12 21:00:00,21.28,76.22,0.0,23.13,Seedling,Synthetic replay stream - NOT physical live sensor data
2025-01-12 21:30:00,21.41,73.5,0.0,22.98,Seedling,Synthetic replay stream - NOT physical live sensor data
2025-01-12 22:00:00,21.53,73.31,0.0,22.78,Seedling,Synthetic replay stream - NOT physical live sensor data
2025-01-12 22:30:00,21.63,76.06,0.0,22.72,Seedling,Synthetic replay stream - NOT physical live sensor data
2025-01-12 23:00:00,21.71,75.7,0.0,22.62,Seedling,Synthetic replay stream - NOT physical live sensor data
2025-01-12 23:30:00,21.76,73.17,0.0,22.56,Seedling,Synthetic replay stream - NOT physical live sensor data
2025-01-13 00:00:00,21.14,77.05,0.0,22.46,Seedling,Synthetic replay stream - NOT physical live sensor data
2025-01-13 00:30:00,21.12,82.0,0.0,22.45,Seedling,Synthetic replay stream - NOT physical live sensor data
2025-01-13 01:00:00,21.07,81.26,0.0,22.39,Seedling,Synthetic replay stream - NOT physical live sensor data
2025-01-13 01:30:00,20.99,78.72,0.0,22.39,Seedling,Synthetic replay stream - NOT physical live sensor data
2025-01-13 02:00:00,20.89,78.29,0.0,22.27,Seedling,Synthetic replay stream - NOT physical live sensor data
2025-01-13 02:30:00,20.77,80.63,0.0,22.13,Seedling,Synthetic replay stream - NOT physical live sensor data
2025-01-13 03:00:00,20.64,82.86,0.0,22.1,Seedling,Synthetic replay stream - NOT physical live sensor data
2025-01-13 03:30:00,20.51,79.6,0.0,22.03,Seedling,Synthetic replay stream - NOT physical live sensor data
2025-01-13 04:00:00,20.39,78.43,0.0,22.03,Seedling,Synthetic replay stream - NOT physical live sensor data
2025-01-13 04:30:00,20.29,77.37,0.0,21.98,Seedling,Synthetic replay stream - NOT physical live sensor data
2025-01-13 05:00:00,20.21,81.59,0.0,21.91,Seedling,Synthetic replay stream - NOT physical live sensor data
2025-01-13 05:30:00,20.16,79.76,0.0,21.82,Seedling,Synthetic replay stream - NOT physical live sensor data
2025-01-13 06:00:00,20.14,80.42,0.0,21.78,Seedling,Synthetic replay stream - NOT physical live sensor data
2025-01-13 06:30:00,21.68,77.02,4220.0,21.86,Seedling,Synthetic replay stream - NOT physical live sensor data
2025-01-13 07:00:00,22.71,80.79,6643.0,21.99,Seedling,Synthetic replay stream - NOT physical live sensor data
2025-01-13 07:30:00,23.7,77.91,11158.0,22.12,Seedling,Synthetic replay stream - NOT physical live sensor data
2025-01-13 08:00:00,24.64,73.54,15655.0,22.27,Seedling,Synthetic replay stream - NOT physical live sensor data
2025-01-13 08:30:00,25.51,70.61,19857.0,22.37,Seedling,Synthetic replay stream - NOT physical live sensor data
2025-01-13 09:00:00,26.3,71.0,19370.0,22.52,Seedling,Synthetic replay stream - NOT physical live sensor data
2025-01-13 09:30:00,26.99,67.19,23191.0,22.69,Seedling,Synthetic replay stream - NOT physical live sensor data
2025-01-13 10:00:00,27.57,68.25,25359.0,22.94,Seedling,Synthetic replay stream - NOT physical live sensor data
2025-01-13 10:30:00,28.03,69.88,27302.0,23.15,Seedling,Synthetic replay stream - NOT physical live sensor data
2025-01-13 11:00:00,28.37,70.38,26361.0,23.45,Seedling,Synthetic replay stream - NOT physical live sensor data
2025-01-13 11:30:00,28.57,68.46,35631.0,23.72,Seedling,Synthetic replay stream - NOT physical live sensor data
2025-01-13 12:00:00,28.64,62.9,34528.0,23.96,Seedling,Synthetic replay stream - NOT physical live sensor data
2025-01-13 12:30:00,28.57,67.93,28736.0,24.15,Seedling,Synthetic replay stream - NOT physical live sensor data
2025-01-13 13:00:00,28.37,69.3,27572.0,24.35,Seedling,Synthetic replay stream - NOT physical live sensor data
2025-01-13 13:30:00,28.03,69.72,26548.0,24.57,Seedling,Synthetic replay stream - NOT physical live sensor data
2025-01-13 14:00:00,27.57,68.17,30561.0,24.62,Seedling,Synthetic replay stream - NOT physical live sensor data
2025-01-13 14:30:00,26.99,70.29,23528.0,24.69,Seedling,Synthetic replay stream - NOT physical live sensor data
2025-01-13 15:00:00,26.3,74.96,21077.0,24.73,Seedling,Synthetic replay stream - NOT physical live sensor data
2025-01-13 15:30:00,25.51,71.35,19531.0,24.72,Seedling,Synthetic replay stream - NOT physical live sensor data
2025-01-13 16:00:00,24.64,74.28,14697.0,24.68,Seedling,Synthetic replay stream - NOT physical live sensor data
2025-01-13 16:30:00,23.7,77.31,11375.0,24.59,Seedling,Synthetic replay stream - NOT physical live sensor data
2025-01-13 17:00:00,22.71,79.4,8609.0,24.47,Seedling,Synthetic replay stream - NOT physical live sensor data
2025-01-13 17:30:00,21.68,76.39,4063.0,24.21,Seedling,Synthetic replay stream - NOT physical live sensor data
2025-01-13 18:00:00,20.14,80.64,0.0,23.97,Seedling,Synthetic replay stream - NOT physical live sensor data
2025-01-13 18:30:00,20.16,80.63,0.0,23.76,Seedling,Synthetic replay stream - NOT physical live sensor data
2025-01-13 19:00:00,20.21,82.19,0.0,23.55,Seedling,Synthetic replay stream - NOT physical live sensor data
2025-01-13 19:30:00,20.29,78.35,0.0,23.37,Seedling,Synthetic replay stream - NOT physical live sensor data
2025-01-13 20:00:00,20.39,83.47,0.0,23.19,Seedling,Synthetic replay stream - NOT physical live sensor data
2025-01-13 20:30:00,20.51,81.84,0.0,23.0,Seedling,Synthetic replay stream - NOT physical live sensor data
2025-01-13 21:00:00,20.64,84.62,0.0,22.82,Seedling,Synthetic replay stream - NOT physical live sensor data
2025-01-13 21:30:00,20.77,79.55,0.0,22.67,Seedling,Synthetic replay stream - NOT physical live sensor data
2025-01-13 22:00:00,20.89,82.9,0.0,22.6,Seedling,Synthetic replay stream - NOT physical live sensor data
2025-01-13 22:30:00,20.99,79.9,0.0,22.51,Seedling,Synthetic replay stream - NOT physical live sensor data
2025-01-13 23:00:00,21.07,80.33,0.0,22.4,Seedling,Synthetic replay stream - NOT physical live sensor data
2025-01-13 23:30:00,21.12,81.47,0.0,22.37,Seedling,Synthetic replay stream - NOT physical live sensor data
2025-01-14 00:00:00,20.17,76.62,0.0,22.34,Seedling,Synthetic replay stream - NOT physical live sensor data
2025-01-14 00:30:00,20.15,75.53,0.0,22.32,Seedling,Synthetic replay stream - NOT physical live sensor data
2025-01-14 01:00:00,20.1,74.65,0.0,22.14,Seedling,Synthetic replay stream - NOT physical live sensor data
2025-01-14 01:30:00,20.02,75.7,0.0,22.06,Seedling,Synthetic replay stream - NOT physical live sensor data
2025-01-14 02:00:00,19.92,75.37,0.0,21.94,Seedling,Synthetic replay stream - NOT physical live sensor data
2025-01-14 02:30:00,19.8,74.07,0.0,21.96,Seedling,Synthetic replay stream - NOT physical live sensor data
2025-01-14 03:00:00,19.67,76.17,0.0,21.81,Seedling,Synthetic replay stream - NOT physical live sensor data
2025-01-14 03:30:00,19.54,75.23,0.0,21.71,Seedling,Synthetic replay stream - NOT physical live sensor data
2025-01-14 04:00:00,19.42,75.95,0.0,21.66,Seedling,Synthetic replay stream - NOT physical live sensor data
2025-01-14 04:30:00,19.31,78.12,0.0,21.64,Seedling,Synthetic replay stream - NOT physical live sensor data
2025-01-14 05:00:00,19.23,76.47,0.0,21.61,Seedling,Synthetic replay stream - NOT physical live sensor data
2025-01-14 05:30:00,19.18,71.74,0.0,21.51,Seedling,Synthetic replay stream - NOT physical live sensor data
2025-01-14 06:00:00,19.17,76.77,0.0,21.51,Seedling,Synthetic replay stream - NOT physical live sensor data
2025-01-14 06:30:00,20.91,71.58,4310.0,21.6,Seedling,Synthetic replay stream - NOT physical live sensor data
2025-01-14 07:00:00,22.13,75.2,9021.0,21.69,Seedling,Synthetic replay stream - NOT physical live sensor data
2025-01-14 07:30:00,23.3,73.34,11823.0,21.81,Seedling,Synthetic replay stream - NOT physical live sensor data
2025-01-14 08:00:00,24.42,74.89,14451.0,21.93,Seedling,Synthetic replay stream - NOT physical live sensor data
2025-01-14 08:30:00,25.45,68.55,20276.0,22.12,Seedling,Synthetic replay stream - NOT physical live sensor data
2025-01-14 09:00:00,26.39,68.77,23231.0,22.35,Seedling,Synthetic replay stream - NOT physical live sensor data
2025-01-14 09:30:00,27.21,63.2,27882.0,22.56,Seedling,Synthetic replay stream - NOT physical live sensor data
2025-01-14 10:00:00,27.9,60.97,27628.0,22.8,Seedling,Synthetic replay stream - NOT physical live sensor data
2025-01-14 10:30:00,28.45,64.76,31184.0,23.02,Seedling,Synthetic replay stream - NOT physical live sensor data
2025-01-14 11:00:00,28.85,63.9,31174.0,23.34,Seedling,Synthetic replay stream - NOT physical live sensor data
2025-01-14 11:30:00,29.09,61.87,33664.0,23.65,Seedling,Synthetic replay stream - NOT physical live sensor data
2025-01-14 12:00:00,29.17,59.53,27592.0,23.93,Seedling,Synthetic replay stream - NOT physical live sensor data
2025-01-14 12:30:00,29.09,62.78,32692.0,24.15,Seedling,Synthetic replay stream - NOT physical live sensor data
2025-01-14 13:00:00,28.85,60.68,32551.0,24.33,Seedling,Synthetic replay stream - NOT physical live sensor data
2025-01-14 13:30:00,28.46,63.4,34038.0,24.49,Seedling,Synthetic replay stream - NOT physical live sensor data
2025-01-14 14:00:00,28.33,62.82,31837.0,24.62,Seedling,Synthetic replay stream - NOT physical live sensor data
2025-01-14 14:30:00,28.07,70.53,41379.0,24.7,Seedling,Synthetic replay stream - NOT physical live sensor data
2025-01-14 15:00:00,27.5,67.37,39912.0,24.73,Seedling,Synthetic replay stream - NOT physical live sensor data
2025-01-14 15:30:00,26.14,68.38,33147.0,24.74,Seedling,Synthetic replay stream - NOT physical live sensor data
2025-01-14 16:00:00,24.68,68.82,20720.0,24.69,Seedling,Synthetic replay stream - NOT physical live sensor data
2025-01-14 16:30:00,23.3,72.75,12857.0,24.54,Seedling,Synthetic replay stream - NOT physical live sensor data
2025-01-14 17:00:00,22.13,75.37,8305.0,24.46,Seedling,Synthetic replay stream - NOT physical live sensor data
2025-01-14 17:30:00,20.91,76.02,3902.0,24.23,Seedling,Synthetic replay stream - NOT physical live sensor data
2025-01-14 18:00:00,19.17,77.16,0.0,23.89,Seedling,Synthetic replay stream - NOT physical live sensor data
2025-01-14 18:30:00,19.18,76.68,0.0,23.68,Seedling,Synthetic replay stream - NOT physical live sensor data
2025-01-14 19:00:00,19.23,77.75,0.0,23.41,Seedling,Synthetic replay stream - NOT physical live sensor data
2025-01-14 19:30:00,19.31,78.49,0.0,23.18,Seedling,Synthetic replay stream - NOT physical live sensor data
2025-01-14 20:00:00,19.42,75.4,0.0,22.99,Seedling,Synthetic replay stream - NOT physical live sensor data
2025-01-14 20:30:00,19.54,74.6,0.0,22.75,Seedling,Synthetic replay stream - NOT physical live sensor data
2025-01-14 21:00:00,19.67,73.86,0.0,22.61,Seedling,Synthetic replay stream - NOT physical live sensor data
2025-01-14 21:30:00,19.8,77.39,0.0,22.42,Seedling,Synthetic replay stream - NOT physical live sensor data
2025-01-14 22:00:00,19.92,74.49,0.0,22.26,Seedling,Synthetic replay stream - NOT physical live sensor data
2025-01-14 22:30:00,20.02,76.01,0.0,22.11,Seedling,Synthetic replay stream - NOT physical live sensor data
2025-01-14 23:00:00,20.1,77.11,0.0,22.02,Seedling,Synthetic replay stream - NOT physical live sensor data
2025-01-14 23:30:00,20.15,74.2,0.0,21.95,Seedling,Synthetic replay stream - NOT physical live sensor data
2025-01-15 00:00:00,20.22,82.8,0.0,21.83,Vegetative,Synthetic replay stream - NOT physical live sensor data
2025-01-15 00:30:00,20.21,81.32,0.0,21.83,Vegetative,Synthetic replay stream - NOT physical live sensor data
2025-01-15 01:00:00,20.16,84.25,0.0,21.8,Vegetative,Synthetic replay stream - NOT physical live sensor data
2025-01-15 01:30:00,20.08,83.64,0.0,21.8,Vegetative,Synthetic replay stream - NOT physical live sensor data
2025-01-15 02:00:00,19.97,79.29,0.0,21.82,Vegetative,Synthetic replay stream - NOT physical live sensor data
2025-01-15 02:30:00,19.85,80.15,0.0,21.69,Vegetative,Synthetic replay stream - NOT physical live sensor data
2025-01-15 03:00:00,19.72,87.31,0.0,21.58,Vegetative,Synthetic replay stream - NOT physical live sensor data
2025-01-15 03:30:00,19.59,82.03,0.0,21.6,Vegetative,Synthetic replay stream - NOT physical live sensor data
2025-01-15 04:00:00,19.47,84.92,0.0,21.58,Vegetative,Synthetic replay stream - NOT physical live sensor data
2025-01-15 04:30:00,19.37,86.27,0.0,21.56,Vegetative,Synthetic replay stream - NOT physical live sensor data
2025-01-15 05:00:00,19.29,85.42,0.0,21.5,Vegetative,Synthetic replay stream - NOT physical live sensor data
2025-01-15 05:30:00,19.24,83.69,0.0,21.41,Vegetative,Synthetic replay stream - NOT physical live sensor data
2025-01-15 06:00:00,19.22,83.4,0.0,21.31,Vegetative,Synthetic replay stream - NOT physical live sensor data
2025-01-15 06:30:00,20.95,81.73,3245.0,21.36,Vegetative,Synthetic replay stream - NOT physical live sensor data
2025-01-15 07:00:00,22.15,79.51,6361.0,21.49,Vegetative,Synthetic replay stream - NOT physical live sensor data
2025-01-15 07:30:00,23.31,79.31,9876.0,21.64,Vegetative,Synthetic replay stream - NOT physical live sensor data
2025-01-15 08:00:00,24.41,77.56,13026.0,21.78,Vegetative,Synthetic replay stream - NOT physical live sensor data
2025-01-15 08:30:00,25.43,77.87,14972.0,21.99,Vegetative,Synthetic replay stream - NOT physical live sensor data
2025-01-15 09:00:00,26.35,73.36,18981.0,22.3,Vegetative,Synthetic replay stream - NOT physical live sensor data
2025-01-15 09:30:00,27.15,75.4,21092.0,22.5,Vegetative,Synthetic replay stream - NOT physical live sensor data
2025-01-15 10:00:00,27.84,73.96,19761.0,22.78,Vegetative,Synthetic replay stream - NOT physical live sensor data
2025-01-15 10:30:00,28.38,70.03,24952.0,23.03,Vegetative,Synthetic replay stream - NOT physical live sensor data
2025-01-15 11:00:00,28.77,68.58,23901.0,23.37,Vegetative,Synthetic replay stream - NOT physical live sensor data
2025-01-15 11:30:00,29.01,69.29,26881.0,23.7,Vegetative,Synthetic replay stream - NOT physical live sensor data
2025-01-15 12:00:00,29.09,70.35,27673.0,23.97,Vegetative,Synthetic replay stream - NOT physical live sensor data
2025-01-15 12:30:00,29.01,66.79,25920.0,24.15,Vegetative,Synthetic replay stream - NOT physical live sensor data
2025-01-15 13:00:00,28.77,72.42,26451.0,24.35,Vegetative,Synthetic replay stream - NOT physical live sensor data
2025-01-15 13:30:00,28.38,72.71,23454.0,24.53,Vegetative,Synthetic replay stream - NOT physical live sensor data
2025-01-15 14:00:00,29.1,70.39,22796.0,24.99,Vegetative,Synthetic replay stream - NOT physical live sensor data
2025-01-15 14:30:00,31.16,72.45,21449.0,25.7,Vegetative,Synthetic replay stream - NOT physical live sensor data
2025-01-15 15:00:00,31.37,68.33,17893.0,26.21,Vegetative,Synthetic replay stream - NOT physical live sensor data
2025-01-15 15:30:00,28.7,72.95,14935.0,25.57,Vegetative,Synthetic replay stream - NOT physical live sensor data
2025-01-15 16:00:00,25.24,78.29,12126.0,24.91,Vegetative,Synthetic replay stream - NOT physical live sensor data
2025-01-15 16:30:00,23.31,80.23,11087.0,24.56,Vegetative,Synthetic replay stream - NOT physical live sensor data
2025-01-15 17:00:00,22.15,80.58,7357.0,24.4,Vegetative,Synthetic replay stream - NOT physical live sensor data
2025-01-15 17:30:00,20.95,82.76,3295.0,24.15,Vegetative,Synthetic replay stream - NOT physical live sensor data
2025-01-15 18:00:00,19.22,83.29,0.0,23.89,Vegetative,Synthetic replay stream - NOT physical live sensor data
2025-01-15 18:30:00,19.24,83.68,0.0,23.61,Vegetative,Synthetic replay stream - NOT physical live sensor data
2025-01-15 19:00:00,19.29,82.18,0.0,23.36,Vegetative,Synthetic replay stream - NOT physical live sensor data
2025-01-15 19:30:00,19.37,84.88,0.0,23.16,Vegetative,Synthetic replay stream - NOT physical live sensor data
2025-01-15 20:00:00,19.47,84.61,0.0,22.93,Vegetative,Synthetic replay stream - NOT physical live sensor data
2025-01-15 20:30:00,19.59,83.92,0.0,22.68,Vegetative,Synthetic replay stream - NOT physical live sensor data
2025-01-15 21:00:00,19.72,80.91,0.0,22.52,Vegetative,Synthetic replay stream - NOT physical live sensor data
2025-01-15 21:30:00,19.85,79.0,0.0,22.37,Vegetative,Synthetic replay stream - NOT physical live sensor data
2025-01-15 22:00:00,19.97,82.74,0.0,22.27,Vegetative,Synthetic replay stream - NOT physical live sensor data
2025-01-15 22:30:00,20.08,79.47,0.0,22.16,Vegetative,Synthetic replay stream - NOT physical live sensor data
2025-01-15 23:00:00,20.16,85.53,0.0,22.13,Vegetative,Synthetic replay stream - NOT physical live sensor data
2025-01-15 23:30:00,20.21,82.93,0.0,22.1,Vegetative,Synthetic replay stream - NOT physical live sensor data
2025-01-16 00:00:00,21.92,75.8,0.0,22.06,Vegetative,Synthetic replay stream - NOT physical live sensor data
2025-01-16 00:30:00,21.9,75.06,0.0,22.07,Vegetative,Synthetic replay stream - NOT physical live sensor data
2025-01-16 01:00:00,21.85,78.59,0.0,21.98,Vegetative,Synthetic replay stream - NOT physical live sensor data
2025-01-16 01:30:00,21.77,77.93,0.0,22.0,Vegetative,Synthetic replay stream - NOT physical live sensor data
2025-01-16 02:00:00,21.67,75.44,0.0,21.99,Vegetative,Synthetic replay stream - NOT physical live sensor data
2025-01-16 02:30:00,21.55,78.33,0.0,22.06,Vegetative,Synthetic replay stream - NOT physical live sensor data
2025-01-16 03:00:00,21.42,75.86,0.0,22.05,Vegetative,Synthetic replay stream - NOT physical live sensor data
2025-01-16 03:30:00,21.29,74.92,0.0,21.99,Vegetative,Synthetic replay stream - NOT physical live sensor data
2025-01-16 04:00:00,21.17,78.19,0.0,21.97,Vegetative,Synthetic replay stream - NOT physical live sensor data
2025-01-16 04:30:00,21.06,77.98,0.0,21.98,Vegetative,Synthetic replay stream - NOT physical live sensor data
2025-01-16 05:00:00,20.99,73.43,0.0,21.95,Vegetative,Synthetic replay stream - NOT physical live sensor data
2025-01-16 05:30:00,20.94,74.13,0.0,21.84,Vegetative,Synthetic replay stream - NOT physical live sensor data
2025-01-16 06:00:00,20.92,75.79,0.0,21.81,Vegetative,Synthetic replay stream - NOT physical live sensor data
2025-01-16 06:30:00,22.4,75.22,4701.0,21.86,Vegetative,Synthetic replay stream - NOT physical live sensor data
2025-01-16 07:00:00,23.36,71.52,10687.0,21.96,Vegetative,Synthetic replay stream - NOT physical live sensor data
2025-01-16 07:30:00,24.29,69.05,13899.0,22.09,Vegetative,Synthetic replay stream - NOT physical live sensor data
2025-01-16 08:00:00,25.17,69.28,17764.0,22.25,Vegetative,Synthetic replay stream - NOT physical live sensor data
2025-01-16 08:30:00,25.98,69.75,19564.0,22.43,Vegetative,Synthetic replay stream - NOT physical live sensor data
2025-01-16 09:00:00,26.72,69.56,25214.0,22.66,Vegetative,Synthetic replay stream - NOT physical live sensor data
2025-01-16 09:30:00,27.37,69.45,25208.0,22.79,Vegetative,Synthetic replay stream - NOT physical live sensor data
2025-01-16 10:00:00,27.91,66.55,33296.0,23.02,Vegetative,Synthetic replay stream - NOT physical live sensor data
2025-01-16 10:30:00,28.34,67.89,27772.0,23.27,Vegetative,Synthetic replay stream - NOT physical live sensor data
2025-01-16 11:00:00,28.66,65.49,36256.0,23.54,Vegetative,Synthetic replay stream - NOT physical live sensor data
2025-01-16 11:30:00,28.85,68.52,35925.0,23.73,Vegetative,Synthetic replay stream - NOT physical live sensor data
2025-01-16 12:00:00,28.92,65.66,41157.0,24.04,Vegetative,Synthetic replay stream - NOT physical live sensor data
2025-01-16 12:30:00,28.85,64.35,32035.0,24.25,Vegetative,Synthetic replay stream - NOT physical live sensor data
2025-01-16 13:00:00,28.66,64.82,33238.0,24.38,Vegetative,Synthetic replay stream - NOT physical live sensor data
2025-01-16 13:30:00,28.34,65.9,25751.0,24.57,Vegetative,Synthetic replay stream - NOT physical live sensor data
2025-01-16 14:00:00,27.91,65.15,9370.0,24.63,Vegetative,Synthetic replay stream - NOT physical live sensor data
2025-01-16 14:30:00,27.37,68.67,21202.0,24.74,Vegetative,Synthetic replay stream - NOT physical live sensor data
2025-01-16 15:00:00,26.72,67.3,23288.0,24.74,Vegetative,Synthetic replay stream - NOT physical live sensor data
2025-01-16 15:30:00,25.98,70.22,21491.0,24.69,Vegetative,Synthetic replay stream - NOT physical live sensor data
2025-01-16 16:00:00,25.17,69.33,17153.0,24.65,Vegetative,Synthetic replay stream - NOT physical live sensor data
2025-01-16 16:30:00,24.29,70.76,12294.0,24.54,Vegetative,Synthetic replay stream - NOT physical live sensor data
2025-01-16 17:00:00,23.36,73.32,8761.0,24.48,Vegetative,Synthetic replay stream - NOT physical live sensor data
2025-01-16 17:30:00,22.4,73.52,4555.0,24.32,Vegetative,Synthetic replay stream - NOT physical live sensor data
2025-01-16 18:00:00,20.92,76.81,0.0,24.11,Vegetative,Synthetic replay stream - NOT physical live sensor data
2025-01-16 18:30:00,20.94,74.57,0.0,23.92,Vegetative,Synthetic replay stream - NOT physical live sensor data
2025-01-16 19:00:00,20.99,75.58,0.0,23.7,Vegetative,Synthetic replay stream - NOT physical live sensor data
2025-01-16 19:30:00,21.06,75.73,0.0,23.57,Vegetative,Synthetic replay stream - NOT physical live sensor data
2025-01-16 20:00:00,21.17,74.77,0.0,23.38,Vegetative,Synthetic replay stream - NOT physical live sensor data
2025-01-16 20:30:00,21.29,79.47,0.0,23.25,Vegetative,Synthetic replay stream - NOT physical live sensor data
2025-01-16 21:00:00,21.42,74.68,0.0,23.12,Vegetative,Synthetic replay stream - NOT physical live sensor data
2025-01-16 21:30:00,21.55,78.12,0.0,22.96,Vegetative,Synthetic replay stream - NOT physical live sensor data
2025-01-16 22:00:00,21.67,77.66,0.0,22.9,Vegetative,Synthetic replay stream - NOT physical live sensor data
2025-01-16 22:30:00,21.77,76.94,0.0,22.8,Vegetative,Synthetic replay stream - NOT physical live sensor data
2025-01-16 23:00:00,21.85,77.8,0.0,22.69,Vegetative,Synthetic replay stream - NOT physical live sensor data
2025-01-16 23:30:00,21.9,79.44,0.0,22.65,Vegetative,Synthetic replay stream - NOT physical live sensor data
2025-01-17 00:00:00,20.65,72.04,0.0,22.56,Vegetative,Synthetic replay stream - NOT physical live sensor data
2025-01-17 00:30:00,20.63,75.11,0.0,22.42,Vegetative,Synthetic replay stream - NOT physical live sensor data
2025-01-17 01:00:00,20.58,74.52,0.0,22.36,Vegetative,Synthetic replay stream - NOT physical live sensor data
2025-01-17 01:30:00,20.5,76.24,0.0,22.26,Vegetative,Synthetic replay stream - NOT physical live sensor data
2025-01-17 02:00:00,20.4,72.63,0.0,22.16,Vegetative,Synthetic replay stream - NOT physical live sensor data
2025-01-17 02:30:00,20.28,74.75,0.0,22.03,Vegetative,Synthetic replay stream - NOT physical live sensor data
2025-01-17 03:00:00,20.15,74.8,0.0,21.98,Vegetative,Synthetic replay stream - NOT physical live sensor data
2025-01-17 03:30:00,20.02,74.46,0.0,21.9,Vegetative,Synthetic replay stream - NOT physical live sensor data
2025-01-17 04:00:00,19.9,72.58,0.0,21.82,Vegetative,Synthetic replay stream - NOT physical live sensor data
2025-01-17 04:30:00,19.79,72.62,0.0,21.76,Vegetative,Synthetic replay stream - NOT physical live sensor data
2025-01-17 05:00:00,19.71,74.87,0.0,21.66,Vegetative,Synthetic replay stream - NOT physical live sensor data
2025-01-17 05:30:00,19.66,76.0,0.0,21.64,Vegetative,Synthetic replay stream - NOT physical live sensor data
2025-01-17 06:00:00,19.65,74.73,0.0,21.6,Vegetative,Synthetic replay stream - NOT physical live sensor data
2025-01-17 06:30:00,21.3,74.34,6177.0,21.66,Vegetative,Synthetic replay stream - NOT physical live sensor data
2025-01-17 07:00:00,22.44,74.33,9484.0,21.74,Vegetative,Synthetic replay stream - NOT physical live sensor data
2025-01-17 07:30:00,23.53,72.93,16832.0,21.89,Vegetative,Synthetic replay stream - NOT physical live sensor data
2025-01-17 08:00:00,24.57,70.19,22141.0,22.12,Vegetative,Synthetic replay stream - NOT physical live sensor data
2025-01-17 08:30:00,25.53,70.37,26619.0,22.32,Vegetative,Synthetic replay stream - NOT physical live sensor data
2025-01-17 09:00:00,26.4,67.7,23293.0,22.41,Vegetative,Synthetic replay stream - NOT physical live sensor data
2025-01-17 09:30:00,27.16,65.63,30630.0,22.63,Vegetative,Synthetic replay stream - NOT physical live sensor data
2025-01-17 10:00:00,27.81,64.33,43748.0,22.86,Vegetative,Synthetic replay stream - NOT physical live sensor data
2025-01-17 10:30:00,28.32,61.73,40433.0,23.12,Vegetative,Synthetic replay stream - NOT physical live sensor data
2025-01-17 11:00:00,28.69,61.41,43032.0,23.38,Vegetative,Synthetic replay stream - NOT physical live sensor data
2025-01-17 11:30:00,28.92,63.99,38687.0,23.66,Vegetative,Synthetic replay stream - NOT physical live sensor data
2025-01-17 12:00:00,28.99,60.94,43609.0,23.91,Vegetative,Synthetic replay stream - NOT physical live sensor data
2025-01-17 12:30:00,28.92,61.81,50871.0,24.18,Vegetative,Synthetic replay stream - NOT physical live sensor data
2025-01-17 13:00:00,28.69,66.76,50750.0,24.38,Vegetative,Synthetic replay stream - NOT physical live sensor data
2025-01-17 13:30:00,28.32,66.13,46643.0,24.54,Vegetative,Synthetic replay stream - NOT physical live sensor data
2025-01-17 14:00:00,27.81,65.45,40974.0,24.69,Vegetative,Synthetic replay stream - NOT physical live sensor data
2025-01-17 14:30:00,27.16,65.26,35327.0,24.79,Vegetative,Synthetic replay stream - NOT physical live sensor data
2025-01-17 15:00:00,26.4,65.94,32377.0,24.83,Vegetative,Synthetic replay stream - NOT physical live sensor data
2025-01-17 15:30:00,25.53,67.82,27822.0,24.82,Vegetative,Synthetic replay stream - NOT physical live sensor data
2025-01-17 16:00:00,24.57,70.77,21110.0,24.76,Vegetative,Synthetic replay stream - NOT physical live sensor data
2025-01-17 16:30:00,23.53,69.85,16476.0,24.64,Vegetative,Synthetic replay stream - NOT physical live sensor data
2025-01-17 17:00:00,22.44,74.83,12230.0,24.46,Vegetative,Synthetic replay stream - NOT physical live sensor data
2025-01-17 17:30:00,21.3,74.82,5777.0,24.2,Vegetative,Synthetic replay stream - NOT physical live sensor data
2025-01-17 18:00:00,19.65,73.3,0.0,24.01,Vegetative,Synthetic replay stream - NOT physical live sensor data
2025-01-17 18:30:00,19.66,75.15,0.0,23.84,Vegetative,Synthetic replay stream - NOT physical live sensor data
2025-01-17 19:00:00,19.71,73.14,0.0,23.63,Vegetative,Synthetic replay stream - NOT physical live sensor data
2025-01-17 19:30:00,19.79,74.51,0.0,23.38,Vegetative,Synthetic replay stream - NOT physical live sensor data
2025-01-17 20:00:00,19.9,74.83,0.0,23.15,Vegetative,Synthetic replay stream - NOT physical live sensor data
2025-01-17 20:30:00,20.02,75.35,0.0,23.06,Vegetative,Synthetic replay stream - NOT physical live sensor data
2025-01-17 21:00:00,20.15,75.72,0.0,22.85,Vegetative,Synthetic replay stream - NOT physical live sensor data
2025-01-17 21:30:00,20.28,76.65,0.0,22.71,Vegetative,Synthetic replay stream - NOT physical live sensor data
2025-01-17 22:00:00,20.4,77.06,0.0,22.55,Vegetative,Synthetic replay stream - NOT physical live sensor data
2025-01-17 22:30:00,20.5,74.94,0.0,22.42,Vegetative,Synthetic replay stream - NOT physical live sensor data
2025-01-17 23:00:00,20.58,77.07,0.0,22.34,Vegetative,Synthetic replay stream - NOT physical live sensor data
2025-01-17 23:30:00,20.63,75.11,0.0,22.25,Vegetative,Synthetic replay stream - NOT physical live sensor data
2025-01-18 00:00:00,21.13,82.69,0.0,22.19,Vegetative,Synthetic replay stream - NOT physical live sensor data
2025-01-18 00:30:00,21.12,82.43,0.0,22.13,Vegetative,Synthetic replay stream - NOT physical live sensor data
2025-01-18 01:00:00,21.07,84.48,0.0,22.14,Vegetative,Synthetic replay stream - NOT physical live sensor data
2025-01-18 01:30:00,20.99,81.44,0.0,22.08,Vegetative,Synthetic replay stream - NOT physical live sensor data
2025-01-18 02:00:00,20.88,84.61,0.0,22.04,Vegetative,Synthetic replay stream - NOT physical live sensor data
2025-01-18 02:30:00,20.76,81.66,0.0,22.03,Vegetative,Synthetic replay stream - NOT physical live sensor data
2025-01-18 03:00:00,20.63,81.9,0.0,21.97,Vegetative,Synthetic replay stream - NOT physical live sensor data
2025-01-18 03:30:00,20.5,82.14,0.0,21.91,Vegetative,Synthetic replay stream - NOT physical live sensor data
2025-01-18 04:00:00,20.38,84.1,0.0,21.9,Vegetative,Synthetic replay stream - NOT physical live sensor data
2025-01-18 04:30:00,20.28,82.84,0.0,21.83,Vegetative,Synthetic replay stream - NOT physical live sensor data
2025-01-18 05:00:00,20.2,82.9,0.0,21.8,Vegetative,Synthetic replay stream - NOT physical live sensor data
2025-01-18 05:30:00,20.15,83.22,0.0,21.76,Vegetative,Synthetic replay stream - NOT physical live sensor data
2025-01-18 06:00:00,20.13,81.17,0.0,21.62,Vegetative,Synthetic replay stream - NOT physical live sensor data
2025-01-18 06:30:00,21.44,83.01,4294.0,21.66,Vegetative,Synthetic replay stream - NOT physical live sensor data
2025-01-18 07:00:00,22.23,85.2,7949.0,21.73,Vegetative,Synthetic replay stream - NOT physical live sensor data
2025-01-18 07:30:00,23.0,86.5,14023.0,21.8,Vegetative,Synthetic replay stream - NOT physical live sensor data
2025-01-18 08:00:00,23.72,96.0,16442.0,21.91,Vegetative,Synthetic replay stream - NOT physical live sensor data
2025-01-18 08:30:00,24.4,81.75,22669.0,22.1,Vegetative,Synthetic replay stream - NOT physical live sensor data
2025-01-18 09:00:00,25.0,80.37,21027.0,22.28,Vegetative,Synthetic replay stream - NOT physical live sensor data
2025-01-18 09:30:00,25.54,73.89,30338.0,22.46,Vegetative,Synthetic replay stream - NOT physical live sensor data
2025-01-18 10:00:00,25.98,73.98,30715.0,22.61,Vegetative,Synthetic replay stream - NOT physical live sensor data
2025-01-18 10:30:00,26.34,75.82,36980.0,22.81,Vegetative,Synthetic replay stream - NOT physical live sensor data
2025-01-18 11:00:00,26.6,75.21,36280.0,23.03,Vegetative,Synthetic replay stream - NOT physical live sensor data
2025-01-18 11:30:00,26.76,69.34,30970.0,23.19,Vegetative,Synthetic replay stream - NOT physical live sensor data
2025-01-18 12:00:00,26.81,69.13,37483.0,23.39,Vegetative,Synthetic replay stream - NOT physical live sensor data
2025-01-18 12:30:00,26.76,72.91,35384.0,23.62,Vegetative,Synthetic replay stream - NOT physical live sensor data
2025-01-18 13:00:00,26.6,75.22,30982.0,23.75,Vegetative,Synthetic replay stream - NOT physical live sensor data
2025-01-18 13:30:00,26.34,71.43,28799.0,23.89,Vegetative,Synthetic replay stream - NOT physical live sensor data
2025-01-18 14:00:00,25.98,74.48,31473.0,24.07,Vegetative,Synthetic replay stream - NOT physical live sensor data
2025-01-18 14:30:00,25.54,74.29,28816.0,24.18,Vegetative,Synthetic replay stream - NOT physical live sensor data
2025-01-18 15:00:00,25.0,72.43,25792.0,24.29,Vegetative,Synthetic replay stream - NOT physical live sensor data
2025-01-18 15:30:00,24.4,78.75,19230.0,24.29,Vegetative,Synthetic replay stream - NOT physical live sensor data
2025-01-18 16:00:00,23.72,79.16,16883.0,24.31,Vegetative,Synthetic replay stream - NOT physical live sensor data
2025-01-18 16:30:00,23.0,79.52,12181.0,24.2,Vegetative,Synthetic replay stream - NOT physical live sensor data
2025-01-18 17:00:00,22.23,85.52,7960.0,24.12,Vegetative,Synthetic replay stream - NOT physical live sensor data
2025-01-18 17:30:00,21.44,83.91,3954.0,24.03,Vegetative,Synthetic replay stream - NOT physical live sensor data
2025-01-18 18:00:00,20.13,82.49,0.0,23.83,Vegetative,Synthetic replay stream - NOT physical live sensor data
2025-01-18 18:30:00,20.15,79.38,0.0,23.57,Vegetative,Synthetic replay stream - NOT physical live sensor data
2025-01-18 19:00:00,20.2,83.74,0.0,23.46,Vegetative,Synthetic replay stream - NOT physical live sensor data
2025-01-18 19:30:00,20.28,84.46,0.0,23.24,Vegetative,Synthetic replay stream - NOT physical live sensor data
2025-01-18 20:00:00,20.38,85.13,0.0,23.07,Vegetative,Synthetic replay stream - NOT physical live sensor data
2025-01-18 20:30:00,20.5,85.82,0.0,22.87,Vegetative,Synthetic replay stream - NOT physical live sensor data
2025-01-18 21:00:00,20.63,84.53,0.0,22.74,Vegetative,Synthetic replay stream - NOT physical live sensor data
2025-01-18 21:30:00,20.76,82.38,0.0,22.61,Vegetative,Synthetic replay stream - NOT physical live sensor data
2025-01-18 22:00:00,20.88,85.62,0.0,22.52,Vegetative,Synthetic replay stream - NOT physical live sensor data
2025-01-18 22:30:00,20.99,81.05,0.0,22.49,Vegetative,Synthetic replay stream - NOT physical live sensor data
2025-01-18 23:00:00,21.07,79.96,0.0,22.33,Vegetative,Synthetic replay stream - NOT physical live sensor data
2025-01-18 23:30:00,21.12,81.93,0.0,22.21,Vegetative,Synthetic replay stream - NOT physical live sensor data
2025-01-19 00:00:00,19.84,79.24,0.0,22.22,Vegetative,Synthetic replay stream - NOT physical live sensor data
2025-01-19 00:30:00,19.82,85.3,0.0,22.11,Vegetative,Synthetic replay stream - NOT physical live sensor data
2025-01-19 01:00:00,19.77,81.95,0.0,22.0,Vegetative,Synthetic replay stream - NOT physical live sensor data
2025-01-19 01:30:00,19.69,85.89,0.0,21.88,Vegetative,Synthetic replay stream - NOT physical live sensor data
2025-01-19 02:00:00,19.59,83.37,0.0,21.81,Vegetative,Synthetic replay stream - NOT physical live sensor data
2025-01-19 02:30:00,19.46,78.75,0.0,21.74,Vegetative,Synthetic replay stream - NOT physical live sensor data
2025-01-19 03:00:00,19.34,84.26,0.0,21.68,Vegetative,Synthetic replay stream - NOT physical live sensor data
2025-01-19 03:30:00,19.21,81.32,0.0,21.58,Vegetative,Synthetic replay stream - NOT physical live sensor data
2025-01-19 04:00:00,19.09,83.21,0.0,21.47,Vegetative,Synthetic replay stream - NOT physical live sensor data
2025-01-19 04:30:00,18.98,84.35,0.0,21.47,Vegetative,Synthetic replay stream - NOT physical live sensor data
2025-01-19 05:00:00,18.9,82.39,0.0,21.46,Vegetative,Synthetic replay stream - NOT physical live sensor data
2025-01-19 05:30:00,18.85,83.26,0.0,21.37,Vegetative,Synthetic replay stream - NOT physical live sensor data
2025-01-19 06:00:00,18.84,81.28,0.0,21.31,Vegetative,Synthetic replay stream - NOT physical live sensor data
2025-01-19 06:30:00,20.37,78.63,3587.0,21.36,Vegetative,Synthetic replay stream - NOT physical live sensor data
2025-01-19 07:00:00,21.39,80.08,7346.0,21.36,Vegetative,Synthetic replay stream - NOT physical live sensor data
2025-01-19 07:30:00,22.38,80.61,9912.0,21.47,Vegetative,Synthetic replay stream - NOT physical live sensor data
2025-01-19 08:00:00,23.31,79.33,14826.0,21.6,Vegetative,Synthetic replay stream - NOT physical live sensor data
2025-01-19 08:30:00,24.17,74.59,18694.0,21.81,Vegetative,Synthetic replay stream - NOT physical live sensor data
2025-01-19 09:00:00,24.95,73.34,23739.0,22.03,Vegetative,Synthetic replay stream - NOT physical live sensor data
2025-01-19 09:30:00,25.64,76.96,23686.0,22.19,Vegetative,Synthetic replay stream - NOT physical live sensor data
2025-01-19 10:00:00,26.22,74.02,26231.0,22.49,Vegetative,Synthetic replay stream - NOT physical live sensor data
2025-01-19 10:30:00,29.03,64.14,35201.0,24.1,Vegetative,Synthetic replay stream - NOT physical live sensor data
2025-01-19 11:00:00,32.55,59.31,52145.0,25.74,Vegetative,Synthetic replay stream - NOT physical live sensor data
2025-01-19 11:30:00,33.65,57.4,52872.0,28.01,Vegetative,Synthetic replay stream - NOT physical live sensor data
2025-01-19 12:00:00,32.09,61.26,43183.0,27.13,Vegetative,Synthetic replay stream - NOT physical live sensor data
2025-01-19 12:30:00,29.96,66.26,37991.0,25.25,Vegetative,Synthetic replay stream - NOT physical live sensor data
2025-01-19 13:00:00,27.36,71.12,30967.0,24.11,Vegetative,Synthetic replay stream - NOT physical live sensor data
2025-01-19 13:30:00,26.68,76.27,24213.0,23.9,Vegetative,Synthetic replay stream - NOT physical live sensor data
2025-01-19 14:00:00,26.22,72.01,27155.0,24.05,Vegetative,Synthetic replay stream - NOT physical live sensor data
2025-01-19 14:30:00,25.64,78.08,25453.0,24.13,Vegetative,Synthetic replay stream - NOT physical live sensor data
2025-01-19 15:00:00,24.95,78.7,20909.0,24.17,Vegetative,Synthetic replay stream - NOT physical live sensor data
2025-01-19 15:30:00,24.17,76.48,18553.0,24.23,Vegetative,Synthetic replay stream - NOT physical live sensor data
2025-01-19 16:00:00,23.31,77.32,17871.0,24.19,Vegetative,Synthetic replay stream - NOT physical live sensor data
2025-01-19 16:30:00,22.38,80.78,12576.0,24.13,Vegetative,Synthetic replay stream - NOT physical live sensor data
2025-01-19 17:00:00,21.39,80.65,8062.0,24.02,Vegetative,Synthetic replay stream - NOT physical live sensor data
2025-01-19 17:30:00,20.37,80.08,3647.0,23.84,Vegetative,Synthetic replay stream - NOT physical live sensor data
2025-01-19 18:00:00,18.84,81.47,0.0,23.62,Vegetative,Synthetic replay stream - NOT physical live sensor data
2025-01-19 18:30:00,18.85,79.79,0.0,23.41,Vegetative,Synthetic replay stream - NOT physical live sensor data
2025-01-19 19:00:00,18.9,82.24,0.0,23.19,Vegetative,Synthetic replay stream - NOT physical live sensor data
2025-01-19 19:30:00,18.98,82.36,0.0,23.01,Vegetative,Synthetic replay stream - NOT physical live sensor data
2025-01-19 20:00:00,19.09,82.36,0.0,22.8,Vegetative,Synthetic replay stream - NOT physical live sensor data
2025-01-19 20:30:00,19.21,86.36,0.0,22.64,Vegetative,Synthetic replay stream - NOT physical live sensor data
2025-01-19 21:00:00,19.34,86.44,0.0,22.47,Vegetative,Synthetic replay stream - NOT physical live sensor data
2025-01-19 21:30:00,19.46,79.27,0.0,22.33,Vegetative,Synthetic replay stream - NOT physical live sensor data
2025-01-19 22:00:00,19.59,80.99,0.0,22.17,Vegetative,Synthetic replay stream - NOT physical live sensor data
2025-01-19 22:30:00,19.69,82.38,0.0,22.1,Vegetative,Synthetic replay stream - NOT physical live sensor data
2025-01-19 23:00:00,19.77,80.1,0.0,21.98,Vegetative,Synthetic replay stream - NOT physical live sensor data
2025-01-19 23:30:00,19.82,79.2,0.0,21.91,Vegetative,Synthetic replay stream - NOT physical live sensor data
2025-01-20 00:00:00,20.01,74.54,0.0,21.76,Vegetative,Synthetic replay stream - NOT physical live sensor data
2025-01-20 00:30:00,19.99,73.87,0.0,21.65,Vegetative,Synthetic replay stream - NOT physical live sensor data
2025-01-20 01:00:00,19.94,73.88,0.0,21.6,Vegetative,Synthetic replay stream - NOT physical live sensor data
2025-01-20 01:30:00,19.86,73.84,0.0,21.57,Vegetative,Synthetic replay stream - NOT physical live sensor data
2025-01-20 02:00:00,19.76,78.34,0.0,21.58,Vegetative,Synthetic replay stream - NOT physical live sensor data
2025-01-20 02:30:00,19.64,73.75,0.0,21.56,Vegetative,Synthetic replay stream - NOT physical live sensor data
2025-01-20 03:00:00,19.51,74.76,0.0,21.52,Vegetative,Synthetic replay stream - NOT physical live sensor data
2025-01-20 03:30:00,19.38,70.84,0.0,21.54,Vegetative,Synthetic replay stream - NOT physical live sensor data
2025-01-20 04:00:00,19.26,77.58,0.0,21.55,Vegetative,Synthetic replay stream - NOT physical live sensor data
2025-01-20 04:30:00,19.15,73.88,0.0,21.57,Vegetative,Synthetic replay stream - NOT physical live sensor data
2025-01-20 05:00:00,19.07,74.22,0.0,21.49,Vegetative,Synthetic replay stream - NOT physical live sensor data
2025-01-20 05:30:00,19.02,76.9,0.0,21.47,Vegetative,Synthetic replay stream - NOT physical live sensor data
2025-01-20 06:00:00,19.01,76.44,0.0,21.42,Vegetative,Synthetic replay stream - NOT physical live sensor data
2025-01-20 06:30:00,20.66,76.32,5161.0,21.38,Vegetative,Synthetic replay stream - NOT physical live sensor data
2025-01-20 07:00:00,21.8,72.75,9903.0,21.49,Vegetative,Synthetic replay stream - NOT physical live sensor data
2025-01-20 07:30:00,22.9,70.41,14769.0,21.59,Vegetative,Synthetic replay stream - NOT physical live sensor data
2025-01-20 08:00:00,23.93,71.05,20215.0,21.76,Vegetative,Synthetic replay stream - NOT physical live sensor data
2025-01-20 08:30:00,24.9,68.79,21649.0,21.92,Vegetative,Synthetic replay stream - NOT physical live sensor data
2025-01-20 09:00:00,25.77,66.89,27885.0,22.13,Vegetative,Synthetic replay stream - NOT physical live sensor data
2025-01-20 09:30:00,26.53,66.08,31477.0,22.34,Vegetative,Synthetic replay stream - NOT physical live sensor data
2025-01-20 10:00:00,27.17,62.06,36510.0,22.56,Vegetative,Synthetic replay stream - NOT physical live sensor data
2025-01-20 10:30:00,28.63,61.48,38479.0,23.61,Vegetative,Synthetic replay stream - NOT physical live sensor data
2025-01-20 11:00:00,30.36,57.11,43628.0,24.87,Vegetative,Synthetic replay stream - NOT physical live sensor data
2025-01-20 11:30:00,32.21,48.54,45665.0,26.63,Vegetative,Synthetic replay stream - NOT physical live sensor data
2025-01-20 12:00:00,34.57,42.14,44935.0,27.75,Vegetative,Synthetic replay stream - NOT physical live sensor data
2025-01-20 12:30:00,33.08,48.33,48949.0,28.07,Vegetative,Synthetic replay stream - NOT physical live sensor data
2025-01-20 13:00:00,30.96,54.16,41591.0,26.0,Vegetative,Synthetic replay stream - NOT physical live sensor data
2025-01-20 13:30:00,28.78,59.85,34658.0,25.15,Vegetative,Synthetic replay stream - NOT physical live sensor data
2025-01-20 14:00:00,27.17,65.42,31850.0,24.35,Vegetative,Synthetic replay stream - NOT physical live sensor data
2025-01-20 14:30:00,26.53,65.76,28453.0,24.47,Vegetative,Synthetic replay stream - NOT physical live sensor data
2025-01-20 15:00:00,25.77,65.93,26389.0,24.56,Vegetative,Synthetic replay stream - NOT physical live sensor data
2025-01-20 15:30:00,24.9,71.02,22452.0,24.57,Vegetative,Synthetic replay stream - NOT physical live sensor data
2025-01-20 16:00:00,23.93,67.94,21067.0,24.51,Vegetative,Synthetic replay stream - NOT physical live sensor data
2025-01-20 16:30:00,22.9,71.44,15682.0,24.44,Vegetative,Synthetic replay stream - NOT physical live sensor data
2025-01-20 17:00:00,21.8,72.83,10543.0,24.23,Vegetative,Synthetic replay stream - NOT physical live sensor data
2025-01-20 17:30:00,20.66,72.87,5491.0,23.98,Vegetative,Synthetic replay stream - NOT physical live sensor data
2025-01-20 18:00:00,19.01,71.94,0.0,23.64,Vegetative,Synthetic replay stream - NOT physical live sensor data
2025-01-20 18:30:00,19.02,74.34,0.0,23.46,Vegetative,Synthetic replay stream - NOT physical live sensor data
2025-01-20 19:00:00,19.07,73.02,0.0,23.3,Vegetative,Synthetic replay stream - NOT physical live sensor data
2025-01-20 19:30:00,19.15,76.12,0.0,23.1,Vegetative,Synthetic replay stream - NOT physical live sensor data
2025-01-20 20:00:00,19.26,75.46,0.0,22.89,Vegetative,Synthetic replay stream - NOT physical live sensor data
2025-01-20 20:30:00,19.38,75.22,0.0,22.81,Vegetative,Synthetic replay stream - NOT physical live sensor data
2025-01-20 21:00:00,19.51,76.62,0.0,22.63,Vegetative,Synthetic replay stream - NOT physical live sensor data
2025-01-20 21:30:00,19.64,73.31,0.0,22.51,Vegetative,Synthetic replay stream - NOT physical live sensor data
2025-01-20 22:00:00,19.76,78.79,0.0,22.32,Vegetative,Synthetic replay stream - NOT physical live sensor data
2025-01-20 22:30:00,19.86,75.62,0.0,22.24,Vegetative,Synthetic replay stream - NOT physical live sensor data
2025-01-20 23:00:00,19.94,73.1,0.0,22.14,Vegetative,Synthetic replay stream - NOT physical live sensor data
2025-01-20 23:30:00,19.99,75.89,0.0,22.06,Vegetative,Synthetic replay stream - NOT physical live sensor data
