timestamp,hour_decimal,growth_stage,air_temperature_c,relative_humidity_pct,light_intensity_lux,soil_temperature_c,stress_type_30m,risk_score_30m,risk_level_30m,stress_type_60m,risk_score_60m,risk_level_60m,split,label_origin
2025-01-01 00:00:00,0.0,Seedling,21.93,78.0,0.0,22.09,No Significant Environmental Stress,0.0,Low,No Significant Environmental Stress,0.0,Low,Train,Derived prototype label - NOT observed plant-stress ground truth
2025-01-01 00:30:00,0.5,Seedling,21.91,73.81,0.0,22.19,No Significant Environmental Stress,0.0,Low,No Significant Environmental Stress,0.0,Low,Train,Derived prototype label - NOT observed plant-stress ground truth
2025-01-01 01:00:00,1.0,Seedling,21.86,78.01,0.0,22.17,No Significant Environmental Stress,0.0,Low,No Significant Environmental Stress,0.0,Low,Train,Derived prototype label - NOT observed plant-stress ground truth
2025-01-01 01:30:00,1.5,Seedling,21.78,74.09,0.0,22.15,No Significant Environmental Stress,0.0,Low,No Significant Environmental Stress,0.0,Low,Train,Derived prototype label - NOT observed plant-stress ground truth
2025-01-01 02:00:00,2.0,Seedling,21.68,75.64,0.0,22.22,No Significant Environmental Stress,0.0,Low,No Significant Environmental Stress,0.0,Low,Train,Derived prototype label - NOT observed plant-stress ground truth
2025-01-01 02:30:00,2.5,Seedling,21.56,79.39,0.0,22.22,No Significant Environmental Stress,0.0,Low,No Significant Environmental Stress,0.0,Low,Train,Derived prototype label - NOT observed plant-stress ground truth
2025-01-01 03:00:00,3.0,Seedling,21.43,75.1,0.0,22.17,No Significant Environmental Stress,0.0,Low,No Significant Environmental Stress,0.0,Low,Train,Derived prototype label - NOT observed plant-stress ground truth
2025-01-01 03:30:00,3.5,Seedling,21.3,73.78,0.0,22.2,No Significant Environmental Stress,0.0,Low,No Significant Environmental Stress,0.0,Low,Train,Derived prototype label - NOT observed plant-stress ground truth
2025-01-01 04:00:00,4.0,Seedling,21.18,74.64,0.0,22.21,No Significant Environmental Stress,0.0,Low,No Significant Environmental Stress,0.0,Low,Train,Derived prototype label - NOT observed plant-stress ground truth
2025-01-01 04:30:00,4.5,Seedling,21.08,77.29,0.0,22.18,No Significant Environmental Stress,0.0,Low,No Significant Environmental Stress,0.0,Low,Train,Derived prototype label - NOT observed plant-stress ground truth
2025-01-01 05:00:00,5.0,Seedling,21.0,77.73,0.0,22.1,No Significant Environmental Stress,0.0,Low,Low Light Stress,82.3,High,Train,Derived prototype label - NOT observed plant-stress ground truth
2025-01-01 05:30:00,5.5,Seedling,20.95,75.39,0.0,22.02,Low Light Stress,82.3,High,Low Light Stress,26.3,Low,Train,Derived prototype label - NOT observed plant-stress ground truth
2025-01-01 06:00:00,6.0,Seedling,20.93,75.21,0.0,22.01,Low Light Stress,26.3,Low,No Significant Environmental Stress,0.0,Low,Train,Derived prototype label - NOT observed plant-stress ground truth
2025-01-01 06:30:00,6.5,Seedling,22.27,74.93,5432.0,22.06,No Significant Environmental Stress,0.0,Low,No Significant Environmental Stress,0.0,Low,Train,Derived prototype label - NOT observed plant-stress ground truth
2025-01-01 07:00:00,7.0,Seedling,23.09,73.04,9804.0,22.12,No Significant Environmental Stress,0.0,Low,No Significant Environmental Stress,0.0,Low,Train,Derived prototype label - NOT observed plant-stress ground truth
2025-01-01 07:30:00,7.5,Seedling,23.88,75.71,16398.0,22.21,No Significant Environmental Stress,0.0,Low,No Significant Environmental Stress,3.9,Low,Train,Derived prototype label - NOT observed plant-stress ground truth
2025-01-01 08:00:00,8.0,Seedling,24.64,79.93,21039.0,22.38,No Significant Environmental Stress,3.9,Low,No Significant Environmental Stress,11.7,Low,Train,Derived prototype label - NOT observed plant-stress ground truth
2025-01-01 08:30:00,8.5,Seedling,25.33,79.91,26310.0,22.46,No Significant Environmental Stress,11.7,Low,Heat Stress,23.3,Low,Train,Derived prototype label - NOT observed plant-stress ground truth
2025-01-01 09:00:00,9.0,Seedling,25.96,79.59,30322.0,22.53,Heat Stress,23.3,Low,Heat Stress,26.6,Low,Train,Derived prototype label - NOT observed plant-stress ground truth
2025-01-01 09:30:00,9.5,Seedling,26.52,75.11,34282.0,22.78,Heat Stress,26.6,Low,Heat Stress,36.9,Moderate,Train,Derived prototype label - NOT observed plant-stress ground truth
2025-01-01 10:00:00,10.0,Seedling,26.98,65.32,32687.0,22.98,Heat Stress,36.9,Moderate,High Light Stress,46.0,Moderate,Train,Derived prototype label - NOT observed plant-stress ground truth
2025-01-01 10:30:00,10.5,Seedling,27.35,62.77,37324.0,23.17,High Light Stress,46.0,Moderate,Heat Stress,39.4,Moderate,Train,Derived prototype label - NOT observed plant-stress ground truth
2025-01-01 11:00:00,11.0,Seedling,27.62,64.61,40363.0,23.37,Heat Stress,39.4,Moderate,Combined Environmental Stress,60.1,Moderate,Train,Derived prototype label - NOT observed plant-stress ground truth
2025-01-01 11:30:00,11.5,Seedling,27.79,60.08,35242.0,23.62,Combined Environmental Stress,60.1,Moderate,Heat Stress,42.4,Moderate,Train,Derived prototype label - NOT observed plant-stress ground truth
2025-01-01 12:00:00,12.0,Seedling,27.84,64.84,44368.0,23.83,Heat Stress,42.4,Moderate,Heat Stress,42.1,Moderate,Train,Derived prototype label - NOT observed plant-stress ground truth
2025-01-01 12:30:00,12.5,Seedling,27.79,66.76,37583.0,23.97,Heat Stress,42.1,Moderate,High Light Stress,45.1,Moderate,Train,Derived prototype label - NOT observed plant-stress ground truth
2025-01-01 13:00:00,13.0,Seedling,27.62,66.19,38926.0,24.13,High Light Stress,45.1,Moderate,Heat Stress,24.7,Low,Train,Derived prototype label - NOT observed plant-stress ground truth
2025-01-01 13:30:00,13.5,Seedling,27.35,68.33,40462.0,24.25,Heat Stress,24.7,Low,Heat Stress,19.8,Low,Train,Derived prototype label - NOT observed plant-stress ground truth
2025-01-01 14:00:00,14.0,Seedling,26.98,68.84,30935.0,24.33,Heat Stress,19.8,Low,No Significant Environmental Stress,13.3,Low,Train,Derived prototype label - NOT observed plant-stress ground truth
2025-01-01 14:30:00,14.5,Seedling,26.52,66.01,29880.0,24.43,No Significant Environmental Stress,13.3,Low,No Significant Environmental Stress,7.4,Low,Train,Derived prototype label - NOT observed plant-stress ground truth
2025-01-01 15:00:00,15.0,Seedling,25.96,64.04,28944.0,24.45,No Significant Environmental Stress,7.4,Low,No Significant Environmental Stress,4.7,Low,Train,Derived prototype label - NOT observed plant-stress ground truth
2025-01-01 15:30:00,15.5,Seedling,25.33,67.35,24768.0,24.5,No Significant Environmental Stress,4.7,Low,No Significant Environmental Stress,4.5,Low,Train,Derived prototype label - NOT observed plant-stress ground truth
2025-01-01 16:00:00,16.0,Seedling,24.64,71.45,22879.0,24.4,No Significant Environmental Stress,4.5,Low,No Significant Environmental Stress,3.7,Low,Train,Derived prototype label - NOT observed plant-stress ground truth
2025-01-01 16:30:00,16.5,Seedling,23.88,73.3,15407.0,24.38,No Significant Environmental Stress,3.7,Low,Low Light Stress,27.3,Low,Train,Derived prototype label - NOT observed plant-stress ground truth
2025-01-01 17:00:00,17.0,Seedling,23.09,76.01,10460.0,24.32,Low Light Stress,27.3,Low,No Significant Environmental Stress,3.2,Low,Train,Derived prototype label - NOT observed plant-stress ground truth
2025-01-01 17:30:00,17.5,Seedling,22.27,74.32,5430.0,24.21,No Significant Environmental Stress,3.2,Low,No Significant Environmental Stress,0.0,Low,Train,Derived prototype label - NOT observed plant-stress ground truth
2025-01-01 18:00:00,18.0,Seedling,20.93,80.7,0.0,23.93,No Significant Environmental Stress,0.0,Low,High Humidity Stress,19.3,Low,Train,Derived prototype label - NOT observed plant-stress ground truth
2025-01-01 18:30:00,18.5,Seedling,20.95,76.17,0.0,23.77,High Humidity Stress,19.3,Low,No Significant Environmental Stress,0.0,Low,Train,Derived prototype label - NOT observed plant-stress ground truth
2025-01-01 19:00:00,19.0,Seedling,21.0,84.24,0.0,23.59,No Significant Environmental Stress,0.0,Low,No Significant Environmental Stress,0.0,Low,Train,Derived prototype label - NOT observed plant-stress ground truth
2025-01-01 19:30:00,19.5,Seedling,21.08,72.85,0.0,23.46,No Significant Environmental Stress,0.0,Low,No Significant Environmental Stress,0.0,Low,Train,Derived prototype label - NOT observed plant-stress ground truth
2025-01-01 20:00:00,20.0,Seedling,21.18,76.51,0.0,23.28,No Significant Environmental Stress,0.0,Low,No Significant Environmental Stress,0.0,Low,Train,Derived prototype label - NOT observed plant-stress ground truth
2025-01-01 20:30:00,20.5,Seedling,21.3,70.57,0.0,23.17,No Significant Environmental Stress,0.0,Low,No Significant Environmental Stress,0.0,Low,Train,Derived prototype label - NOT observed plant-stress ground truth
2025-01-01 21:00:00,21.0,Seedling,21.43,73.42,0.0,23.02,No Significant Environmental Stress,0.0,Low,No Significant Environmental Stress,0.0,Low,Train,Derived prototype label - NOT observed plant-stress ground truth
2025-01-01 21:30:00,21.5,Seedling,21.56,73.94,0.0,22.96,No Significant Environmental Stress,0.0,Low,No Significant Environmental Stress,0.0,Low,Train,Derived prototype label - NOT observed plant-stress ground truth
2025-01-01 22:00:00,22.0,Seedling,21.68,75.7,0.0,22.86,No Significant Environmental Stress,0.0,Low,No Significant Environmental Stress,0.0,Low,Train,Derived prototype label - NOT observed plant-stress ground truth
2025-01-01 22:30:00,22.5,Seedling,21.78,78.64,0.0,22.76,No Significant Environmental Stress,0.0,Low,No Significant Environmental Stress,0.0,Low,Train,Derived prototype label - NOT observed plant-stress ground truth
2025-01-01 23:00:00,23.0,Seedling,21.86,75.96,0.0,22.7,No Significant Environmental Stress,0.0,Low,No Significant Environmental Stress,0.0,Low,Train,Derived prototype label - NOT observed plant-stress ground truth
2025-01-01 23:30:00,23.5,Seedling,21.91,78.34,0.0,22.58,No Significant Environmental Stress,0.0,Low,No Significant Environmental Stress,0.9,Low,Train,Derived prototype label - NOT observed plant-stress ground truth
2025-01-02 00:00:00,0.0,Seedling,20.3,79.12,0.0,22.49,No Significant Environmental Stress,0.9,Low,No Significant Environmental Stress,0.0,Low,Train,Derived prototype label - NOT observed plant-stress ground truth
2025-01-02 00:30:00,0.5,Seedling,20.28,80.19,0.0,22.38,No Significant Environmental Stress,0.0,Low,No Significant Environmental Stress,0.0,Low,Train,Derived prototype label - NOT observed plant-stress ground truth
2025-01-02 01:00:00,1.0,Seedling,20.23,79.87,0.0,22.37,No Significant Environmental Stress,0.0,Low,No Significant Environmental Stress,3.3,Low,Train,Derived prototype label - NOT observed plant-stress ground truth
2025-01-02 01:30:00,1.5,Seedling,20.15,79.36,0.0,22.3,No Significant Environmental Stress,3.3,Low,No Significant Environmental Stress,11.6,Low,Train,Derived prototype label - NOT observed plant-stress ground truth
2025-01-02 02:00:00,2.0,Seedling,20.05,80.73,0.0,22.2,No Significant Environmental Stress,11.6,Low,No Significant Environmental Stress,3.1,Low,Train,Derived prototype label - NOT observed plant-stress ground truth
2025-01-02 02:30:00,2.5,Seedling,19.93,82.54,0.0,22.09,No Significant Environmental Stress,3.1,Low,No Significant Environmental Stress,0.0,Low,Train,Derived prototype label - NOT observed plant-stress ground truth
2025-01-02 03:00:00,3.0,Seedling,19.8,80.68,0.0,22.01,No Significant Environmental Stress,0.0,Low,No Significant Environmental Stress,0.0,Low,Train,Derived prototype label - NOT observed plant-stress ground truth
2025-01-02 03:30:00,3.5,Seedling,19.67,79.94,0.0,21.94,No Significant Environmental Stress,0.0,Low,No Significant Environmental Stress,0.0,Low,Train,Derived prototype label - NOT observed plant-stress ground truth
2025-01-02 04:00:00,4.0,Seedling,19.55,79.3,0.0,21.82,No Significant Environmental Stress,0.0,Low,No Significant Environmental Stress,3.1,Low,Train,Derived prototype label - NOT observed plant-stress ground truth
2025-01-02 04:30:00,4.5,Seedling,19.45,77.44,0.0,21.68,No Significant Environmental Stress,3.1,Low,No Significant Environmental Stress,0.0,Low,Train,Derived prototype label - NOT observed plant-stress ground truth
2025-01-02 05:00:00,5.0,Seedling,19.37,80.67,0.0,21.58,No Significant Environmental Stress,0.0,Low,Low Light Stress,89.8,High,Train,Derived prototype label - NOT observed plant-stress ground truth
2025-01-02 05:30:00,5.5,Seedling,19.32,76.62,0.0,21.53,Low Light Stress,89.8,High,No Significant Environmental Stress,13.0,Low,Train,Derived prototype label - NOT observed plant-stress ground truth
2025-01-02 06:00:00,6.0,Seedling,19.3,80.45,0.0,21.49,No Significant Environmental Stress,13.0,Low,No Significant Environmental Stress,0.0,Low,Train,Derived prototype label - NOT observed plant-stress ground truth
2025-01-02 06:30:00,6.5,Seedling,20.92,81.27,6954.0,21.54,No Significant Environmental Stress,0.0,Low,No Significant Environmental Stress,0.0,Low,Train,Derived prototype label - NOT observed plant-stress ground truth
2025-01-02 07:00:00,7.0,Seedling,22.02,77.49,12579.0,21.63,No Significant Environmental Stress,0.0,Low,No Significant Environmental Stress,0.0,Low,Train,Derived prototype label - NOT observed plant-stress ground truth
2025-01-02 07:30:00,7.5,Seedling,23.08,77.84,17684.0,21.72,No Significant Environmental Stress,0.0,Low,No Significant Environmental Stress,0.1,Low,Train,Derived prototype label - NOT observed plant-stress ground truth
2025-01-02 08:00:00,8.0,Seedling,24.08,73.78,24735.0,21.84,No Significant Environmental Stress,0.1,Low,High Light Stress,28.9,Low,Train,Derived prototype label - NOT observed plant-stress ground truth
2025-01-02 08:30:00,8.5,Seedling,25.01,75.02,29007.0,21.94,High Light Stress,28.9,Low,Heat Stress,24.2,Low,Train,Derived prototype label - NOT observed plant-stress ground truth
2025-01-02 09:00:00,9.0,Seedling,25.86,69.51,37621.0,22.15,Heat Stress,24.2,Low,High Light Stress,62.9,Moderate,Train,Derived prototype label - NOT observed plant-stress ground truth
2025-01-02 09:30:00,9.5,Seedling,26.59,70.72,34332.0,22.44,High Light Stress,62.9,Moderate,Combined Environmental Stress,60.7,Moderate,Train,Derived prototype label - NOT observed plant-stress ground truth
2025-01-02 10:00:00,10.0,Seedling,27.22,65.96,46085.0,22.68,Combined Environmental Stress,60.7,Moderate,Combined Environmental Stress,67.3,Moderate,Train,Derived prototype label - NOT observed plant-stress ground truth
2025-01-02 10:30:00,10.5,Seedling,27.71,69.03,44740.0,22.97,Combined Environmental Stress,67.3,Moderate,Combined Environmental Stress,84.9,High,Train,Derived prototype label - NOT observed plant-stress ground truth
2025-01-02 11:00:00,11.0,Seedling,28.07,68.79,46237.0,23.27,Combined Environmental Stress,84.9,High,Heat Stress,49.4,Moderate,Train,Derived prototype label - NOT observed plant-stress ground truth
2025-01-02 11:30:00,11.5,Seedling,28.29,66.12,51308.0,23.59,Heat Stress,49.4,Moderate,Combined Environmental Stress,69.6,Moderate,Train,Derived prototype label - NOT observed plant-stress ground truth
2025-01-02 12:00:00,12.0,Seedling,28.36,67.16,37867.0,23.77,Combined Environmental Stress,69.6,Moderate,Combined Environmental Stress,76.3,High,Train,Derived prototype label - NOT observed plant-stress ground truth
2025-01-02 12:30:00,12.5,Seedling,28.29,68.08,46637.0,24.0,Combined Environmental Stress,76.3,High,High Light Stress,50.2,Moderate,Train,Derived prototype label - NOT observed plant-stress ground truth
2025-01-02 13:00:00,13.0,Seedling,28.07,69.05,48983.0,24.17,High Light Stress,50.2,Moderate,High Light Stress,47.2,Moderate,Train,Derived prototype label - NOT observed plant-stress ground truth
2025-01-02 13:30:00,13.5,Seedling,27.71,67.12,41542.0,24.32,High Light Stress,47.2,Moderate,High Light Stress,58.3,Moderate,Train,Derived prototype label - NOT observed plant-stress ground truth
2025-01-02 14:00:00,14.0,Seedling,27.22,68.46,41283.0,24.47,High Light Stress,58.3,Moderate,High Light Stress,23.3,Low,Train,Derived prototype label - NOT observed plant-stress ground truth
2025-01-02 14:30:00,14.5,Seedling,26.59,70.5,45551.0,24.56,High Light Stress,23.3,Low,No Significant Environmental Stress,6.3,Low,Train,Derived prototype label - NOT observed plant-stress ground truth
2025-01-02 15:00:00,15.0,Seedling,25.86,73.13,35909.0,24.58,No Significant Environmental Stress,6.3,Low,No Significant Environmental Stress,6.2,Low,Train,Derived prototype label - NOT observed plant-stress ground truth
2025-01-02 15:30:00,15.5,Seedling,25.01,74.98,30290.0,24.51,No Significant Environmental Stress,6.2,Low,No Significant Environmental Stress,5.4,Low,Train,Derived prototype label - NOT observed plant-stress ground truth
2025-01-02 16:00:00,16.0,Seedling,24.08,73.97,25489.0,24.53,No Significant Environmental Stress,5.4,Low,No Significant Environmental Stress,4.0,Low,Train,Derived prototype label - NOT observed plant-stress ground truth
2025-01-02 16:30:00,16.5,Seedling,23.08,77.61,18747.0,24.46,No Significant Environmental Stress,4.0,Low,Low Light Stress,16.8,Low,Train,Derived prototype label - NOT observed plant-stress ground truth
2025-01-02 17:00:00,17.0,Seedling,22.02,77.9,14063.0,24.34,Low Light Stress,16.8,Low,No Significant Environmental Stress,0.0,Low,Train,Derived prototype label - NOT observed plant-stress ground truth
2025-01-02 17:30:00,17.5,Seedling,20.92,75.13,6441.0,24.18,No Significant Environmental Stress,0.0,Low,No Significant Environmental Stress,0.0,Low,Train,Derived prototype label - NOT observed plant-stress ground truth
2025-01-02 18:00:00,18.0,Seedling,19.3,77.27,0.0,23.91,No Significant Environmental Stress,0.0,Low,No Significant Environmental Stress,0.0,Low,Train,Derived prototype label - NOT observed plant-stress ground truth
2025-01-02 18:30:00,18.5,Seedling,19.32,78.9,0.0,23.69,No Significant Environmental Stress,0.0,Low,No Significant Environmental Stress,10.5,Low,Train,Derived prototype label - NOT observed plant-stress ground truth
2025-01-02 19:00:00,19.0,Seedling,19.37,77.46,0.0,23.43,No Significant Environmental Stress,10.5,Low,No Significant Environmental Stress,0.0,Low,Train,Derived prototype label - NOT observed plant-stress ground truth
2025-01-02 19:30:00,19.5,Seedling,19.45,82.31,0.0,23.18,No Significant Environmental Stress,0.0,Low,No Significant Environmental Stress,0.0,Low,Train,Derived prototype label - NOT observed plant-stress ground truth
2025-01-02 20:00:00,20.0,Seedling,19.55,79.86,0.0,22.93,No Significant Environmental Stress,0.0,Low,No Significant Environmental Stress,0.0,Low,Train,Derived prototype label - NOT observed plant-stress ground truth
2025-01-02 20:30:00,20.5,Seedling,19.67,78.69,0.0,22.72,No Significant Environmental Stress,0.0,Low,No Significant Environmental Stress,9.5,Low,Train,Derived prototype label - NOT observed plant-stress ground truth
2025-01-02 21:00:00,21.0,Seedling,19.8,79.36,0.0,22.51,No Significant Environmental Stress,9.5,Low,No Significant Environmental Stress,9.7,Low,Train,Derived prototype label - NOT observed plant-stress ground truth
2025-01-02 21:30:00,21.5,Seedling,19.93,82.09,0.0,22.45,No Significant Environmental Stress,9.7,Low,No Significant Environmental Stress,0.0,Low,Train,Derived prototype label - NOT observed plant-stress ground truth
2025-01-02 22:00:00,22.0,Seedling,20.05,82.14,0.0,22.36,No Significant Environmental Stress,0.0,Low,No Significant Environmental Stress,0.0,Low,Train,Derived prototype label - NOT observed plant-stress ground truth
2025-01-02 22:30:00,22.5,Seedling,20.15,77.25,0.0,22.3,No Significant Environmental Stress,0.0,Low,No Significant Environmental Stress,12.0,Low,Train,Derived prototype label - NOT observed plant-stress ground truth
2025-01-02 23:00:00,23.0,Seedling,20.23,79.24,0.0,22.19,No Significant Environmental Stress,12.0,Low,High Humidity Stress,14.7,Low,Train,Derived prototype label - NOT observed plant-stress ground truth
2025-01-02 23:30:00,23.5,Seedling,20.28,82.64,0.0,22.12,High Humidity Stress,14.7,Low,High Humidity Stress,15.5,Low,Train,Derived prototype label - NOT observed plant-stress ground truth
2025-01-03 00:00:00,0.0,Seedling,21.68,83.22,0.0,22.07,High Humidity Stress,15.5,Low,High Humidity Stress,19.1,Low,Train,Derived prototype label - NOT observed plant-stress ground truth
2025-01-03 00:30:00,0.5,Seedling,21.66,83.4,0.0,22.09,High Humidity Stress,19.1,Low,High Humidity Stress,15.1,Low,Train,Derived prototype label - NOT observed plant-stress ground truth
2025-01-03 01:00:00,1.0,Seedling,21.61,84.2,0.0,22.03,High Humidity Stress,15.1,Low,High Humidity Stress,31.2,Low,Train,Derived prototype label - NOT observed plant-stress ground truth
2025-01-03 01:30:00,1.5,Seedling,21.53,83.32,0.0,22.03,High Humidity Stress,31.2,Low,No Significant Environmental Stress,9.5,Low,Train,Derived prototype label - NOT observed plant-stress ground truth
2025-01-03 02:00:00,2.0,Seedling,21.43,86.85,0.0,22.01,No Significant Environmental Stress,9.5,Low,No Significant Environmental Stress,10.3,Low,Train,Derived prototype label - NOT observed plant-stress ground truth
2025-01-03 02:30:00,2.5,Seedling,21.31,82.08,0.0,21.94,No Significant Environmental Stress,10.3,Low,High Humidity Stress,16.4,Low,Train,Derived prototype label - NOT observed plant-stress ground truth
2025-01-03 03:00:00,3.0,Seedling,21.18,82.26,0.0,21.95,High Humidity Stress,16.4,Low,High Humidity Stress,20.8,Low,Train,Derived prototype label - NOT observed plant-stress ground truth
2025-01-03 03:30:00,3.5,Seedling,21.05,83.61,0.0,21.95,High Humidity Stress,20.8,Low,High Humidity Stress,39.0,Moderate,Train,Derived prototype label - NOT observed plant-stress ground truth
2025-01-03 04:00:00,4.0,Seedling,20.93,84.57,0.0,21.9,High Humidity Stress,39.0,Moderate,No Significant Environmental Stress,11.3,Low,Train,Derived prototype label - NOT observed plant-stress ground truth
2025-01-03 04:30:00,4.5,Seedling,20.82,88.57,0.0,21.8,No Significant Environmental Stress,11.3,Low,High Humidity Stress,20.2,Low,Train,Derived prototype label - NOT observed plant-stress ground truth
2025-01-03 05:00:00,5.0,Seedling,20.75,82.49,0.0,21.75,High Humidity Stress,20.2,Low,Low Light Stress,88.7,High,Train,Derived prototype label - NOT observed plant-stress ground truth
2025-01-03 05:30:00,5.5,Seedling,20.7,84.44,0.0,21.75,Low Light Stress,88.7,High,Low Light Stress,46.1,Moderate,Train,Derived prototype label - NOT observed plant-stress ground truth
2025-01-03 06:00:00,6.0,Seedling,20.68,83.75,0.0,21.72,Low Light Stress,46.1,Moderate,No Significant Environmental Stress,10.8,Low,Train,Derived prototype label - NOT observed plant-stress ground truth
2025-01-03 06:30:00,6.5,Seedling,21.95,83.34,4079.0,21.79,No Significant Environmental Stress,10.8,Low,No Significant Environmental Stress,6.0,Low,Train,Derived prototype label - NOT observed plant-stress ground truth
2025-01-03 07:00:00,7.0,Seedling,22.71,81.21,7159.0,21.82,No Significant Environmental Stress,6.0,Low,No Significant Environmental Stress,0.0,Low,Train,Derived prototype label - NOT observed plant-stress ground truth
2025-01-03 07:30:00,7.5,Seedling,23.45,81.32,12938.0,21.97,No Significant Environmental Stress,0.0,Low,No Significant Environmental Stress,2.1,Low,Train,Derived prototype label - NOT observed plant-stress ground truth
2025-01-03 08:00:00,8.0,Seedling,24.14,76.08,16359.0,22.09,No Significant Environmental Stress,2.1,Low,No Significant Environmental Stress,4.3,Low,Train,Derived prototype label - NOT observed plant-stress ground truth
2025-01-03 08:30:00,8.5,Seedling,24.78,80.46,18640.0,22.2,No Significant Environmental Stress,4.3,Low,No Significant Environmental Stress,10.3,Low,Train,Derived prototype label - NOT observed plant-stress ground truth
2025-01-03 09:00:00,9.0,Seedling,25.37,78.62,24647.0,22.34,No Significant Environmental Stress,10.3,Low,Heat Stress,15.3,Low,Train,Derived prototype label - NOT observed plant-stress ground truth
2025-01-03 09:30:00,9.5,Seedling,25.88,74.02,21392.0,22.52,Heat Stress,15.3,Low,Heat Stress,19.3,Low,Train,Derived prototype label - NOT observed plant-stress ground truth
2025-01-03 10:00:00,10.0,Seedling,26.31,75.24,25761.0,22.7,Heat Stress,19.3,Low,Heat Stress,22.3,Low,Train,Derived prototype label - NOT observed plant-stress ground truth
2025-01-03 10:30:00,10.5,Seedling,26.65,72.91,24949.0,22.96,Heat Stress,22.3,Low,Heat Stress,30.3,Low,Train,Derived prototype label - NOT observed plant-stress ground truth
2025-01-03 11:00:00,11.0,Seedling,26.9,71.25,29264.0,23.1,Heat Stress,30.3,Low,Heat Stress,24.6,Low,Train,Derived prototype label - NOT observed plant-stress ground truth
2025-01-03 11:30:00,11.5,Seedling,27.05,73.68,34893.0,23.31,Heat Stress,24.6,Low,Heat Stress,29.9,Low,Train,Derived prototype label - NOT observed plant-stress ground truth
2025-01-03 12:00:00,12.0,Seedling,27.1,74.14,29436.0,23.55,Heat Stress,29.9,Low,Heat Stress,26.2,Low,Train,Derived prototype label - NOT observed plant-stress ground truth
2025-01-03 12:30:00,12.5,Seedling,27.05,70.46,34618.0,23.72,Heat Stress,26.2,Low,Heat Stress,19.6,Low,Train,Derived prototype label - NOT observed plant-stress ground truth
2025-01-03 13:00:00,13.0,Seedling,26.9,74.99,33050.0,23.9,Heat Stress,19.6,Low,Heat Stress,16.0,Low,Train,Derived prototype label - NOT observed plant-stress ground truth
2025-01-03 13:30:00,13.5,Seedling,26.65,73.82,29246.0,24.06,Heat Stress,16.0,Low,No Significant Environmental Stress,11.1,Low,Train,Derived prototype label - NOT observed plant-stress ground truth
2025-01-03 14:00:00,14.0,Seedling,26.31,74.2,27066.0,24.15,No Significant Environmental Stress,11.1,Low,No Significant Environmental Stress,5.5,Low,Train,Derived prototype label - NOT observed plant-stress ground truth
2025-01-03 14:30:00,14.5,Seedling,25.88,73.81,25422.0,24.17,No Significant Environmental Stress,5.5,Low,No Significant Environmental Stress,3.4,Low,Train,Derived prototype label - NOT observed plant-stress ground truth
2025-01-03 15:00:00,15.0,Seedling,25.37,77.59,23454.0,24.26,No Significant Environmental Stress,3.4,Low,No Significant Environmental Stress,3.6,Low,Train,Derived prototype label - NOT observed plant-stress ground truth
2025-01-03 15:30:00,15.5,Seedling,24.78,77.11,20155.0,24.29,No Significant Environmental Stress,3.6,Low,No Significant Environmental Stress,11.0,Low,Train,Derived prototype label - NOT observed plant-stress ground truth
2025-01-03 16:00:00,16.0,Seedling,24.14,76.38,15394.0,24.31,No Significant Environmental Stress,11.0,Low,No Significant Environmental Stress,7.6,Low,Train,Derived prototype label - NOT observed plant-stress ground truth
2025-01-03 16:30:00,16.5,Seedling,23.45,82.12,12781.0,24.29,No Significant Environmental Stress,7.6,Low,Low Light Stress,42.7,Moderate,Train,Derived prototype label - NOT observed plant-stress ground truth
2025-01-03 17:00:00,17.0,Seedling,22.71,79.08,7358.0,24.23,Low Light Stress,42.7,Moderate,High Humidity Stress,19.3,Low,Train,Derived prototype label - NOT observed plant-stress ground truth
2025-01-03 17:30:00,17.5,Seedling,21.95,81.22,4048.0,24.1,High Humidity Stress,19.3,Low,High Humidity Stress,15.3,Low,Train,Derived prototype label - NOT observed plant-stress ground truth
2025-01-03 18:00:00,18.0,Seedling,20.68,84.23,0.0,23.96,High Humidity Stress,15.3,Low,No Significant Environmental Stress,10.0,Low,Train,Derived prototype label - NOT observed plant-stress ground truth
2025-01-03 18:30:00,18.5,Seedling,20.7,83.36,0.0,23.76,No Significant Environmental Stress,10.0,Low,High Humidity Stress,16.4,Low,Train,Derived prototype label - NOT observed plant-stress ground truth
2025-01-03 19:00:00,19.0,Seedling,20.75,82.19,0.0,23.62,High Humidity Stress,16.4,Low,No Significant Environmental Stress,11.1,Low,Train,Derived prototype label - NOT observed plant-stress ground truth
2025-01-03 19:30:00,19.5,Seedling,20.82,83.61,0.0,23.5,No Significant Environmental Stress,11.1,Low,High Humidity Stress,14.2,Low,Train,Derived prototype label - NOT observed plant-stress ground truth
2025-01-03 20:00:00,20.0,Seedling,20.93,82.44,0.0,23.37,High Humidity Stress,14.2,Low,High Humidity Stress,21.3,Low,Train,Derived prototype label - NOT observed plant-stress ground truth
2025-01-03 20:30:00,20.5,Seedling,21.05,83.11,0.0,23.13,High Humidity Stress,21.3,Low,High Humidity Stress,19.5,Low,Train,Derived prototype label - NOT observed plant-stress ground truth
2025-01-03 21:00:00,21.0,Seedling,21.18,84.67,0.0,23.05,High Humidity Stress,19.5,Low,High Humidity Stress,28.2,Low,Train,Derived prototype label - NOT observed plant-stress ground truth
2025-01-03 21:30:00,21.5,Seedling,21.31,84.28,0.0,22.88,High Humidity Stress,28.2,Low,No Significant Environmental Stress,8.2,Low,Train,Derived prototype label - NOT observed plant-stress ground truth
2025-01-03 22:00:00,22.0,Seedling,21.43,86.18,0.0,22.8,No Significant Environmental Stress,8.2,Low,High Humidity Stress,20.9,Low,Train,Derived prototype label - NOT observed plant-stress ground truth
2025-01-03 22:30:00,22.5,Seedling,21.53,81.79,0.0,22.76,High Humidity Stress,20.9,Low,High Humidity Stress,22.6,Low,Train,Derived prototype label - NOT observed plant-stress ground truth
2025-01-03 23:00:00,23.0,Seedling,21.61,84.58,0.0,22.71,High Humidity Stress,22.6,Low,No Significant Environmental Stress,0.0,Low,Train,Derived prototype label - NOT observed plant-stress ground truth
2025-01-03 23:30:00,23.5,Seedling,21.66,84.95,0.0,22.63,No Significant Environmental Stress,0.0,Low,No Significant Environmental Stress,0.0,Low,Train,Derived prototype label - NOT observed plant-stress ground truth
2025-01-04 00:00:00,0.0,Seedling,20.83,78.32,0.0,22.54,No Significant Environmental Stress,0.0,Low,No Significant Environmental Stress,0.0,Low,Train,Derived prototype label - NOT observed plant-stress ground truth
2025-01-04 00:30:00,0.5,Seedling,20.82,78.18,0.0,22.45,No Significant Environmental Stress,0.0,Low,No Significant Environmental Stress,0.0,Low,Train,Derived prototype label - NOT observed plant-stress ground truth
2025-01-04 01:00:00,1.0,Seedling,20.77,77.19,0.0,22.35,No Significant Environmental Stress,0.0,Low,No Significant Environmental Stress,0.0,Low,Train,Derived prototype label - NOT observed plant-stress ground truth
2025-01-04 01:30:00,1.5,Seedling,20.69,77.84,0.0,22.22,No Significant Environmental Stress,0.0,Low,No Significant Environmental Stress,0.0,Low,Train,Derived prototype label - NOT observed plant-stress ground truth
2025-01-04 02:00:00,2.0,Seedling,20.58,79.24,0.0,22.16,No Significant Environmental Stress,0.0,Low,No Significant Environmental Stress,0.0,Low,Train,Derived prototype label - NOT observed plant-stress ground truth
2025-01-04 02:30:00,2.5,Seedling,20.46,75.28,0.0,22.11,No Significant Environmental Stress,0.0,Low,No Significant Environmental Stress,0.0,Low,Train,Derived prototype label - NOT observed plant-stress ground truth
2025-01-04 03:00:00,3.0,Seedling,20.33,78.61,0.0,22.04,No Significant Environmental Stress,0.0,Low,No Significant Environmental Stress,0.0,Low,Train,Derived prototype label - NOT observed plant-stress ground truth
2025-01-04 03:30:00,3.5,Seedling,20.2,79.95,0.0,22.0,No Significant Environmental Stress,0.0,Low,No Significant Environmental Stress,0.0,Low,Train,Derived prototype label - NOT observed plant-stress ground truth
2025-01-04 04:00:00,4.0,Seedling,20.08,78.04,0.0,21.96,No Significant Environmental Stress,0.0,Low,No Significant Environmental Stress,0.0,Low,Train,Derived prototype label - NOT observed plant-stress ground truth
2025-01-04 04:30:00,4.5,Seedling,19.98,79.24,0.0,21.86,No Significant Environmental Stress,0.0,Low,No Significant Environmental Stress,0.0,Low,Train,Derived prototype label - NOT observed plant-stress ground truth
2025-01-04 05:00:00,5.0,Seedling,19.9,78.71,0.0,21.82,No Significant Environmental Stress,0.0,Low,Low Light Stress,87.3,High,Train,Derived prototype label - NOT observed plant-stress ground truth
2025-01-04 05:30:00,5.5,Seedling,19.85,76.69,0.0,21.78,Low Light Stress,87.3,High,Low Light Stress,39.8,Moderate,Train,Derived prototype label - NOT observed plant-stress ground truth
2025-01-04 06:00:00,6.0,Seedling,19.83,77.99,0.0,21.7,Low Light Stress,39.8,Moderate,No Significant Environmental Stress,5.1,Low,Train,Derived prototype label - NOT observed plant-stress ground truth
2025-01-04 06:30:00,6.5,Seedling,21.16,75.98,4118.0,21.7,No Significant Environmental Stress,5.1,Low,No Significant Environmental Stress,0.0,Low,Train,Derived prototype label - NOT observed plant-stress ground truth
2025-01-04 07:00:00,7.0,Seedling,21.98,78.76,7505.0,21.78,No Significant Environmental Stress,0.0,Low,No Significant Environmental Stress,0.0,Low,Train,Derived prototype label - NOT observed plant-stress ground truth
2025-01-04 07:30:00,7.5,Seedling,22.76,75.45,11116.0,21.94,No Significant Environmental Stress,0.0,Low,No Significant Environmental Stress,0.0,Low,Train,Derived prototype label - NOT observed plant-stress ground truth
2025-01-04 08:00:00,8.0,Seedling,23.51,75.66,13957.0,22.07,No Significant Environmental Stress,0.0,Low,No Significant Environmental Stress,0.0,Low,Train,Derived prototype label - NOT observed plant-stress ground truth
2025-01-04 08:30:00,8.5,Seedling,24.2,71.53,18986.0,22.16,No Significant Environmental Stress,0.0,Low,No Significant Environmental Stress,4.3,Low,Train,Derived prototype label - NOT observed plant-stress ground truth
2025-01-04 09:00:00,9.0,Seedling,24.82,70.96,21158.0,22.21,No Significant Environmental Stress,4.3,Low,No Significant Environmental Stress,9.7,Low,Train,Derived prototype label - NOT observed plant-stress ground truth
2025-01-04 09:30:00,9.5,Seedling,25.37,67.9,20669.0,22.38,No Significant Environmental Stress,9.7,Low,Heat Stress,14.1,Low,Train,Derived prototype label - NOT observed plant-stress ground truth
2025-01-04 10:00:00,10.0,Seedling,25.83,67.38,24782.0,22.55,Heat Stress,14.1,Low,Heat Stress,24.2,Low,Train,Derived prototype label - NOT observed plant-stress ground truth
2025-01-04 10:30:00,10.5,Seedling,26.2,66.87,26335.0,22.73,Heat Stress,24.2,Low,Heat Stress,56.1,Moderate,Train,Derived prototype label - NOT observed plant-stress ground truth
2025-01-04 11:00:00,11.0,Seedling,27.07,66.57,28730.0,23.41,Heat Stress,56.1,Moderate,Combined Environmental Stress,92.4,High,Train,Derived prototype label - NOT observed plant-stress ground truth
2025-01-04 11:30:00,11.5,Seedling,29.18,59.41,33771.0,24.88,Combined Environmental Stress,92.4,High,Combined Environmental Stress,100.0,High,Train,Derived prototype label - NOT observed plant-stress ground truth
2025-01-04 12:00:00,12.0,Seedling,31.66,55.95,36666.0,27.14,Combined Environmental Stress,100.0,High,Combined Environmental Stress,93.8,High,Train,Derived prototype label - NOT observed plant-stress ground truth
2025-01-04 12:30:00,12.5,Seedling,32.92,47.18,40124.0,28.39,Combined Environmental Stress,93.8,High,Heat Stress,51.2,Moderate,Train,Derived prototype label - NOT observed plant-stress ground truth
2025-01-04 13:00:00,13.0,Seedling,31.59,55.55,38389.0,27.64,Heat Stress,51.2,Moderate,Heat Stress,22.2,Low,Train,Derived prototype label - NOT observed plant-stress ground truth
2025-01-04 13:30:00,13.5,Seedling,28.63,59.43,31744.0,25.9,Heat Stress,22.2,Low,No Significant Environmental Stress,5.2,Low,Train,Derived prototype label - NOT observed plant-stress ground truth
2025-01-04 14:00:00,14.0,Seedling,26.62,70.88,26813.0,24.71,No Significant Environmental Stress,5.2,Low,No Significant Environmental Stress,2.9,Low,Train,Derived prototype label - NOT observed plant-stress ground truth
2025-01-04 14:30:00,14.5,Seedling,25.37,71.14,22887.0,24.19,No Significant Environmental Stress,2.9,Low,No Significant Environmental Stress,2.2,Low,Train,Derived prototype label - NOT observed plant-stress ground truth
2025-01-04 15:00:00,15.0,Seedling,24.82,70.45,20058.0,24.25,No Significant Environmental Stress,2.2,Low,No Significant Environmental Stress,1.6,Low,Train,Derived prototype label - NOT observed plant-stress ground truth
2025-01-04 15:30:00,15.5,Seedling,24.2,71.96,19361.0,24.19,No Significant Environmental Stress,1.6,Low,No Significant Environmental Stress,0.9,Low,Train,Derived prototype label - NOT observed plant-stress ground truth
2025-01-04 16:00:00,16.0,Seedling,23.51,73.7,15034.0,24.14,No Significant Environmental Stress,0.9,Low,No Significant Environmental Stress,4.6,Low,Train,Derived prototype label - NOT observed plant-stress ground truth
2025-01-04 16:30:00,16.5,Seedling,22.76,76.53,10855.0,24.08,No Significant Environmental Stress,4.6,Low,Low Light Stress,39.2,Moderate,Train,Derived prototype label - NOT observed plant-stress ground truth
2025-01-04 17:00:00,17.0,Seedling,21.98,76.13,7567.0,24.03,Low Light Stress,39.2,Moderate,No Significant Environmental Stress,0.0,Low,Train,Derived prototype label - NOT observed plant-stress ground truth
2025-01-04 17:30:00,17.5,Seedling,21.16,78.32,4179.0,23.79,No Significant Environmental Stress,0.0,Low,No Significant Environmental Stress,0.0,Low,Train,Derived prototype label - NOT observed plant-stress ground truth
2025-01-04 18:00:00,18.0,Seedling,19.83,79.42,0.0,23.64,No Significant Environmental Stress,0.0,Low,No Significant Environmental Stress,0.0,Low,Train,Derived prototype label - NOT observed plant-stress ground truth
2025-01-04 18:30:00,18.5,Seedling,19.85,79.82,0.0,23.49,No Significant Environmental Stress,0.0,Low,No Significant Environmental Stress,0.0,Low,Train,Derived prototype label - NOT observed plant-stress ground truth
2025-01-04 19:00:00,19.0,Seedling,19.9,78.43,0.0,23.32,No Significant Environmental Stress,0.0,Low,No Significant Environmental Stress,0.0,Low,Train,Derived prototype label - NOT observed plant-stress ground truth
2025-01-04 19:30:00,19.5,Seedling,19.98,79.67,0.0,23.23,No Significant Environmental Stress,0.0,Low,No Significant Environmental Stress,0.0,Low,Train,Derived prototype label - NOT observed plant-stress ground truth
2025-01-04 20:00:00,20.0,Seedling,20.08,78.34,0.0,23.05,No Significant Environmental Stress,0.0,Low,No Significant Environmental Stress,3.3,Low,Train,Derived prototype label - NOT observed plant-stress ground truth
2025-01-04 20:30:00,20.5,Seedling,20.2,78.36,0.0,22.83,No Significant Environmental Stress,3.3,Low,No Significant Environmental Stress,0.0,Low,Train,Derived prototype label - NOT observed plant-stress ground truth
2025-01-04 21:00:00,21.0,Seedling,20.33,80.72,0.0,22.68,No Significant Environmental Stress,0.0,Low,No Significant Environmental Stress,0.0,Low,Train,Derived prototype label - NOT observed plant-stress ground truth
2025-01-04 21:30:00,21.5,Seedling,20.46,77.83,0.0,22.57,No Significant Environmental Stress,0.0,Low,No Significant Environmental Stress,0.0,Low,Train,Derived prototype label - NOT observed plant-stress ground truth
2025-01-04 22:00:00,22.0,Seedling,20.58,77.42,0.0,22.39,No Significant Environmental Stress,0.0,Low,No Significant Environmental Stress,0.0,Low,Train,Derived prototype label - NOT observed plant-stress ground truth
2025-01-04 22:30:00,22.5,Seedling,20.69,77.48,0.0,22.33,No Significant Environmental Stress,0.0,Low,No Significant Environmental Stress,0.0,Low,Train,Derived prototype label - NOT observed plant-stress ground truth
2025-01-04 23:00:00,23.0,Seedling,20.77,77.46,0.0,22.17,No Significant Environmental Stress,0.0,Low,No Significant Environmental Stress,0.0,Low,Train,Derived prototype label - NOT observed plant-stress ground truth
2025-01-04 23:30:00,23.5,Seedling,20.82,79.98,0.0,22.08,No Significant Environmental Stress,0.0,Low,No Significant Environmental Stress,3.6,Low,Train,Derived prototype label - NOT observed plant-stress ground truth
2025-01-05 00:00:00,0.0,Seedling,21.75,75.4,0.0,22.04,No Significant Environmental Stress,3.6,Low,No Significant Environmental Stress,6.7,Low,Train,Derived prototype label - NOT observed plant-stress ground truth
2025-01-05 00:30:00,0.5,Seedling,21.73,80.79,0.0,22.04,No Significant Environmental Stress,6.7,Low,No Significant Environmental Stress,0.0,Low,Train,Derived prototype label - NOT observed plant-stress ground truth
2025-01-05 01:00:00,1.0,Seedling,21.68,81.48,0.0,22.08,No Significant Environmental Stress,0.0,Low,No Significant Environmental Stress,0.0,Low,Train,Derived prototype label - NOT observed plant-stress ground truth
2025-01-05 01:30:00,1.5,Seedling,21.6,77.39,0.0,22.07,No Significant Environmental Stress,0.0,Low,No Significant Environmental Stress,0.0,Low,Train,Derived prototype label - NOT observed plant-stress ground truth
2025-01-05 02:00:00,2.0,Seedling,21.5,76.51,0.0,22.06,No Significant Environmental Stress,0.0,Low,No Significant Environmental Stress,0.0,Low,Train,Derived prototype label - NOT observed plant-stress ground truth
2025-01-05 02:30:00,2.5,Seedling,21.38,76.41,0.0,22.07,No Significant Environmental Stress,0.0,Low,No Significant Environmental Stress,0.0,Low,Train,Derived prototype label - NOT observed plant-stress ground truth
2025-01-05 03:00:00,3.0,Seedling,21.25,76.64,0.0,22.11,No Significant Environmental Stress,0.0,Low,No Significant Environmental Stress,0.0,Low,Train,Derived prototype label - NOT observed plant-stress ground truth
2025-01-05 03:30:00,3.5,Seedling,21.12,76.61,0.0,22.09,No Significant Environmental Stress,0.0,Low,No Significant Environmental Stress,0.0,Low,Train,Derived prototype label - NOT observed plant-stress ground truth
2025-01-05 04:00:00,4.0,Seedling,21.0,74.32,0.0,22.02,No Significant Environmental Stress,0.0,Low,No Significant Environmental Stress,0.0,Low,Train,Derived prototype label - NOT observed plant-stress ground truth
2025-01-05 04:30:00,4.5,Seedling,20.89,78.14,0.0,21.97,No Significant Environmental Stress,0.0,Low,No Significant Environmental Stress,2.2,Low,Train,Derived prototype label - NOT observed plant-stress ground truth
2025-01-05 05:00:00,5.0,Seedling,20.81,79.94,0.0,21.99,No Significant Environmental Stress,2.2,Low,Low Light Stress,83.1,High,Train,Derived prototype label - NOT observed plant-stress ground truth
2025-01-05 05:30:00,5.5,Seedling,20.76,80.49,0.0,22.03,Low Light Stress,83.1,High,Low Light Stress,23.6,Low,Train,Derived prototype label - NOT observed plant-stress ground truth
2025-01-05 06:00:00,6.0,Seedling,20.75,80.02,0.0,21.99,Low Light Stress,23.6,Low,No Significant Environmental Stress,0.0,Low,Train,Derived prototype label - NOT observed plant-stress ground truth
2025-01-05 06:30:00,6.5,Seedling,21.99,78.11,5700.0,21.99,No Significant Environmental Stress,0.0,Low,No Significant Environmental Stress,0.0,Low,Train,Derived prototype label - NOT observed plant-stress ground truth
2025-01-05 07:00:00,7.0,Seedling,22.72,76.56,11588.0,22.06,No Significant Environmental Stress,0.0,Low,No Significant Environmental Stress,0.0,Low,Train,Derived prototype label - NOT observed plant-stress ground truth
2025-01-05 07:30:00,7.5,Seedling,23.43,75.86,15907.0,22.16,No Significant Environmental Stress,0.0,Low,No Significant Environmental Stress,0.0,Low,Train,Derived prototype label - NOT observed plant-stress ground truth
2025-01-05 08:00:00,8.0,Seedling,24.1,75.51,20667.0,22.28,No Significant Environmental Stress,0.0,Low,High Light Stress,16.6,Low,Train,Derived prototype label - NOT observed plant-stress ground truth
2025-01-05 08:30:00,8.5,Seedling,24.72,75.24,25827.0,22.37,High Light Stress,16.6,Low,High Light Stress,22.3,Low,Train,Derived prototype label - NOT observed plant-stress ground truth
2025-01-05 09:00:00,9.0,Seedling,25.28,72.61,34666.0,22.46,High Light Stress,22.3,Low,High Light Stress,26.6,Low,Train,Derived prototype label - NOT observed plant-stress ground truth
2025-01-05 09:30:00,9.5,Seedling,25.77,70.26,35724.0,22.58,High Light Stress,26.6,Low,High Light Stress,36.4,Moderate,Train,Derived prototype label - NOT observed plant-stress ground truth
2025-01-05 10:00:00,10.0,Seedling,26.18,67.54,36465.0,22.82,High Light Stress,36.4,Moderate,High Light Stress,33.6,Low,Train,Derived prototype label - NOT observed plant-stress ground truth
2025-01-05 10:30:00,10.5,Seedling,26.51,69.3,38992.0,22.95,High Light Stress,33.6,Low,High Light Stress,41.0,Moderate,Train,Derived prototype label - NOT observed plant-stress ground truth
2025-01-05 11:00:00,11.0,Seedling,26.75,67.82,37791.0,23.14,High Light Stress,41.0,Moderate,Heat Stress,28.7,Low,Train,Derived prototype label - NOT observed plant-stress ground truth
2025-01-05 11:30:00,11.5,Seedling,26.9,68.93,39865.0,23.3,Heat Stress,28.7,Low,High Light Stress,78.3,High,Train,Derived prototype label - NOT observed plant-stress ground truth
2025-01-05 12:00:00,12.0,Seedling,26.95,70.18,34614.0,23.5,High Light Stress,78.3,High,High Light Stress,62.0,Moderate,Train,Derived prototype label - NOT observed plant-stress ground truth
2025-01-05 12:30:00,12.5,Seedling,26.9,68.28,51230.0,23.71,High Light Stress,62.0,Moderate,High Light Stress,37.1,Moderate,Train,Derived prototype label - NOT observed plant-stress ground truth
2025-01-05 13:00:00,13.0,Seedling,26.75,67.92,46475.0,23.83,High Light Stress,37.1,Moderate,High Light Stress,47.3,Moderate,Train,Derived prototype label - NOT observed plant-stress ground truth
2025-01-05 13:30:00,13.5,Seedling,26.51,68.47,39218.0,23.96,High Light Stress,47.3,Moderate,No Significant Environmental Stress,10.1,Low,Train,Derived prototype label - NOT observed plant-stress ground truth
2025-01-05 14:00:00,14.0,Seedling,26.18,70.34,42780.0,24.11,No Significant Environmental Stress,10.1,Low,No Significant Environmental Stress,4.5,Low,Train,Derived prototype label - NOT observed plant-stress ground truth
2025-01-05 14:30:00,14.5,Seedling,25.77,70.37,29889.0,24.23,No Significant Environmental Stress,4.5,Low,No Significant Environmental Stress,4.2,Low,Train,Derived prototype label - NOT observed plant-stress ground truth
2025-01-05 15:00:00,15.0,Seedling,25.28,71.46,28513.0,24.27,No Significant Environmental Stress,4.2,Low,No Significant Environmental Stress,4.1,Low,Train,Derived prototype label - NOT observed plant-stress ground truth
2025-01-05 15:30:00,15.5,Seedling,24.72,74.07,28372.0,24.36,No Significant Environmental Stress,4.1,Low,No Significant Environmental Stress,2.9,Low,Train,Derived prototype label - NOT observed plant-stress ground truth
2025-01-05 16:00:00,16.0,Seedling,24.1,75.25,19264.0,24.35,No Significant Environmental Stress,2.9,Low,No Significant Environmental Stress,1.1,Low,Train,Derived prototype label - NOT observed plant-stress ground truth
2025-01-05 16:30:00,16.5,Seedling,23.43,76.68,15778.0,24.25,No Significant Environmental Stress,1.1,Low,Low Light Stress,30.0,Low,Train,Derived prototype label - NOT observed plant-stress ground truth
2025-01-05 17:00:00,17.0,Seedling,22.72,76.26,12670.0,24.09,Low Light Stress,30.0,Low,No Significant Environmental Stress,2.7,Low,Train,Derived prototype label - NOT observed plant-stress ground truth
2025-01-05 17:30:00,17.5,Seedling,21.99,79.6,5072.0,23.97,No Significant Environmental Stress,2.7,Low,No Significant Environmental Stress,0.0,Low,Train,Derived prototype label - NOT observed plant-stress ground truth
2025-01-05 18:00:00,18.0,Seedling,20.75,80.6,0.0,23.87,No Significant Environmental Stress,0.0,Low,No Significant Environmental Stress,3.4,Low,Train,Derived prototype label - NOT observed plant-stress ground truth
2025-01-05 18:30:00,18.5,Seedling,20.76,79.18,0.0,23.7,No Significant Environmental Stress,3.4,Low,No Significant Environmental Stress,0.0,Low,Train,Derived prototype label - NOT observed plant-stress ground truth
2025-01-05 19:00:00,19.0,Seedling,20.81,80.74,0.0,23.56,No Significant Environmental Stress,0.0,Low,No Significant Environmental Stress,0.0,Low,Train,Derived prototype label - NOT observed plant-stress ground truth
2025-01-05 19:30:00,19.5,Seedling,20.89,78.64,0.0,23.36,No Significant Environmental Stress,0.0,Low,No Significant Environmental Stress,0.0,Low,Train,Derived prototype label - NOT observed plant-stress ground truth
2025-01-05 20:00:00,20.0,Seedling,21.0,78.36,0.0,23.23,No Significant Environmental Stress,0.0,Low,No Significant Environmental Stress,1.3,Low,Train,Derived prototype label - NOT observed plant-stress ground truth
2025-01-05 20:30:00,20.5,Seedling,21.12,79.12,0.0,23.05,No Significant Environmental Stress,1.3,Low,No Significant Environmental Stress,0.0,Low,Train,Derived prototype label - NOT observed plant-stress ground truth
2025-01-05 21:00:00,21.0,Seedling,21.25,80.28,0.0,22.97,No Significant Environmental Stress,0.0,Low,No Significant Environmental Stress,2.3,Low,Train,Derived prototype label - NOT observed plant-stress ground truth
2025-01-05 21:30:00,21.5,Seedling,21.38,76.37,0.0,22.83,No Significant Environmental Stress,2.3,Low,No Significant Environmental Stress,0.0,Low,Train,Derived prototype label - NOT observed plant-stress ground truth
2025-01-05 22:00:00,22.0,Seedling,21.5,80.5,0.0,22.73,No Significant Environmental Stress,0.0,Low,No Significant Environmental Stress,2.4,Low,Train,Derived prototype label - NOT observed plant-stress ground truth
2025-01-05 22:30:00,22.5,Seedling,21.6,79.23,0.0,22.67,No Significant Environmental Stress,2.4,Low,No Significant Environmental Stress,0.0,Low,Train,Derived prototype label - NOT observed plant-stress ground truth
2025-01-05 23:00:00,23.0,Seedling,21.68,80.53,0.0,22.59,No Significant Environmental Stress,0.0,Low,No Significant Environmental Stress,3.0,Low,Train,Derived prototype label - NOT observed plant-stress ground truth
2025-01-05 23:30:00,23.5,Seedling,21.73,79.85,0.0,22.5,No Significant Environmental Stress,3.0,Low,No Significant Environmental Stress,2.9,Low,Train,Derived prototype label - NOT observed plant-stress ground truth
2025-01-06 00:00:00,0.0,Seedling,22.26,76.77,0.0,22.47,No Significant Environmental Stress,2.9,Low,No Significant Environmental Stress,2.3,Low,Train,Derived prototype label - NOT observed plant-stress ground truth
2025-01-06 00:30:00,0.5,Seedling,22.25,74.89,0.0,22.46,No Significant Environmental Stress,2.3,Low,No Significant Environmental Stress,1.4,Low,Train,Derived prototype label - NOT observed plant-stress ground truth
2025-01-06 01:00:00,1.0,Seedling,22.2,73.37,0.0,22.42,No Significant Environmental Stress,1.4,Low,No Significant Environmental Stress,0.1,Low,Train,Derived prototype label - NOT observed plant-stress ground truth
2025-01-06 01:30:00,1.5,Seedling,22.12,77.81,0.0,22.43,No Significant Environmental Stress,0.1,Low,No Significant Environmental Stress,0.0,Low,Train,Derived prototype label - NOT observed plant-stress ground truth
2025-01-06 02:00:00,2.0,Seedling,22.01,77.98,0.0,22.5,No Significant Environmental Stress,0.0,Low,No Significant Environmental Stress,0.0,Low,Train,Derived prototype label - NOT observed plant-stress ground truth
2025-01-06 02:30:00,2.5,Seedling,21.89,75.87,0.0,22.48,No Significant Environmental Stress,0.0,Low,No Significant Environmental Stress,0.0,Low,Train,Derived prototype label - NOT observed plant-stress ground truth
2025-01-06 03:00:00,3.0,Seedling,21.76,75.58,0.0,22.37,No Significant Environmental Stress,0.0,Low,No Significant Environmental Stress,0.0,Low,Train,Derived prototype label - NOT observed plant-stress ground truth
2025-01-06 03:30:00,3.5,Seedling,21.64,74.14,0.0,22.32,No Significant Environmental Stress,0.0,Low,No Significant Environmental Stress,0.0,Low,Train,Derived prototype label - NOT observed plant-stress ground truth
2025-01-06 04:00:00,4.0,Seedling,21.51,74.68,0.0,22.33,No Significant Environmental Stress,0.0,Low,No Significant Environmental Stress,0.0,Low,Train,Derived prototype label - NOT observed plant-stress ground truth
2025-01-06 04:30:00,4.5,Seedling,21.41,73.91,0.0,22.29,No Significant Environmental Stress,0.0,Low,No Significant Environmental Stress,0.0,Low,Train,Derived prototype label - NOT observed plant-stress ground truth
2025-01-06 05:00:00,5.0,Seedling,21.33,77.25,0.0,22.28,No Significant Environmental Stress,0.0,Low,Low Light Stress,82.0,High,Train,Derived prototype label - NOT observed plant-stress ground truth
2025-01-06 05:30:00,5.5,Seedling,21.28,73.5,0.0,22.19,Low Light Stress,82.0,High,Low Light Stress,33.3,Low,Train,Derived prototype label - NOT observed plant-stress ground truth
2025-01-06 06:00:00,6.0,Seedling,21.26,76.15,0.0,22.19,Low Light Stress,33.3,Low,No Significant Environmental Stress,0.0,Low,Train,Derived prototype label - NOT observed plant-stress ground truth
2025-01-06 06:30:00,6.5,Seedling,22.39,76.88,4748.0,22.19,No Significant Environmental Stress,0.0,Low,No Significant Environmental Stress,0.0,Low,Train,Derived prototype label - NOT observed plant-stress ground truth
2025-01-06 07:00:00,7.0,Seedling,23.0,71.45,9801.0,22.19,No Significant Environmental Stress,0.0,Low,No Significant Environmental Stress,0.0,Low,Train,Derived prototype label - NOT observed plant-stress ground truth
2025-01-06 07:30:00,7.5,Seedling,23.59,71.72,16110.0,22.24,No Significant Environmental Stress,0.0,Low,No Significant Environmental Stress,0.0,Low,Train,Derived prototype label - NOT observed plant-stress ground truth
2025-01-06 08:00:00,8.0,Seedling,24.15,71.88,19808.0,22.35,No Significant Environmental Stress,0.0,Low,No Significant Environmental Stress,1.5,Low,Train,Derived prototype label - NOT observed plant-stress ground truth
2025-01-06 08:30:00,8.5,Seedling,24.67,71.63,23046.0,22.47,No Significant Environmental Stress,1.5,Low,No Significant Environmental Stress,14.3,Low,Train,Derived prototype label - NOT observed plant-stress ground truth
2025-01-06 09:00:00,9.0,Seedling,25.13,66.63,28970.0,22.59,No Significant Environmental Stress,14.3,Low,High Light Stress,37.9,Moderate,Train,Derived prototype label - NOT observed plant-stress ground truth
2025-01-06 09:30:00,9.5,Seedling,25.55,70.8,33581.0,22.73,High Light Stress,37.9,Moderate,High Light Stress,30.2,Low,Train,Derived prototype label - NOT observed plant-stress ground truth
2025-01-06 10:00:00,10.0,Seedling,25.89,67.81,40312.0,22.87,High Light Stress,30.2,Low,High Light Stress,32.2,Low,Train,Derived prototype label - NOT observed plant-stress ground truth
2025-01-06 10:30:00,10.5,Seedling,26.17,64.33,37588.0,23.0,High Light Stress,32.2,Low,High Light Stress,39.4,Moderate,Train,Derived prototype label - NOT observed plant-stress ground truth
2025-01-06 11:00:00,11.0,Seedling,26.37,61.97,37903.0,23.17,High Light Stress,39.4,Moderate,High Light Stress,51.2,Moderate,Train,Derived prototype label - NOT observed plant-stress ground truth
2025-01-06 11:30:00,11.5,Seedling,26.49,64.83,39948.0,23.32,High Light Stress,51.2,Moderate,Combined Environmental Stress,64.2,Moderate,Train,Derived prototype label - NOT observed plant-stress ground truth
2025-01-06 12:00:00,12.0,Seedling,26.79,62.73,43124.0,23.57,Combined Environmental Stress,64.2,Moderate,Combined Environmental Stress,100.0,High,Train,Derived prototype label - NOT observed plant-stress ground truth
2025-01-06 12:30:00,12.5,Seedling,28.79,61.65,44277.0,24.1,Combined Environmental Stress,100.0,High,Combined Environmental Stress,100.0,High,Train,Derived prototype label - NOT observed plant-stress ground truth
2025-01-06 13:00:00,13.0,Seedling,32.08,60.2,51101.0,24.91,Combined Environmental Stress,100.0,High,Combined Environmental Stress,100.0,High,Train,Derived prototype label - NOT observed plant-stress ground truth
2025-01-06 13:30:00,13.5,Seedling,32.07,60.99,57267.0,25.24,Combined Environmental Stress,100.0,High,High Light Stress,58.2,Moderate,Train,Derived prototype label - NOT observed plant-stress ground truth
2025-01-06 14:00:00,14.0,Seedling,29.5,65.39,56941.0,24.72,High Light Stress,58.2,Moderate,No Significant Environmental Stress,14.6,Low,Train,Derived prototype label - NOT observed plant-stress ground truth
2025-01-06 14:30:00,14.5,Seedling,26.22,68.36,46041.0,24.24,No Significant Environmental Stress,14.6,Low,No Significant Environmental Stress,3.3,Low,Train,Derived prototype label - NOT observed plant-stress ground truth
2025-01-06 15:00:00,15.0,Seedling,25.51,69.46,33732.0,24.27,No Significant Environmental Stress,3.3,Low,No Significant Environmental Stress,2.2,Low,Train,Derived prototype label - NOT observed plant-stress ground truth
2025-01-06 15:30:00,15.5,Seedling,24.75,68.11,27245.0,24.28,No Significant Environmental Stress,2.2,Low,No Significant Environmental Stress,1.5,Low,Train,Derived prototype label - NOT observed plant-stress ground truth
2025-01-06 16:00:00,16.0,Seedling,24.15,68.35,19198.0,24.19,No Significant Environmental Stress,1.5,Low,No Significant Environmental Stress,1.1,Low,Train,Derived prototype label - NOT observed plant-stress ground truth
2025-01-06 16:30:00,16.5,Seedling,23.59,67.58,14456.0,24.13,No Significant Environmental Stress,1.1,Low,Low Light Stress,29.0,Low,Train,Derived prototype label - NOT observed plant-stress ground truth
2025-01-06 17:00:00,17.0,Seedling,23.0,76.24,10077.0,24.09,Low Light Stress,29.0,Low,No Significant Environmental Stress,0.0,Low,Train,Derived prototype label - NOT observed plant-stress ground truth
2025-01-06 17:30:00,17.5,Seedling,22.39,70.42,5180.0,24.02,No Significant Environmental Stress,0.0,Low,No Significant Environmental Stress,0.0,Low,Train,Derived prototype label - NOT observed plant-stress ground truth
2025-01-06 18:00:00,18.0,Seedling,21.26,74.73,0.0,23.9,No Significant Environmental Stress,0.0,Low,No Significant Environmental Stress,0.0,Low,Train,Derived prototype label - NOT observed plant-stress ground truth
2025-01-06 18:30:00,18.5,Seedling,21.28,75.75,0.0,23.7,No Significant Environmental Stress,0.0,Low,No Significant Environmental Stress,0.0,Low,Train,Derived prototype label - NOT observed plant-stress ground truth
2025-01-06 19:00:00,19.0,Seedling,21.33,74.54,0.0,23.54,No Significant Environmental Stress,0.0,Low,No Significant Environmental Stress,0.0,Low,Train,Derived prototype label - NOT observed plant-stress ground truth
2025-01-06 19:30:00,19.5,Seedling,21.41,75.25,0.0,23.37,No Significant Environmental Stress,0.0,Low,No Significant Environmental Stress,0.0,Low,Train,Derived prototype label - NOT observed plant-stress ground truth
2025-01-06 20:00:00,20.0,Seedling,21.51,74.32,0.0,23.2,No Significant Environmental Stress,0.0,Low,No Significant Environmental Stress,0.0,Low,Train,Derived prototype label - NOT observed plant-stress ground truth
2025-01-06 20:30:00,20.5,Seedling,21.64,78.63,0.0,23.05,No Significant Environmental Stress,0.0,Low,No Significant Environmental Stress,0.0,Low,Train,Derived prototype label - NOT observed plant-stress ground truth
2025-01-06 21:00:00,21.0,Seedling,21.76,74.16,0.0,22.96,No Significant Environmental Stress,0.0,Low,No Significant Environmental Stress,0.1,Low,Train,Derived prototype label - NOT observed plant-stress ground truth
2025-01-06 21:30:00,21.5,Seedling,21.89,74.07,0.0,22.79,No Significant Environmental Stress,0.1,Low,No Significant Environmental Stress,1.4,Low,Train,Derived prototype label - NOT observed plant-stress ground truth
2025-01-06 22:00:00,22.0,Seedling,22.01,77.25,0.0,22.7,No Significant Environmental Stress,1.4,Low,No Significant Environmental Stress,2.3,Low,Train,Derived prototype label - NOT observed plant-stress ground truth
2025-01-06 22:30:00,22.5,Seedling,22.12,73.47,0.0,22.61,No Significant Environmental Stress,2.3,Low,No Significant Environmental Stress,3.6,Low,Train,Derived prototype label - NOT observed plant-stress ground truth
2025-01-06 23:00:00,23.0,Seedling,22.2,74.41,0.0,22.51,No Significant Environmental Stress,3.6,Low,No Significant Environmental Stress,0.0,Low,Train,Derived prototype label - NOT observed plant-stress ground truth
2025-01-06 23:30:00,23.5,Seedling,22.25,80.39,0.0,22.45,No Significant Environmental Stress,0.0,Low,No Significant Environmental Stress,0.0,Low,Train,Derived prototype label - NOT observed plant-stress ground truth
2025-01-07 00:00:00,0.0,Seedling,21.88,70.95,0.0,22.44,No Significant Environmental Stress,0.0,Low,No Significant Environmental Stress,0.0,Low,Train,Derived prototype label - NOT observed plant-stress ground truth
2025-01-07 00:30:00,0.5,Seedling,21.86,73.25,0.0,22.41,No Significant Environmental Stress,0.0,Low,No Significant Environmental Stress,0.0,Low,Train,Derived prototype label - NOT observed plant-stress ground truth
2025-01-07 01:00:00,1.0,Seedling,21.81,75.75,0.0,22.31,No Significant Environmental Stress,0.0,Low,No Significant Environmental Stress,0.0,Low,Train,Derived prototype label - NOT observed plant-stress ground truth
2025-01-07 01:30:00,1.5,Seedling,21.73,73.11,0.0,22.2,No Significant Environmental Stress,0.0,Low,No Significant Environmental Stress,0.0,Low,Train,Derived prototype label - NOT observed plant-stress ground truth
2025-01-07 02:00:00,2.0,Seedling,21.63,74.26,0.0,22.19,No Significant Environmental Stress,0.0,Low,No Significant Environmental Stress,0.0,Low,Train,Derived prototype label - NOT observed plant-stress ground truth
2025-01-07 02:30:00,2.5,Seedling,21.51,71.6,0.0,22.2,No Significant Environmental Stress,0.0,Low,No Significant Environmental Stress,0.0,Low,Train,Derived prototype label - NOT observed plant-stress ground truth
2025-01-07 03:00:00,3.0,Seedling,21.38,73.13,0.0,22.11,No Significant Environmental Stress,0.0,Low,No Significant Environmental Stress,0.0,Low,Train,Derived prototype label - NOT observed plant-stress ground truth
2025-01-07 03:30:00,3.5,Seedling,21.25,74.28,0.0,22.02,No Significant Environmental Stress,0.0,Low,No Significant Environmental Stress,0.0,Low,Train,Derived prototype label - NOT observed plant-stress ground truth
2025-01-07 04:00:00,4.0,Seedling,21.13,71.64,0.0,22.06,No Significant Environmental Stress,0.0,Low,No Significant Environmental Stress,0.0,Low,Train,Derived prototype label - NOT observed plant-stress ground truth
2025-01-07 04:30:00,4.5,Seedling,21.02,71.39,0.0,22.02,No Significant Environmental Stress,0.0,Low,No Significant Environmental Stress,0.0,Low,Train,Derived prototype label - NOT observed plant-stress ground truth
2025-01-07 05:00:00,5.0,Seedling,20.94,76.71,0.0,22.04,No Significant Environmental Stress,0.0,Low,Low Light Stress,82.5,High,Train,Derived prototype label - NOT observed plant-stress ground truth
2025-01-07 05:30:00,5.5,Seedling,20.89,75.39,0.0,21.97,Low Light Stress,82.5,High,Low Light Stress,24.8,Low,Train,Derived prototype label - NOT observed plant-stress ground truth
2025-01-07 06:00:00,6.0,Seedling,20.88,73.89,0.0,22.0,Low Light Stress,24.8,Low,No Significant Environmental Stress,0.0,Low,Train,Derived prototype label - NOT observed plant-stress ground truth
2025-01-07 06:30:00,6.5,Seedling,22.0,79.6,5581.0,22.01,No Significant Environmental Stress,0.0,Low,No Significant Environmental Stress,0.0,Low,Train,Derived prototype label - NOT observed plant-stress ground truth
2025-01-07 07:00:00,7.0,Seedling,22.61,70.29,9057.0,22.12,No Significant Environmental Stress,0.0,Low,No Significant Environmental Stress,0.0,Low,Train,Derived prototype label - NOT observed plant-stress ground truth
2025-01-07 07:30:00,7.5,Seedling,23.21,72.26,15401.0,22.25,No Significant Environmental Stress,0.0,Low,No Significant Environmental Stress,0.0,Low,Train,Derived prototype label - NOT observed plant-stress ground truth
2025-01-07 08:00:00,8.0,Seedling,23.77,69.82,18311.0,22.3,No Significant Environmental Stress,0.0,Low,No Significant Environmental Stress,0.0,Low,Train,Derived prototype label - NOT observed plant-stress ground truth
2025-01-07 08:30:00,8.5,Seedling,24.29,69.8,24948.0,22.37,No Significant Environmental Stress,0.0,Low,No Significant Environmental Stress,4.9,Low,Train,Derived prototype label - NOT observed plant-stress ground truth
2025-01-07 09:00:00,9.0,Seedling,24.76,69.84,22332.0,22.45,No Significant Environmental Stress,4.9,Low,No Significant Environmental Stress,6.8,Low,Train,Derived prototype label - NOT observed plant-stress ground truth
2025-01-07 09:30:00,9.5,Seedling,25.17,67.32,31255.0,22.6,No Significant Environmental Stress,6.8,Low,No Significant Environmental Stress,10.1,Low,Train,Derived prototype label - NOT observed plant-stress ground truth
2025-01-07 10:00:00,10.0,Seedling,25.52,64.44,29660.0,22.73,No Significant Environmental Stress,10.1,Low,High Light Stress,29.6,Low,Train,Derived prototype label - NOT observed plant-stress ground truth
2025-01-07 10:30:00,10.5,Seedling,25.8,66.01,30581.0,22.86,High Light Stress,29.6,Low,High Light Stress,43.8,Moderate,Train,Derived prototype label - NOT observed plant-stress ground truth
2025-01-07 11:00:00,11.0,Seedling,26.0,64.1,37619.0,22.98,High Light Stress,43.8,Moderate,High Light Stress,27.8,Low,Train,Derived prototype label - NOT observed plant-stress ground truth
2025-01-07 11:30:00,11.5,Seedling,26.12,63.19,41782.0,23.14,High Light Stress,27.8,Low,High Light Stress,37.5,Moderate,Train,Derived prototype label - NOT observed plant-stress ground truth
2025-01-07 12:00:00,12.0,Seedling,26.16,63.24,36870.0,23.29,High Light Stress,37.5,Moderate,High Light Stress,52.5,Moderate,Train,Derived prototype label - NOT observed plant-stress ground truth
2025-01-07 12:30:00,12.5,Seedling,26.12,65.97,39872.0,23.41,High Light Stress,52.5,Moderate,High Light Stress,53.5,Moderate,Train,Derived prototype label - NOT observed plant-stress ground truth
2025-01-07 13:00:00,13.0,Seedling,26.13,65.67,44422.0,23.61,High Light Stress,53.5,Moderate,High Light Stress,50.3,Moderate,Train,Derived prototype label - NOT observed plant-stress ground truth
2025-01-07 13:30:00,13.5,Seedling,26.23,65.13,44595.0,23.64,High Light Stress,50.3,Moderate,High Light Stress,64.0,Moderate,Train,Derived prototype label - NOT observed plant-stress ground truth
2025-01-07 14:00:00,14.0,Seedling,26.25,65.35,43582.0,23.83,High Light Stress,64.0,Moderate,High Light Stress,65.6,Moderate,Train,Derived prototype label - NOT observed plant-stress ground truth
2025-01-07 14:30:00,14.5,Seedling,26.2,70.4,47849.0,24.0,High Light Stress,65.6,Moderate,High Light Stress,19.2,Low,Train,Derived prototype label - NOT observed plant-stress ground truth
2025-01-07 15:00:00,15.0,Seedling,25.83,65.53,48845.0,24.07,High Light Stress,19.2,Low,No Significant Environmental Stress,0.9,Low,Train,Derived prototype label - NOT observed plant-stress ground truth
2025-01-07 15:30:00,15.5,Seedling,25.06,70.38,35692.0,24.12,No Significant Environmental Stress,0.9,Low,No Significant Environmental Stress,0.8,Low,Train,Derived prototype label - NOT observed plant-stress ground truth
2025-01-07 16:00:00,16.0,Seedling,24.24,71.35,29399.0,24.08,No Significant Environmental Stress,0.8,Low,No Significant Environmental Stress,0.1,Low,Train,Derived prototype label - NOT observed plant-stress ground truth
2025-01-07 16:30:00,16.5,Seedling,23.38,73.21,18827.0,24.07,No Significant Environmental Stress,0.1,Low,Low Light Stress,31.0,Low,Train,Derived prototype label - NOT observed plant-stress ground truth
2025-01-07 17:00:00,17.0,Seedling,22.61,72.36,10595.0,24.01,Low Light Stress,31.0,Low,No Significant Environmental Stress,0.0,Low,Train,Derived prototype label - NOT observed plant-stress ground truth
2025-01-07 17:30:00,17.5,Seedling,22.0,73.17,4979.0,23.86,No Significant Environmental Stress,0.0,Low,No Significant Environmental Stress,0.0,Low,Train,Derived prototype label - NOT observed plant-stress ground truth
2025-01-07 18:00:00,18.0,Seedling,20.88,72.38,0.0,23.64,No Significant Environmental Stress,0.0,Low,No Significant Environmental Stress,0.0,Low,Train,Derived prototype label - NOT observed plant-stress ground truth
2025-01-07 18:30:00,18.5,Seedling,20.89,72.81,0.0,23.48,No Significant Environmental Stress,0.0,Low,No Significant Environmental Stress,0.0,Low,Train,Derived prototype label - NOT observed plant-stress ground truth
2025-01-07 19:00:00,19.0,Seedling,20.94,73.86,0.0,23.37,No Significant Environmental Stress,0.0,Low,No Significant Environmental Stress,0.0,Low,Train,Derived prototype label - NOT observed plant-stress ground truth
2025-01-07 19:30:00,19.5,Seedling,21.02,72.25,0.0,23.25,No Significant Environmental Stress,0.0,Low,No Significant Environmental Stress,0.0,Low,Train,Derived prototype label - NOT observed plant-stress ground truth
2025-01-07 20:00:00,20.0,Seedling,21.13,75.97,0.0,23.13,No Significant Environmental Stress,0.0,Low,No Significant Environmental Stress,0.0,Low,Train,Derived prototype label - NOT observed plant-stress ground truth
2025-01-07 20:30:00,20.5,Seedling,21.25,77.73,0.0,23.03,No Significant Environmental Stress,0.0,Low,No Significant Environmental Stress,0.0,Low,Train,Derived prototype label - NOT observed plant-stress ground truth
2025-01-07 21:00:00,21.0,Seedling,21.38,73.98,0.0,22.84,No Significant Environmental Stress,0.0,Low,No Significant Environmental Stress,0.0,Low,Train,Derived prototype label - NOT observed plant-stress ground truth
2025-01-07 21:30:00,21.5,Seedling,21.51,73.63,0.0,22.76,No Significant Environmental Stress,0.0,Low,No Significant Environmental Stress,0.0,Low,Train,Derived prototype label - NOT observed plant-stress ground truth
2025-01-07 22:00:00,22.0,Seedling,21.63,70.73,0.0,22.68,No Significant Environmental Stress,0.0,Low,No Significant Environmental Stress,0.0,Low,Train,Derived prototype label - NOT observed plant-stress ground truth
2025-01-07 22:30:00,22.5,Seedling,21.73,76.88,0.0,22.68,No Significant Environmental Stress,0.0,Low,No Significant Environmental Stress,0.0,Low,Train,Derived prototype label - NOT observed plant-stress ground truth
2025-01-07 23:00:00,23.0,Seedling,21.81,75.09,0.0,22.57,No Significant Environmental Stress,0.0,Low,No Significant Environmental Stress,11.4,Low,Train,Derived prototype label - NOT observed plant-stress ground truth
2025-01-07 23:30:00,23.5,Seedling,21.86,73.73,0.0,22.51,No Significant Environmental Stress,11.4,Low,No Significant Environmental Stress,2.3,Low,Train,Derived prototype label - NOT observed plant-stress ground truth
2025-01-08 00:00:00,0.0,Seedling,22.21,82.3,0.0,22.44,No Significant Environmental Stress,2.3,Low,No Significant Environmental Stress,7.0,Low,Train,Derived prototype label - NOT observed plant-stress ground truth
2025-01-08 00:30:00,0.5,Seedling,22.19,80.06,0.0,22.39,No Significant Environmental Stress,7.0,Low,High Humidity Stress,20.0,Low,Train,Derived prototype label - NOT observed plant-stress ground truth
2025-01-08 01:00:00,1.0,Seedling,22.14,81.4,0.0,22.38,High Humidity Stress,20.0,Low,No Significant Environmental Stress,12.6,Low,Train,Derived prototype label - NOT observed plant-stress ground truth
2025-01-08 01:30:00,1.5,Seedling,22.06,84.34,0.0,22.33,No Significant Environmental Stress,12.6,Low,High Humidity Stress,19.4,Low,Train,Derived prototype label - NOT observed plant-stress ground truth
2025-01-08 02:00:00,2.0,Seedling,21.96,82.77,0.0,22.36,High Humidity Stress,19.4,Low,No Significant Environmental Stress,12.8,Low,Train,Derived prototype label - NOT observed plant-stress ground truth
2025-01-08 02:30:00,2.5,Seedling,21.84,84.26,0.0,22.37,No Significant Environmental Stress,12.8,Low,No Significant Environmental Stress,8.0,Low,Train,Derived prototype label - NOT observed plant-stress ground truth
2025-01-08 03:00:00,3.0,Seedling,21.71,82.8,0.0,22.37,No Significant Environmental Stress,8.0,Low,High Humidity Stress,32.2,Low,Train,Derived prototype label - NOT observed plant-stress ground truth
2025-01-08 03:30:00,3.5,Seedling,21.58,81.75,0.0,22.35,High Humidity Stress,32.2,Low,No Significant Environmental Stress,2.1,Low,Train,Derived prototype label - NOT observed plant-stress ground truth
2025-01-08 04:00:00,4.0,Seedling,21.46,87.07,0.0,22.32,No Significant Environmental Stress,2.1,Low,High Humidity Stress,24.7,Low,Train,Derived prototype label - NOT observed plant-stress ground truth
2025-01-08 04:30:00,4.5,Seedling,21.35,80.47,0.0,22.35,High Humidity Stress,24.7,Low,High Humidity Stress,25.7,Low,Train,Derived prototype label - NOT observed plant-stress ground truth
2025-01-08 05:00:00,5.0,Seedling,21.27,85.42,0.0,22.32,High Humidity Stress,25.7,Low,Low Light Stress,83.9,High,Train,Derived prototype label - NOT observed plant-stress ground truth
2025-01-08 05:30:00,5.5,Seedling,21.22,85.64,0.0,22.33,Low Light Stress,83.9,High,High Humidity Stress,20.9,Low,Train,Derived prototype label - NOT observed plant-stress ground truth
2025-01-08 06:00:00,6.0,Seedling,21.21,81.05,0.0,22.26,High Humidity Stress,20.9,Low,No Significant Environmental Stress,2.6,Low,Train,Derived prototype label - NOT observed plant-stress ground truth
2025-01-08 06:30:00,6.5,Seedling,22.34,83.36,6597.0,22.24,No Significant Environmental Stress,2.6,Low,No Significant Environmental Stress,0.0,Low,Train,Derived prototype label - NOT observed plant-stress ground truth
2025-01-08 07:00:00,7.0,Seedling,22.97,80.56,12844.0,22.28,No Significant Environmental Stress,0.0,Low,No Significant Environmental Stress,0.0,Low,Train,Derived prototype label - NOT observed plant-stress ground truth
2025-01-08 07:30:00,7.5,Seedling,23.58,77.28,18271.0,22.36,No Significant Environmental Stress,0.0,Low,No Significant Environmental Stress,6.1,Low,Train,Derived prototype label - NOT observed plant-stress ground truth
2025-01-08 08:00:00,8.0,Seedling,24.15,78.44,24656.0,22.36,No Significant Environmental Stress,6.1,Low,High Light Stress,37.1,Moderate,Train,Derived prototype label - NOT observed plant-stress ground truth
2025-01-08 08:30:00,8.5,Seedling,24.68,74.87,31848.0,22.43,High Light Stress,37.1,Moderate,High Light Stress,22.9,Low,Train,Derived prototype label - NOT observed plant-stress ground truth
2025-01-08 09:00:00,9.0,Seedling,25.16,79.22,41097.0,22.52,High Light Stress,22.9,Low,High Light Stress,46.2,Moderate,Train,Derived prototype label - NOT observed plant-stress ground truth
2025-01-08 09:30:00,9.5,Seedling,25.58,76.37,36170.0,22.65,High Light Stress,46.2,Moderate,High Light Stress,67.5,Moderate,Train,Derived prototype label - NOT observed plant-stress ground truth
2025-01-08 10:00:00,10.0,Seedling,25.94,76.25,42775.0,22.76,High Light Stress,67.5,Moderate,High Light Stress,66.7,Moderate,Train,Derived prototype label - NOT observed plant-stress ground truth
2025-01-08 10:30:00,10.5,Seedling,26.22,73.1,48871.0,22.96,High Light Stress,66.7,Moderate,High Light Stress,66.2,Moderate,Train,Derived prototype label - NOT observed plant-stress ground truth
2025-01-08 11:00:00,11.0,Seedling,26.43,75.09,48349.0,23.13,High Light Stress,66.2,Moderate,High Light Stress,61.0,Moderate,Train,Derived prototype label - NOT observed plant-stress ground truth
2025-01-08 11:30:00,11.5,Seedling,26.55,71.28,48017.0,23.28,High Light Stress,61.0,Moderate,High Light Stress,64.1,Moderate,Train,Derived prototype label - NOT observed plant-stress ground truth
2025-01-08 12:00:00,12.0,Seedling,26.59,74.87,46394.0,23.44,High Light Stress,64.1,Moderate,High Light Stress,60.3,Moderate,Train,Derived prototype label - NOT observed plant-stress ground truth
2025-01-08 12:30:00,12.5,Seedling,26.55,70.57,47376.0,23.62,High Light Stress,60.3,Moderate,High Light Stress,24.2,Low,Train,Derived prototype label - NOT observed plant-stress ground truth
2025-01-08 13:00:00,13.0,Seedling,26.43,71.21,46399.0,23.79,High Light Stress,24.2,Low,High Light Stress,49.4,Moderate,Train,Derived prototype label - NOT observed plant-stress ground truth
2025-01-08 13:30:00,13.5,Seedling,26.22,77.14,35674.0,23.96,High Light Stress,49.4,Moderate,High Light Stress,52.0,Moderate,Train,Derived prototype label - NOT observed plant-stress ground truth
2025-01-08 14:00:00,14.0,Seedling,25.94,76.79,43753.0,24.08,High Light Stress,52.0,Moderate,High Light Stress,17.6,Low,Train,Derived prototype label - NOT observed plant-stress ground truth
2025-01-08 14:30:00,14.5,Seedling,25.58,74.84,45055.0,24.15,High Light Stress,17.6,Low,No Significant Environmental Stress,2.5,Low,Train,Derived prototype label - NOT observed plant-stress ground truth
2025-01-08 15:00:00,15.0,Seedling,25.16,77.34,35056.0,24.23,No Significant Environmental Stress,2.5,Low,No Significant Environmental Stress,2.2,Low,Train,Derived prototype label - NOT observed plant-stress ground truth
2025-01-08 15:30:00,15.5,Seedling,24.68,77.42,30512.0,24.16,No Significant Environmental Stress,2.2,Low,No Significant Environmental Stress,1.5,Low,Train,Derived prototype label - NOT observed plant-stress ground truth
2025-01-08 16:00:00,16.0,Seedling,24.15,76.68,26688.0,24.19,No Significant Environmental Stress,1.5,Low,No Significant Environmental Stress,1.4,Low,Train,Derived prototype label - NOT observed plant-stress ground truth
2025-01-08 16:30:00,16.5,Seedling,23.58,78.09,22973.0,24.13,No Significant Environmental Stress,1.4,Low,High Humidity Stress,22.4,Low,Train,Derived prototype label - NOT observed plant-stress ground truth
2025-01-08 17:00:00,17.0,Seedling,22.97,79.79,12613.0,24.12,High Humidity Stress,22.4,Low,High Humidity Stress,23.0,Low,Train,Derived prototype label - NOT observed plant-stress ground truth
2025-01-08 17:30:00,17.5,Seedling,22.34,83.72,6633.0,23.99,High Humidity Stress,23.0,Low,No Significant Environmental Stress,11.9,Low,Train,Derived prototype label - NOT observed plant-stress ground truth
2025-01-08 18:00:00,18.0,Seedling,21.21,85.05,0.0,23.81,No Significant Environmental Stress,11.9,Low,High Humidity Stress,14.2,Low,Train,Derived prototype label - NOT observed plant-stress ground truth
2025-01-08 18:30:00,18.5,Seedling,21.22,82.62,0.0,23.59,High Humidity Stress,14.2,Low,High Humidity Stress,16.2,Low,Train,Derived prototype label - NOT observed plant-stress ground truth
2025-01-08 19:00:00,19.0,Seedling,21.27,83.11,0.0,23.43,High Humidity Stress,16.2,Low,No Significant Environmental Stress,11.6,Low,Train,Derived prototype label - NOT observed plant-stress ground truth
2025-01-08 19:30:00,19.5,Seedling,21.35,83.55,0.0,23.34,No Significant Environmental Stress,11.6,Low,High Humidity Stress,15.3,Low,Train,Derived prototype label - NOT observed plant-stress ground truth
2025-01-08 20:00:00,20.0,Seedling,21.46,82.54,0.0,23.23,High Humidity Stress,15.3,Low,High Humidity Stress,14.9,Low,Train,Derived prototype label - NOT observed plant-stress ground truth
2025-01-08 20:30:00,20.5,Seedling,21.58,83.35,0.0,23.04,High Humidity Stress,14.9,Low,No Significant Environmental Stress,11.1,Low,Train,Derived prototype label - NOT observed plant-stress ground truth
2025-01-08 21:00:00,21.0,Seedling,21.71,83.27,0.0,22.95,No Significant Environmental Stress,11.1,Low,High Humidity Stress,23.9,Low,Train,Derived prototype label - NOT observed plant-stress ground truth
2025-01-08 21:30:00,21.5,Seedling,21.84,82.43,0.0,22.84,High Humidity Stress,23.9,Low,High Humidity Stress,28.0,Low,Train,Derived prototype label - NOT observed plant-stress ground truth
2025-01-08 22:00:00,22.0,Seedling,21.96,85.25,0.0,22.73,High Humidity Stress,28.0,Low,High Humidity Stress,17.8,Low,Train,Derived prototype label - NOT observed plant-stress ground truth
2025-01-08 22:30:00,22.5,Seedling,22.06,86.09,0.0,22.69,High Humidity Stress,17.8,Low,No Significant Environmental Stress,7.9,Low,Train,Derived prototype label - NOT observed plant-stress ground truth
2025-01-08 23:00:00,23.0,Seedling,22.14,83.77,0.0,22.64,No Significant Environmental Stress,7.9,Low,No Significant Environmental Stress,0.0,Low,Train,Derived prototype label - NOT observed plant-stress ground truth
2025-01-08 23:30:00,23.5,Seedling,22.19,81.55,0.0,22.56,No Significant Environmental Stress,0.0,Low,No Significant Environmental Stress,0.0,Low,Train,Derived prototype label - NOT observed plant-stress ground truth
2025-01-09 00:00:00,0.0,Seedling,21.45,75.29,0.0,22.56,No Significant Environmental Stress,0.0,Low,No Significant Environmental Stress,0.0,Low,Train,Derived prototype label - NOT observed plant-stress ground truth
2025-01-09 00:30:00,0.5,Seedling,21.43,76.44,0.0,22.51,No Significant Environmental Stress,0.0,Low,No Significant Environmental Stress,0.0,Low,Train,Derived prototype label - NOT observed plant-stress ground truth
2025-01-09 01:00:00,1.0,Seedling,21.38,72.84,0.0,22.44,No Significant Environmental Stress,0.0,Low,No Significant Environmental Stress,10.2,Low,Train,Derived prototype label - NOT observed plant-stress ground truth
2025-01-09 01:30:00,1.5,Seedling,21.3,75.17,0.0,22.41,No Significant Environmental Stress,10.2,Low,No Significant Environmental Stress,0.0,Low,Train,Derived prototype label - NOT observed plant-stress ground truth
2025-01-09 02:00:00,2.0,Seedling,21.2,82.25,0.0,22.35,No Significant Environmental Stress,0.0,Low,No Significant Environmental Stress,0.0,Low,Train,Derived prototype label - NOT observed plant-stress ground truth
2025-01-09 02:30:00,2.5,Seedling,21.08,71.91,0.0,22.3,No Significant Environmental Stress,0.0,Low,No Significant Environmental Stress,0.0,Low,Train,Derived prototype label - NOT observed plant-stress ground truth
2025-01-09 03:00:00,3.0,Seedling,20.95,73.85,0.0,22.23,No Significant Environmental Stress,0.0,Low,No Significant Environmental Stress,0.0,Low,Train,Derived prototype label - NOT observed plant-stress ground truth
2025-01-09 03:30:00,3.5,Seedling,20.82,73.23,0.0,22.14,No Significant Environmental Stress,0.0,Low,No Significant Environmental Stress,0.0,Low,Train,Derived prototype label - NOT observed plant-stress ground truth
2025-01-09 04:00:00,4.0,Seedling,20.7,72.34,0.0,22.11,No Significant Environmental Stress,0.0,Low,No Significant Environmental Stress,0.0,Low,Train,Derived prototype label - NOT observed plant-stress ground truth
2025-01-09 04:30:00,4.5,Seedling,20.6,74.29,0.0,22.07,No Significant Environmental Stress,0.0,Low,No Significant Environmental Stress,0.0,Low,Train,Derived prototype label - NOT observed plant-stress ground truth
2025-01-09 05:00:00,5.0,Seedling,20.52,73.66,0.0,21.95,No Significant Environmental Stress,0.0,Low,Low Light Stress,84.5,High,Train,Derived prototype label - NOT observed plant-stress ground truth
2025-01-09 05:30:00,5.5,Seedling,20.47,75.79,0.0,21.85,Low Light Stress,84.5,High,Low Light Stress,40.4,Moderate,Train,Derived prototype label - NOT observed plant-stress ground truth
2025-01-09 06:00:00,6.0,Seedling,20.45,73.82,0.0,21.82,Low Light Stress,40.4,Moderate,No Significant Environmental Stress,0.0,Low,Train,Derived prototype label - NOT observed plant-stress ground truth
2025-01-09 06:30:00,6.5,Seedling,21.87,73.86,4061.0,21.88,No Significant Environmental Stress,0.0,Low,No Significant Environmental Stress,0.0,Low,Train,Derived prototype label - NOT observed plant-stress ground truth
2025-01-09 07:00:00,7.0,Seedling,22.78,73.68,8070.0,21.96,No Significant Environmental Stress,0.0,Low,No Significant Environmental Stress,0.0,Low,Train,Derived prototype label - NOT observed plant-stress ground truth
2025-01-09 07:30:00,7.5,Seedling,23.65,66.47,11514.0,22.12,No Significant Environmental Stress,0.0,Low,No Significant Environmental Stress,2.9,Low,Train,Derived prototype label - NOT observed plant-stress ground truth
2025-01-09 08:00:00,8.0,Seedling,24.48,69.14,17362.0,22.26,No Significant Environmental Stress,2.9,Low,No Significant Environmental Stress,11.1,Low,Train,Derived prototype label - NOT observed plant-stress ground truth
2025-01-09 08:30:00,8.5,Seedling,25.25,70.21,18961.0,22.43,No Significant Environmental Stress,11.1,Low,Heat Stress,18.4,Low,Train,Derived prototype label - NOT observed plant-stress ground truth
2025-01-09 09:00:00,9.0,Seedling,25.95,67.22,24173.0,22.62,Heat Stress,18.4,Low,Heat Stress,24.2,Low,Train,Derived prototype label - NOT observed plant-stress ground truth
2025-01-09 09:30:00,9.5,Seedling,26.55,64.83,26268.0,22.82,Heat Stress,24.2,Low,Heat Stress,36.7,Moderate,Train,Derived prototype label - NOT observed plant-stress ground truth
2025-01-09 10:00:00,10.0,Seedling,27.07,67.7,26924.0,23.04,Heat Stress,36.7,Moderate,Heat Stress,32.4,Low,Train,Derived prototype label - NOT observed plant-stress ground truth
2025-01-09 10:30:00,10.5,Seedling,27.48,59.03,30339.0,23.19,Heat Stress,32.4,Low,Heat Stress,39.7,Moderate,Train,Derived prototype label - NOT observed plant-stress ground truth
2025-01-09 11:00:00,11.0,Seedling,27.77,65.31,27805.0,23.37,Heat Stress,39.7,Moderate,Heat Stress,38.2,Moderate,Train,Derived prototype label - NOT observed plant-stress ground truth
2025-01-09 11:30:00,11.5,Seedling,27.95,60.98,28036.0,23.6,Heat Stress,38.2,Moderate,Combined Environmental Stress,51.2,Moderate,Train,Derived prototype label - NOT observed plant-stress ground truth
2025-01-09 12:00:00,12.0,Seedling,28.02,62.83,31424.0,23.77,Combined Environmental Stress,51.2,Moderate,Combined Environmental Stress,92.6,High,Train,Derived prototype label - NOT observed plant-stress ground truth
2025-01-09 12:30:00,12.5,Seedling,27.95,53.49,33141.0,23.97,Combined Environmental Stress,92.6,High,Combined Environmental Stress,78.7,High,Train,Derived prototype label - NOT observed plant-stress ground truth
2025-01-09 13:00:00,13.0,Seedling,27.77,40.63,36078.0,24.13,Combined Environmental Stress,78.7,High,Low Humidity Stress,35.4,Moderate,Train,Derived prototype label - NOT observed plant-stress ground truth
2025-01-09 13:30:00,13.5,Seedling,27.48,44.45,27558.0,24.32,Low Humidity Stress,35.4,Moderate,Heat Stress,20.8,Low,Train,Derived prototype label - NOT observed plant-stress ground truth
2025-01-09 14:00:00,14.0,Seedling,27.07,57.09,26914.0,24.41,Heat Stress,20.8,Low,No Significant Environmental Stress,13.8,Low,Train,Derived prototype label - NOT observed plant-stress ground truth
2025-01-09 14:30:00,14.5,Seedling,26.55,66.82,25424.0,24.58,No Significant Environmental Stress,13.8,Low,No Significant Environmental Stress,7.7,Low,Train,Derived prototype label - NOT observed plant-stress ground truth
2025-01-09 15:00:00,15.0,Seedling,25.95,67.07,23710.0,24.58,No Significant Environmental Stress,7.7,Low,No Significant Environmental Stress,8.4,Low,Train,Derived prototype label - NOT observed plant-stress ground truth
2025-01-09 15:30:00,15.5,Seedling,25.25,65.04,17858.0,24.56,No Significant Environmental Stress,8.4,Low,No Significant Environmental Stress,4.8,Low,Train,Derived prototype label - NOT observed plant-stress ground truth
2025-01-09 16:00:00,16.0,Seedling,24.48,63.16,15330.0,24.52,No Significant Environmental Stress,4.8,Low,No Significant Environmental Stress,4.3,Low,Train,Derived prototype label - NOT observed plant-stress ground truth
2025-01-09 16:30:00,16.5,Seedling,23.65,71.84,13479.0,24.41,No Significant Environmental Stress,4.3,Low,Low Light Stress,41.7,Moderate,Train,Derived prototype label - NOT observed plant-stress ground truth
2025-01-09 17:00:00,17.0,Seedling,22.78,71.4,7694.0,24.25,Low Light Stress,41.7,Moderate,No Significant Environmental Stress,0.0,Low,Train,Derived prototype label - NOT observed plant-stress ground truth
2025-01-09 17:30:00,17.5,Seedling,21.87,77.78,3982.0,24.11,No Significant Environmental Stress,0.0,Low,No Significant Environmental Stress,0.0,Low,Train,Derived prototype label - NOT observed plant-stress ground truth
2025-01-09 18:00:00,18.0,Seedling,20.45,73.71,0.0,23.83,No Significant Environmental Stress,0.0,Low,No Significant Environmental Stress,0.0,Low,Train,Derived prototype label - NOT observed plant-stress ground truth
2025-01-09 18:30:00,18.5,Seedling,20.47,73.57,0.0,23.66,No Significant Environmental Stress,0.0,Low,No Significant Environmental Stress,0.0,Low,Train,Derived prototype label - NOT observed plant-stress ground truth
2025-01-09 19:00:00,19.0,Seedling,20.52,73.18,0.0,23.54,No Significant Environmental Stress,0.0,Low,No Significant Environmental Stress,0.0,Low,Train,Derived prototype label - NOT observed plant-stress ground truth
2025-01-09 19:30:00,19.5,Seedling,20.6,75.54,0.0,23.3,No Significant Environmental Stress,0.0,Low,No Significant Environmental Stress,0.0,Low,Train,Derived prototype label - NOT observed plant-stress ground truth
2025-01-09 20:00:00,20.0,Seedling,20.7,74.48,0.0,23.2,No Significant Environmental Stress,0.0,Low,No Significant Environmental Stress,0.0,Low,Train,Derived prototype label - NOT observed plant-stress ground truth
2025-01-09 20:30:00,20.5,Seedling,20.82,71.84,0.0,23.09,No Significant Environmental Stress,0.0,Low,No Significant Environmental Stress,0.0,Low,Train,Derived prototype label - NOT observed plant-stress ground truth
2025-01-09 21:00:00,21.0,Seedling,20.95,74.51,0.0,22.85,No Significant Environmental Stress,0.0,Low,No Significant Environmental Stress,0.0,Low,Train,Derived prototype label - NOT observed plant-stress ground truth
2025-01-09 21:30:00,21.5,Seedling,21.08,74.58,0.0,22.71,No Significant Environmental Stress,0.0,Low,No Significant Environmental Stress,0.0,Low,Train,Derived prototype label - NOT observed plant-stress ground truth
2025-01-09 22:00:00,22.0,Seedling,21.2,73.39,0.0,22.71,No Significant Environmental Stress,0.0,Low,No Significant Environmental Stress,0.0,Low,Train,Derived prototype label - NOT observed plant-stress ground truth
2025-01-09 22:30:00,22.5,Seedling,21.3,75.7,0.0,22.56,No Significant Environmental Stress,0.0,Low,No Significant Environmental Stress,0.0,Low,Train,Derived prototype label - NOT observed plant-stress ground truth
2025-01-09 23:00:00,23.0,Seedling,21.38,72.02,0.0,22.52,No Significant Environmental Stress,0.0,Low,High Humidity Stress,20.6,Low,Train,Derived prototype label - NOT observed plant-stress ground truth
2025-01-09 23:30:00,23.5,Seedling,21.43,75.56,0.0,22.41,High Humidity Stress,20.6,Low,High Humidity Stress,20.4,Low,Train,Derived prototype label - NOT observed plant-stress ground truth
2025-01-10 00:00:00,0.0,Seedling,19.72,84.53,0.0,22.25,High Humidity Stress,20.4,Low,High Humidity Stress,17.0,Low,Train,Derived prototype label - NOT observed plant-stress ground truth
2025-01-10 00:30:00,0.5,Seedling,19.71,84.47,0.0,22.24,High Humidity Stress,17.0,Low,High Humidity Stress,15.9,Low,Train,Derived prototype label - NOT observed plant-stress ground truth
2025-01-10 01:00:00,1.0,Seedling,19.66,83.74,0.0,22.11,High Humidity Stress,15.9,Low,High Humidity Stress,21.5,Low,Train,Derived prototype label - NOT observed plant-stress ground truth
2025-01-10 01:30:00,1.5,Seedling,19.58,83.49,0.0,21.94,High Humidity Stress,21.5,Low,High Humidity Stress,28.8,Low,Train,Derived prototype label - NOT observed plant-stress ground truth
2025-01-10 02:00:00,2.0,Seedling,19.47,84.72,0.0,21.86,High Humidity Stress,28.8,Low,High Humidity Stress,14.6,Low,Train,Derived prototype label - NOT observed plant-stress ground truth
2025-01-10 02:30:00,2.5,Seedling,19.35,86.32,0.0,21.75,High Humidity Stress,14.6,Low,High Humidity Stress,20.4,Low,Train,Derived prototype label - NOT observed plant-stress ground truth
2025-01-10 03:00:00,3.0,Seedling,19.22,83.2,0.0,21.69,High Humidity Stress,20.4,Low,High Humidity Stress,15.5,Low,Train,Derived prototype label - NOT observed plant-stress ground truth
2025-01-10 03:30:00,3.5,Seedling,19.09,84.48,0.0,21.58,High Humidity Stress,15.5,Low,No Significant Environmental Stress,10.2,Low,Train,Derived prototype label - NOT observed plant-stress ground truth
2025-01-10 04:00:00,4.0,Seedling,18.97,83.41,0.0,21.47,No Significant Environmental Stress,10.2,Low,High Humidity Stress,18.5,Low,Train,Derived prototype label - NOT observed plant-stress ground truth
2025-01-10 04:30:00,4.5,Seedling,18.87,82.25,0.0,21.42,High Humidity Stress,18.5,Low,High Humidity Stress,23.6,Low,Train,Derived prototype label - NOT observed plant-stress ground truth
2025-01-10 05:00:00,5.0,Seedling,18.79,84.07,0.0,21.38,High Humidity Stress,23.6,Low,Combined Environmental Stress,92.4,High,Train,Derived prototype label - NOT observed plant-stress ground truth
2025-01-10 05:30:00,5.5,Seedling,18.74,85.19,0.0,21.39,Combined Environmental Stress,92.4,High,Low Light Stress,46.7,Moderate,Train,Derived prototype label - NOT observed plant-stress ground truth
2025-01-10 06:00:00,6.0,Seedling,18.72,82.6,0.0,21.39,Low Light Stress,46.7,Moderate,High Humidity Stress,29.2,Low,Train,Derived prototype label - NOT observed plant-stress ground truth
2025-01-10 06:30:00,6.5,Seedling,20.34,84.4,4209.0,21.45,High Humidity Stress,29.2,Low,No Significant Environmental Stress,1.2,Low,Train,Derived prototype label - NOT observed plant-stress ground truth
2025-01-10 07:00:00,7.0,Seedling,21.43,84.98,6380.0,21.56,No Significant Environmental Stress,1.2,Low,High Humidity Stress,16.7,Low,Train,Derived prototype label - NOT observed plant-stress ground truth
2025-01-10 07:30:00,7.5,Seedling,22.49,80.26,9943.0,21.68,High Humidity Stress,16.7,Low,No Significant Environmental Stress,0.0,Low,Train,Derived prototype label - NOT observed plant-stress ground truth
2025-01-10 08:00:00,8.0,Seedling,23.49,83.67,13497.0,21.77,No Significant Environmental Stress,0.0,Low,No Significant Environmental Stress,2.9,Low,Train,Derived prototype label - NOT observed plant-stress ground truth
2025-01-10 08:30:00,8.5,Seedling,24.41,78.04,14848.0,21.92,No Significant Environmental Stress,2.9,Low,No Significant Environmental Stress,11.6,Low,Train,Derived prototype label - NOT observed plant-stress ground truth
2025-01-10 09:00:00,9.0,Seedling,25.25,74.87,18698.0,22.1,No Significant Environmental Stress,11.6,Low,Heat Stress,18.9,Low,Train,Derived prototype label - NOT observed plant-stress ground truth
2025-01-10 09:30:00,9.5,Seedling,25.99,75.53,19399.0,22.34,Heat Stress,18.9,Low,Heat Stress,24.6,Low,Train,Derived prototype label - NOT observed plant-stress ground truth
2025-01-10 10:00:00,10.0,Seedling,26.61,73.1,24199.0,22.6,Heat Stress,24.6,Low,Heat Stress,28.8,Low,Train,Derived prototype label - NOT observed plant-stress ground truth
2025-01-10 10:30:00,10.5,Seedling,27.1,74.63,24603.0,22.85,Heat Stress,28.8,Low,Heat Stress,31.4,Low,Train,Derived prototype label - NOT observed plant-stress ground truth
2025-01-10 11:00:00,11.0,Seedling,27.46,71.48,26933.0,23.11,Heat Stress,31.4,Low,Heat Stress,32.2,Low,Train,Derived prototype label - NOT observed plant-stress ground truth
2025-01-10 11:30:00,11.5,Seedling,27.68,71.0,26151.0,23.34,Heat Stress,32.2,Low,Heat Stress,31.4,Low,Train,Derived prototype label - NOT observed plant-stress ground truth
2025-01-10 12:00:00,12.0,Seedling,27.75,72.33,25987.0,23.59,Heat Stress,31.4,Low,Heat Stress,28.8,Low,Train,Derived prototype label - NOT observed plant-stress ground truth
2025-01-10 12:30:00,12.5,Seedling,27.68,71.87,28894.0,23.83,Heat Stress,28.8,Low,Heat Stress,25.1,Low,Train,Derived prototype label - NOT observed plant-stress ground truth
2025-01-10 13:00:00,13.0,Seedling,27.46,70.32,28156.0,23.93,Heat Stress,25.1,Low,Heat Stress,19.8,Low,Train,Derived prototype label - NOT observed plant-stress ground truth
2025-01-10 13:30:00,13.5,Seedling,27.1,74.74,23445.0,24.1,Heat Stress,19.8,Low,No Significant Environmental Stress,13.1,Low,Train,Derived prototype label - NOT observed plant-stress ground truth
2025-01-10 14:00:00,14.0,Seedling,26.61,76.87,27362.0,24.21,No Significant Environmental Stress,13.1,Low,No Significant Environmental Stress,5.2,Low,Train,Derived prototype label - NOT observed plant-stress ground truth
2025-01-10 14:30:00,14.5,Seedling,25.99,75.17,22070.0,24.32,No Significant Environmental Stress,5.2,Low,No Significant Environmental Stress,4.5,Low,Train,Derived prototype label - NOT observed plant-stress ground truth
2025-01-10 15:00:00,15.0,Seedling,25.25,77.34,19984.0,24.35,No Significant Environmental Stress,4.5,Low,No Significant Environmental Stress,4.0,Low,Train,Derived prototype label - NOT observed plant-stress ground truth
2025-01-10 15:30:00,15.5,Seedling,24.41,79.18,18540.0,24.38,No Significant Environmental Stress,4.0,Low,No Significant Environmental Stress,4.0,Low,Train,Derived prototype label - NOT observed plant-stress ground truth
2025-01-10 16:00:00,16.0,Seedling,23.49,80.08,12146.0,24.33,No Significant Environmental Stress,4.0,Low,High Humidity Stress,16.3,Low,Train,Derived prototype label - NOT observed plant-stress ground truth
2025-01-10 16:30:00,16.5,Seedling,22.49,78.64,10072.0,24.34,High Humidity Stress,16.3,Low,Combined Environmental Stress,55.6,Moderate,Train,Derived prototype label - NOT observed plant-stress ground truth
2025-01-10 17:00:00,17.0,Seedling,21.43,83.45,7856.0,24.1,Combined Environmental Stress,55.6,Moderate,High Humidity Stress,39.4,Moderate,Train,Derived prototype label - NOT observed plant-stress ground truth
2025-01-10 17:30:00,17.5,Seedling,20.34,85.92,3600.0,23.97,High Humidity Stress,39.4,Moderate,High Humidity Stress,22.2,Low,Train,Derived prototype label - NOT observed plant-stress ground truth
2025-01-10 18:00:00,18.0,Seedling,18.72,88.65,0.0,23.75,High Humidity Stress,22.2,Low,No Significant Environmental Stress,11.5,Low,Train,Derived prototype label - NOT observed plant-stress ground truth
2025-01-10 18:30:00,18.5,Seedling,18.74,84.87,0.0,23.5,No Significant Environmental Stress,11.5,Low,No Significant Environmental Stress,7.8,Low,Train,Derived prototype label - NOT observed plant-stress ground truth
2025-01-10 19:00:00,19.0,Seedling,18.79,82.52,0.0,23.26,No Significant Environmental Stress,7.8,Low,No Significant Environmental Stress,6.2,Low,Train,Derived prototype label - NOT observed plant-stress ground truth
2025-01-10 19:30:00,19.5,Seedling,18.87,81.72,0.0,23.05,No Significant Environmental Stress,6.2,Low,No Significant Environmental Stress,7.5,Low,Train,Derived prototype label - NOT observed plant-stress ground truth
2025-01-10 20:00:00,20.0,Seedling,18.97,81.37,0.0,22.84,No Significant Environmental Stress,7.5,Low,High Humidity Stress,17.9,Low,Train,Derived prototype label - NOT observed plant-stress ground truth
2025-01-10 20:30:00,20.5,Seedling,19.09,81.64,0.0,22.7,High Humidity Stress,17.9,Low,High Humidity Stress,15.3,Low,Train,Derived prototype label - NOT observed plant-stress ground truth
2025-01-10 21:00:00,21.0,Seedling,19.22,83.94,0.0,22.47,High Humidity Stress,15.3,Low,No Significant Environmental Stress,12.8,Low,Train,Derived prototype label - NOT observed plant-stress ground truth
2025-01-10 21:30:00,21.5,Seedling,19.35,83.36,0.0,22.31,No Significant Environmental Stress,12.8,Low,High Humidity Stress,22.0,Low,Train,Derived prototype label - NOT observed plant-stress ground truth
2025-01-10 22:00:00,22.0,Seedling,19.47,82.8,0.0,22.16,High Humidity Stress,22.0,Low,High Humidity Stress,15.7,Low,Train,Derived prototype label - NOT observed plant-stress ground truth
2025-01-10 22:30:00,22.5,Seedling,19.58,84.84,0.0,22.02,High Humidity Stress,15.7,Low,No Significant Environmental Stress,3.2,Low,Train,Derived prototype label - NOT observed plant-stress ground truth
2025-01-10 23:00:00,23.0,Seedling,19.66,83.45,0.0,21.88,No Significant Environmental Stress,3.2,Low,No Significant Environmental Stress,0.0,Low,Train,Derived prototype label - NOT observed plant-stress ground truth
2025-01-10 23:30:00,23.5,Seedling,19.71,80.71,0.0,21.71,No Significant Environmental Stress,0.0,Low,No Significant Environmental Stress,0.0,Low,Train,Derived prototype label - NOT observed plant-stress ground truth
2025-01-11 00:00:00,0.0,Seedling,20.9,74.08,0.0,21.78,No Significant Environmental Stress,0.0,Low,No Significant Environmental Stress,0.0,Low,Train,Derived prototype label - NOT observed plant-stress ground truth
2025-01-11 00:30:00,0.5,Seedling,20.88,75.71,0.0,21.78,No Significant Environmental Stress,0.0,Low,No Significant Environmental Stress,0.0,Low,Train,Derived prototype label - NOT observed plant-stress ground truth
2025-01-11 01:00:00,1.0,Seedling,20.83,75.95,0.0,21.77,No Significant Environmental Stress,0.0,Low,No Significant Environmental Stress,0.0,Low,Train,Derived prototype label - NOT observed plant-stress ground truth
2025-01-11 01:30:00,1.5,Seedling,20.75,73.98,0.0,21.79,No Significant Environmental Stress,0.0,Low,No Significant Environmental Stress,0.0,Low,Train,Derived prototype label - NOT observed plant-stress ground truth
2025-01-11 02:00:00,2.0,Seedling,20.65,75.28,0.0,21.78,No Significant Environmental Stress,0.0,Low,No Significant Environmental Stress,0.0,Low,Train,Derived prototype label - NOT observed plant-stress ground truth
2025-01-11 02:30:00,2.5,Seedling,20.53,72.48,0.0,21.82,No Significant Environmental Stress,0.0,Low,No Significant Environmental Stress,0.0,Low,Train,Derived prototype label - NOT observed plant-stress ground truth
2025-01-11 03:00:00,3.0,Seedling,20.4,77.47,0.0,21.77,No Significant Environmental Stress,0.0,Low,No Significant Environmental Stress,0.0,Low,Train,Derived prototype label - NOT observed plant-stress ground truth
2025-01-11 03:30:00,3.5,Seedling,20.27,78.68,0.0,21.74,No Significant Environmental Stress,0.0,Low,No Significant Environmental Stress,0.0,Low,Train,Derived prototype label - NOT observed plant-stress ground truth
2025-01-11 04:00:00,4.0,Seedling,20.15,71.7,0.0,21.7,No Significant Environmental Stress,0.0,Low,No Significant Environmental Stress,0.0,Low,Train,Derived prototype label - NOT observed plant-stress ground truth
2025-01-11 04:30:00,4.5,Seedling,20.05,74.86,0.0,21.68,No Significant Environmental Stress,0.0,Low,No Significant Environmental Stress,0.0,Low,Train,Derived prototype label - NOT observed plant-stress ground truth
2025-01-11 05:00:00,5.0,Seedling,19.97,74.72,0.0,21.64,No Significant Environmental Stress,0.0,Low,Low Light Stress,87.0,High,Train,Derived prototype label - NOT observed plant-stress ground truth
2025-01-11 05:30:00,5.5,Seedling,19.92,76.42,0.0,21.65,Low Light Stress,87.0,High,No Significant Environmental Stress,6.9,Low,Train,Derived prototype label - NOT observed plant-stress ground truth
2025-01-11 06:00:00,6.0,Seedling,19.9,77.25,0.0,21.64,No Significant Environmental Stress,6.9,Low,No Significant Environmental Stress,0.0,Low,Train,Derived prototype label - NOT observed plant-stress ground truth
2025-01-11 06:30:00,6.5,Seedling,21.32,76.29,7326.0,21.63,No Significant Environmental Stress,0.0,Low,No Significant Environmental Stress,0.0,Low,Train,Derived prototype label - NOT observed plant-stress ground truth
2025-01-11 07:00:00,7.0,Seedling,22.22,72.42,14417.0,21.63,No Significant Environmental Stress,0.0,Low,No Significant Environmental Stress,0.0,Low,Train,Derived prototype label - NOT observed plant-stress ground truth
2025-01-11 07:30:00,7.5,Seedling,23.1,75.64,19879.0,21.75,No Significant Environmental Stress,0.0,Low,No Significant Environmental Stress,12.6,Low,Train,Derived prototype label - NOT observed plant-stress ground truth
2025-01-11 08:00:00,8.0,Seedling,23.93,68.79,26873.0,21.92,No Significant Environmental Stress,12.6,Low,High Light Stress,29.4,Low,Train,Derived prototype label - NOT observed plant-stress ground truth
2025-01-11 08:30:00,8.5,Seedling,24.69,70.86,33844.0,22.1,High Light Stress,29.4,Low,High Light Stress,33.6,Low,Train,Derived prototype label - NOT observed plant-stress ground truth
2025-01-11 09:00:00,9.0,Seedling,25.39,68.23,38428.0,22.27,High Light Stress,33.6,Low,High Light Stress,79.0,High,Train,Derived prototype label - NOT observed plant-stress ground truth
2025-01-11 09:30:00,9.5,Seedling,25.99,67.68,38850.0,22.44,High Light Stress,79.0,High,High Light Stress,90.7,High,Train,Derived prototype label - NOT observed plant-stress ground truth
2025-01-11 10:00:00,10.0,Seedling,26.51,68.27,51975.0,22.62,High Light Stress,90.7,High,High Light Stress,65.4,Moderate,Train,Derived prototype label - NOT observed plant-stress ground truth
2025-01-11 10:30:00,10.5,Seedling,26.91,63.98,56080.0,22.78,High Light Stress,65.4,Moderate,Combined Environmental Stress,92.9,High,Train,Derived prototype label - NOT observed plant-stress ground truth
2025-01-11 11:00:00,11.0,Seedling,27.21,67.09,46848.0,22.98,Combined Environmental Stress,92.9,High,Combined Environmental Stress,77.4,High,Train,Derived prototype label - NOT observed plant-stress ground truth
2025-01-11 11:30:00,11.5,Seedling,27.39,66.21,57802.0,23.17,Combined Environmental Stress,77.4,High,Combined Environmental Stress,80.3,High,Train,Derived prototype label - NOT observed plant-stress ground truth
2025-01-11 12:00:00,12.0,Seedling,27.45,69.53,50174.0,23.42,Combined Environmental Stress,80.3,High,High Light Stress,82.9,High,Train,Derived prototype label - NOT observed plant-stress ground truth
2025-01-11 12:30:00,12.5,Seedling,27.39,60.84,51136.0,23.6,High Light Stress,82.9,High,High Light Stress,69.7,Moderate,Train,Derived prototype label - NOT observed plant-stress ground truth
2025-01-11 13:00:00,13.0,Seedling,27.21,65.41,52192.0,23.77,High Light Stress,69.7,Moderate,High Light Stress,42.2,Moderate,Train,Derived prototype label - NOT observed plant-stress ground truth
2025-01-11 13:30:00,13.5,Seedling,26.91,65.32,48582.0,23.99,High Light Stress,42.2,Moderate,High Light Stress,45.8,Moderate,Train,Derived prototype label - NOT observed plant-stress ground truth
2025-01-11 14:00:00,14.0,Seedling,26.51,64.52,40757.0,24.17,High Light Stress,45.8,Moderate,High Light Stress,33.0,Low,Train,Derived prototype label - NOT observed plant-stress ground truth
2025-01-11 14:30:00,14.5,Seedling,25.99,69.27,42591.0,24.21,High Light Stress,33.0,Low,No Significant Environmental Stress,12.6,Low,Train,Derived prototype label - NOT observed plant-stress ground truth
2025-01-11 15:00:00,15.0,Seedling,25.39,68.48,39523.0,24.21,No Significant Environmental Stress,12.6,Low,No Significant Environmental Stress,2.0,Low,Train,Derived prototype label - NOT observed plant-stress ground truth
2025-01-11 15:30:00,15.5,Seedling,24.69,68.62,33619.0,24.16,No Significant Environmental Stress,2.0,Low,No Significant Environmental Stress,1.8,Low,Train,Derived prototype label - NOT observed plant-stress ground truth
2025-01-11 16:00:00,16.0,Seedling,23.93,70.16,26707.0,24.17,No Significant Environmental Stress,1.8,Low,No Significant Environmental Stress,0.4,Low,Train,Derived prototype label - NOT observed plant-stress ground truth
2025-01-11 16:30:00,16.5,Seedling,23.1,74.02,18448.0,24.15,No Significant Environmental Stress,0.4,Low,Low Light Stress,18.0,Low,Train,Derived prototype label - NOT observed plant-stress ground truth
2025-01-11 17:00:00,17.0,Seedling,22.22,75.1,14761.0,24.03,Low Light Stress,18.0,Low,No Significant Environmental Stress,0.0,Low,Train,Derived prototype label - NOT observed plant-stress ground truth
2025-01-11 17:30:00,17.5,Seedling,21.32,77.25,6244.0,23.84,No Significant Environmental Stress,0.0,Low,No Significant Environmental Stress,0.0,Low,Train,Derived prototype label - NOT observed plant-stress ground truth
2025-01-11 18:00:00,18.0,Seedling,19.9,76.68,0.0,23.72,No Significant Environmental Stress,0.0,Low,No Significant Environmental Stress,0.0,Low,Train,Derived prototype label - NOT observed plant-stress ground truth
2025-01-11 18:30:00,18.5,Seedling,19.92,72.14,0.0,23.47,No Significant Environmental Stress,0.0,Low,No Significant Environmental Stress,0.0,Low,Train,Derived prototype label - NOT observed plant-stress ground truth
2025-01-11 19:00:00,19.0,Seedling,19.97,77.43,0.0,23.29,No Significant Environmental Stress,0.0,Low,No Significant Environmental Stress,0.0,Low,Train,Derived prototype label - NOT observed plant-stress ground truth
2025-01-11 19:30:00,19.5,Seedling,20.05,76.59,0.0,23.13,No Significant Environmental Stress,0.0,Low,No Significant Environmental Stress,0.0,Low,Train,Derived prototype label - NOT observed plant-stress ground truth
2025-01-11 20:00:00,20.0,Seedling,20.15,75.36,0.0,22.99,No Significant Environmental Stress,0.0,Low,No Significant Environmental Stress,0.0,Low,Train,Derived prototype label - NOT observed plant-stress ground truth
2025-01-11 20:30:00,20.5,Seedling,20.27,77.9,0.0,22.84,No Significant Environmental Stress,0.0,Low,No Significant Environmental Stress,0.0,Low,Train,Derived prototype label - NOT observed plant-stress ground truth
2025-01-11 21:00:00,21.0,Seedling,20.4,77.1,0.0,22.69,No Significant Environmental Stress,0.0,Low,No Significant Environmental Stress,0.0,Low,Train,Derived prototype label - NOT observed plant-stress ground truth
2025-01-11 21:30:00,21.5,Seedling,20.53,71.25,0.0,22.58,No Significant Environmental Stress,0.0,Low,No Significant Environmental Stress,0.0,Low,Train,Derived prototype label - NOT observed plant-stress ground truth
2025-01-11 22:00:00,22.0,Seedling,20.65,71.97,0.0,22.48,No Significant Environmental Stress,0.0,Low,No Significant Environmental Stress,0.0,Low,Train,Derived prototype label - NOT observed plant-stress ground truth
2025-01-11 22:30:00,22.5,Seedling,20.75,74.22,0.0,22.32,No Significant Environmental Stress,0.0,Low,No Significant Environmental Stress,0.0,Low,Train,Derived prototype label - NOT observed plant-stress ground truth
2025-01-11 23:00:00,23.0,Seedling,20.83,75.97,0.0,22.23,No Significant Environmental Stress,0.0,Low,No Significant Environmental Stress,0.0,Low,Train,Derived prototype label - NOT observed plant-stress ground truth
2025-01-11 23:30:00,23.5,Seedling,20.88,74.29,0.0,22.1,No Significant Environmental Stress,0.0,Low,No Significant Environmental Stress,0.0,Low,Train,Derived prototype label - NOT observed plant-stress ground truth
2025-01-12 00:00:00,0.0,Seedling,21.78,78.63,0.0,22.03,No Significant Environmental Stress,0.0,Low,No Significant Environmental Stress,0.0,Low,Train,Derived prototype label - NOT observed plant-stress ground truth
2025-01-12 00:30:00,0.5,Seedling,21.76,79.82,0.0,22.02,No Significant Environmental Stress,0.0,Low,No Significant Environmental Stress,0.0,Low,Train,Derived prototype label - NOT observed plant-stress ground truth
2025-01-12 01:00:00,1.0,Seedling,21.71,74.31,0.0,22.05,No Significant Environmental Stress,0.0,Low,No Significant Environmental Stress,0.0,Low,Train,Derived prototype label - NOT observed plant-stress ground truth
2025-01-12 01:30:00,1.5,Seedling,21.63,76.15,0.0,22.06,No Significant Environmental Stress,0.0,Low,No Significant Environmental Stress,0.0,Low,Train,Derived prototype label - NOT observed plant-stress ground truth
2025-01-12 02:00:00,2.0,Seedling,21.53,78.46,0.0,21.98,No Significant Environmental Stress,0.0,Low,No Significant Environmental Stress,0.0,Low,Train,Derived prototype label - NOT observed plant-stress ground truth
2025-01-12 02:30:00,2.5,Seedling,21.41,76.99,0.0,22.04,No Significant Environmental Stress,0.0,Low,No Significant Environmental Stress,0.0,Low,Train,Derived prototype label - NOT observed plant-stress ground truth
2025-01-12 03:00:00,3.0,Seedling,21.28,77.01,0.0,22.04,No Significant Environmental Stress,0.0,Low,No Significant Environmental Stress,0.0,Low,Train,Derived prototype label - NOT observed plant-stress ground truth
2025-01-12 03:30:00,3.5,Seedling,21.15,76.96,0.0,22.01,No Significant Environmental Stress,0.0,Low,No Significant Environmental Stress,0.0,Low,Train,Derived prototype label - NOT observed plant-stress ground truth
2025-01-12 04:00:00,4.0,Seedling,21.03,76.59,0.0,21.94,No Significant Environmental Stress,0.0,Low,No Significant Environmental Stress,0.0,Low,Train,Derived prototype label - NOT observed plant-stress ground truth
2025-01-12 04:30:00,4.5,Seedling,20.93,78.61,0.0,21.91,No Significant Environmental Stress,0.0,Low,No Significant Environmental Stress,0.0,Low,Train,Derived prototype label - NOT observed plant-stress ground truth
2025-01-12 05:00:00,5.0,Seedling,20.85,77.97,0.0,21.86,No Significant Environmental Stress,0.0,Low,Low Light Stress,83.0,High,Train,Derived prototype label - NOT observed plant-stress ground truth
2025-01-12 05:30:00,5.5,Seedling,20.8,79.42,0.0,21.83,Low Light Stress,83.0,High,Low Light Stress,38.0,Moderate,Train,Derived prototype label - NOT observed plant-stress ground truth
2025-01-12 06:00:00,6.0,Seedling,20.78,77.75,0.0,21.86,Low Light Stress,38.0,Moderate,No Significant Environmental Stress,0.0,Low,Train,Derived prototype label - NOT observed plant-stress ground truth
2025-01-12 06:30:00,6.5,Seedling,21.99,79.59,4290.0,21.9,No Significant Environmental Stress,0.0,Low,No Significant Environmental Stress,0.0,Low,Train,Derived prototype label - NOT observed plant-stress ground truth
2025-01-12 07:00:00,7.0,Seedling,22.69,73.64,8963.0,21.95,No Significant Environmental Stress,0.0,Low,No Significant Environmental Stress,0.0,Low,Train,Derived prototype label - NOT observed plant-stress ground truth
2025-01-12 07:30:00,7.5,Seedling,23.36,74.09,12390.0,22.04,No Significant Environmental Stress,0.0,Low,No Significant Environmental Stress,0.0,Low,Train,Derived prototype label - NOT observed plant-stress ground truth
2025-01-12 08:00:00,8.0,Seedling,24.0,70.47,16742.0,22.11,No Significant Environmental Stress,0.0,Low,No Significant Environmental Stress,1.5,Low,Train,Derived prototype label - NOT observed plant-stress ground truth
2025-01-12 08:30:00,8.5,Seedling,24.59,71.18,18587.0,22.24,No Significant Environmental Stress,1.5,Low,No Significant Environmental Stress,7.0,Low,Train,Derived prototype label - NOT observed plant-stress ground truth
2025-01-12 09:00:00,9.0,Seedling,25.13,68.76,19169.0,22.32,No Significant Environmental Stress,7.0,Low,No Significant Environmental Stress,11.7,Low,Train,Derived prototype label - NOT observed plant-stress ground truth
2025-01-12 09:30:00,9.5,Seedling,25.6,68.87,26046.0,22.51,No Significant Environmental Stress,11.7,Low,Heat Stress,15.3,Low,Train,Derived prototype label - NOT observed plant-stress ground truth
2025-01-12 10:00:00,10.0,Seedling,26.0,71.4,27943.0,22.68,Heat Stress,15.3,Low,Heat Stress,21.7,Low,Train,Derived prototype label - NOT observed plant-stress ground truth
2025-01-12 10:30:00,10.5,Seedling,26.31,67.78,28734.0,22.83,Heat Stress,21.7,Low,Heat Stress,20.8,Low,Train,Derived prototype label - NOT observed plant-stress ground truth
2025-01-12 11:00:00,11.0,Seedling,26.54,66.85,32871.0,23.06,Heat Stress,20.8,Low,Heat Stress,20.9,Low,Train,Derived prototype label - NOT observed plant-stress ground truth
2025-01-12 11:30:00,11.5,Seedling,26.68,70.44,30901.0,23.24,Heat Stress,20.9,Low,Heat Stress,19.7,Low,Train,Derived prototype label - NOT observed plant-stress ground truth
2025-01-12 12:00:00,12.0,Seedling,26.73,67.83,30516.0,23.38,Heat Stress,19.7,Low,Heat Stress,18.0,Low,Train,Derived prototype label - NOT observed plant-stress ground truth
2025-01-12 12:30:00,12.5,Seedling,26.68,66.74,28823.0,23.56,Heat Stress,18.0,Low,Heat Stress,15.3,Low,Train,Derived prototype label - NOT observed plant-stress ground truth
2025-01-12 13:00:00,13.0,Seedling,26.54,68.8,26837.0,23.78,Heat Stress,15.3,Low,No Significant Environmental Stress,12.0,Low,Train,Derived prototype label - NOT observed plant-stress ground truth
2025-01-12 13:30:00,13.5,Seedling,26.31,68.61,16790.0,23.86,No Significant Environmental Stress,12.0,Low,No Significant Environmental Stress,7.7,Low,Train,Derived prototype label - NOT observed plant-stress ground truth
2025-01-12 14:00:00,14.0,Seedling,26.0,71.57,11881.0,24.07,No Significant Environmental Stress,7.7,Low,No Significant Environmental Stress,3.2,Low,Train,Derived prototype label - NOT observed plant-stress ground truth
2025-01-12 14:30:00,14.5,Seedling,25.6,71.53,14687.0,24.15,No Significant Environmental Stress,3.2,Low,No Significant Environmental Stress,2.7,Low,Train,Derived prototype label - NOT observed plant-stress ground truth
2025-01-12 15:00:00,15.0,Seedling,25.13,69.74,17102.0,24.22,No Significant Environmental Stress,2.7,Low,No Significant Environmental Stress,2.1,Low,Train,Derived prototype label - NOT observed plant-stress ground truth
2025-01-12 15:30:00,15.5,Seedling,24.59,70.6,16966.0,24.23,No Significant Environmental Stress,2.1,Low,No Significant Environmental Stress,1.5,Low,Train,Derived prototype label - NOT observed plant-stress ground truth
2025-01-12 16:00:00,16.0,Seedling,24.0,73.1,16523.0,24.18,No Significant Environmental Stress,1.5,Low,No Significant Environmental Stress,4.2,Low,Train,Derived prototype label - NOT observed plant-stress ground truth
2025-01-12 16:30:00,16.5,Seedling,23.36,74.44,13640.0,24.13,No Significant Environmental Stress,4.2,Low,Low Light Stress,35.6,Moderate,Train,Derived prototype label - NOT observed plant-stress ground truth
2025-01-12 17:00:00,17.0,Seedling,22.69,75.66,7602.0,24.03,Low Light Stress,35.6,Moderate,No Significant Environmental Stress,0.0,Low,Train,Derived prototype label - NOT observed plant-stress ground truth
2025-01-12 17:30:00,17.5,Seedling,21.99,75.96,4531.0,23.97,No Significant Environmental Stress,0.0,Low,No Significant Environmental Stress,0.0,Low,Train,Derived prototype label - NOT observed plant-stress ground truth
2025-01-12 18:00:00,18.0,Seedling,20.78,79.83,0.0,23.87,No Significant Environmental Stress,0.0,Low,No Significant Environmental Stress,0.0,Low,Train,Derived prototype label - NOT observed plant-stress ground truth
2025-01-12 18:30:00,18.5,Seedling,20.8,78.48,0.0,23.7,No Significant Environmental Stress,0.0,Low,No Significant Environmental Stress,0.0,Low,Train,Derived prototype label - NOT observed plant-stress ground truth
2025-01-12 19:00:00,19.0,Seedling,20.85,76.12,0.0,23.6,No Significant Environmental Stress,0.0,Low,No Significant Environmental Stress,6.9,Low,Train,Derived prototype label - NOT observed plant-stress ground truth
2025-01-12 19:30:00,19.5,Seedling,20.93,72.44,0.0,23.48,No Significant Environmental Stress,6.9,Low,No Significant Environmental Stress,0.0,Low,Train,Derived prototype label - NOT observed plant-stress ground truth
2025-01-12 20:00:00,20.0,Seedling,21.03,81.52,0.0,23.36,No Significant Environmental Stress,0.0,Low,No Significant Environmental Stress,0.0,Low,Train,Derived prototype label - NOT observed plant-stress ground truth
2025-01-12 20:30:00,20.5,Seedling,21.15,75.16,0.0,23.26,No Significant Environmental Stress,0.0,Low,No Significant Environmental Stress,0.0,Low,Train,Derived prototype label - NOT observed plant-stress ground truth
2025-01-12 21:00:00,21.0,Seedling,21.28,76.22,0.0,23.13,No Significant Environmental Stress,0.0,Low,No Significant Environmental Stress,0.0,Low,Train,Derived prototype label - NOT observed plant-stress ground truth
2025-01-12 21:30:00,21.5,Seedling,21.41,73.5,0.0,22.98,No Significant Environmental Stress,0.0,Low,No Significant Environmental Stress,0.0,Low,Train,Derived prototype label - NOT observed plant-stress ground truth
2025-01-12 22:00:00,22.0,Seedling,21.53,73.31,0.0,22.78,No Significant Environmental Stress,0.0,Low,No Significant Environmental Stress,0.0,Low,Train,Derived prototype label - NOT observed plant-stress ground truth
2025-01-12 22:30:00,22.5,Seedling,21.63,76.06,0.0,22.72,No Significant Environmental Stress,0.0,Low,No Significant Environmental Stress,0.0,Low,Train,Derived prototype label - NOT observed plant-stress ground truth
2025-01-12 23:00:00,23.0,Seedling,21.71,75.7,0.0,22.62,No Significant Environmental Stress,0.0,Low,No Significant Environmental Stress,0.0,Low,Train,Derived prototype label - NOT observed plant-stress ground truth
2025-01-12 23:30:00,23.5,Seedling,21.76,73.17,0.0,22.56,No Significant Environmental Stress,0.0,Low,No Significant Environmental Stress,9.1,Low,Train,Derived prototype label - NOT observed plant-stress ground truth
2025-01-13 00:00:00,0.0,Seedling,21.14,77.05,0.0,22.46,No Significant Environmental Stress,9.1,Low,No Significant Environmental Stress,5.7,Low,Train,Derived prototype label - NOT observed plant-stress ground truth
2025-01-13 00:30:00,0.5,Seedling,21.12,82.0,0.0,22.45,No Significant Environmental Stress,5.7,Low,No Significant Environmental Stress,0.0,Low,Train,Derived prototype label - NOT observed plant-stress ground truth
2025-01-13 01:00:00,1.0,Seedling,21.07,81.26,0.0,22.39,No Significant Environmental Stress,0.0,Low,No Significant Environmental Stress,0.0,Low,Train,Derived prototype label - NOT observed plant-stress ground truth
2025-01-13 01:30:00,1.5,Seedling,20.99,78.72,0.0,22.39,No Significant Environmental Stress,0.0,Low,No Significant Environmental Stress,2.9,Low,Train,Derived prototype label - NOT observed plant-stress ground truth
2025-01-13 02:00:00,2.0,Seedling,20.89,78.29,0.0,22.27,No Significant Environmental Stress,2.9,Low,No Significant Environmental Stress,13.0,Low,Train,Derived prototype label - NOT observed plant-stress ground truth
2025-01-13 02:30:00,2.5,Seedling,20.77,80.63,0.0,22.13,No Significant Environmental Stress,13.0,Low,No Significant Environmental Stress,0.0,Low,Train,Derived prototype label - NOT observed plant-stress ground truth
2025-01-13 03:00:00,3.0,Seedling,20.64,82.86,0.0,22.1,No Significant Environmental Stress,0.0,Low,No Significant Environmental Stress,0.0,Low,Train,Derived prototype label - NOT observed plant-stress ground truth
2025-01-13 03:30:00,3.5,Seedling,20.51,79.6,0.0,22.03,No Significant Environmental Stress,0.0,Low,No Significant Environmental Stress,0.0,Low,Train,Derived prototype label - NOT observed plant-stress ground truth
2025-01-13 04:00:00,4.0,Seedling,20.39,78.43,0.0,22.03,No Significant Environmental Stress,0.0,Low,No Significant Environmental Stress,7.2,Low,Train,Derived prototype label - NOT observed plant-stress ground truth
2025-01-13 04:30:00,4.5,Seedling,20.29,77.37,0.0,21.98,No Significant Environmental Stress,7.2,Low,No Significant Environmental Stress,0.0,Low,Train,Derived prototype label - NOT observed plant-stress ground truth
2025-01-13 05:00:00,5.0,Seedling,20.21,81.59,0.0,21.91,No Significant Environmental Stress,0.0,Low,Low Light Stress,85.9,High,Train,Derived prototype label - NOT observed plant-stress ground truth
2025-01-13 05:30:00,5.5,Seedling,20.16,79.76,0.0,21.82,Low Light Stress,85.9,High,Low Light Stress,38.7,Moderate,Train,Derived prototype label - NOT observed plant-stress ground truth
2025-01-13 06:00:00,6.0,Seedling,20.14,80.42,0.0,21.78,Low Light Stress,38.7,Moderate,Low Light Stress,15.3,Low,Train,Derived prototype label - NOT observed plant-stress ground truth
2025-01-13 06:30:00,6.5,Seedling,21.68,77.02,4220.0,21.86,Low Light Stress,15.3,Low,No Significant Environmental Stress,0.0,Low,Train,Derived prototype label - NOT observed plant-stress ground truth
2025-01-13 07:00:00,7.0,Seedling,22.71,80.79,6643.0,21.99,No Significant Environmental Stress,0.0,Low,No Significant Environmental Stress,0.0,Low,Train,Derived prototype label - NOT observed plant-stress ground truth
2025-01-13 07:30:00,7.5,Seedling,23.7,77.91,11158.0,22.12,No Significant Environmental Stress,0.0,Low,No Significant Environmental Stress,6.0,Low,Train,Derived prototype label - NOT observed plant-stress ground truth
2025-01-13 08:00:00,8.0,Seedling,24.64,73.54,15655.0,22.27,No Significant Environmental Stress,6.0,Low,Heat Stress,15.2,Low,Train,Derived prototype label - NOT observed plant-stress ground truth
2025-01-13 08:30:00,8.5,Seedling,25.51,70.61,19857.0,22.37,Heat Stress,15.2,Low,Heat Stress,23.3,Low,Train,Derived prototype label - NOT observed plant-stress ground truth
2025-01-13 09:00:00,9.0,Seedling,26.3,71.0,19370.0,22.52,Heat Stress,23.3,Low,Heat Stress,30.1,Low,Train,Derived prototype label - NOT observed plant-stress ground truth
2025-01-13 09:30:00,9.5,Seedling,26.99,67.19,23191.0,22.69,Heat Stress,30.1,Low,Heat Stress,35.5,Moderate,Train,Derived prototype label - NOT observed plant-stress ground truth
2025-01-13 10:00:00,10.0,Seedling,27.57,68.25,25359.0,22.94,Heat Stress,35.5,Moderate,Heat Stress,39.5,Moderate,Train,Derived prototype label - NOT observed plant-stress ground truth
2025-01-13 10:30:00,10.5,Seedling,28.03,69.88,27302.0,23.15,Heat Stress,39.5,Moderate,Heat Stress,49.0,Moderate,Train,Derived prototype label - NOT observed plant-stress ground truth
2025-01-13 11:00:00,11.0,Seedling,28.37,70.38,26361.0,23.45,Heat Stress,49.0,Moderate,Heat Stress,48.4,Moderate,Train,Derived prototype label - NOT observed plant-stress ground truth
2025-01-13 11:30:00,11.5,Seedling,28.57,68.46,35631.0,23.72,Heat Stress,48.4,Moderate,Heat Stress,42.5,Moderate,Train,Derived prototype label - NOT observed plant-stress ground truth
2025-01-13 12:00:00,12.0,Seedling,28.64,62.9,34528.0,23.96,Heat Stress,42.5,Moderate,Heat Stress,41.1,Moderate,Train,Derived prototype label - NOT observed plant-stress ground truth
2025-01-13 12:30:00,12.5,Seedling,28.57,67.93,28736.0,24.15,Heat Stress,41.1,Moderate,Heat Stress,38.1,Moderate,Train,Derived prototype label - NOT observed plant-stress ground truth
2025-01-13 13:00:00,13.0,Seedling,28.37,69.3,27572.0,24.35,Heat Stress,38.1,Moderate,Heat Stress,32.9,Low,Train,Derived prototype label - NOT observed plant-stress ground truth
2025-01-13 13:30:00,13.5,Seedling,28.03,69.72,26548.0,24.57,Heat Stress,32.9,Low,Heat Stress,26.5,Low,Train,Derived prototype label - NOT observed plant-stress ground truth
2025-01-13 14:00:00,14.0,Seedling,27.57,68.17,30561.0,24.62,Heat Stress,26.5,Low,Heat Stress,18.6,Low,Train,Derived prototype label - NOT observed plant-stress ground truth
2025-01-13 14:30:00,14.5,Seedling,26.99,70.29,23528.0,24.69,Heat Stress,18.6,Low,No Significant Environmental Stress,10.8,Low,Train,Derived prototype label - NOT observed plant-stress ground truth
2025-01-13 15:00:00,15.0,Seedling,26.3,74.96,21077.0,24.73,No Significant Environmental Stress,10.8,Low,No Significant Environmental Stress,8.0,Low,Train,Derived prototype label - NOT observed plant-stress ground truth
2025-01-13 15:30:00,15.5,Seedling,25.51,71.35,19531.0,24.72,No Significant Environmental Stress,8.0,Low,No Significant Environmental Stress,6.9,Low,Train,Derived prototype label - NOT observed plant-stress ground truth
2025-01-13 16:00:00,16.0,Seedling,24.64,74.28,14697.0,24.68,No Significant Environmental Stress,6.9,Low,No Significant Environmental Stress,5.5,Low,Train,Derived prototype label - NOT observed plant-stress ground truth
2025-01-13 16:30:00,16.5,Seedling,23.7,77.31,11375.0,24.59,No Significant Environmental Stress,5.5,Low,Low Light Stress,41.3,Moderate,Train,Derived prototype label - NOT observed plant-stress ground truth
2025-01-13 17:00:00,17.0,Seedling,22.71,79.4,8609.0,24.47,Low Light Stress,41.3,Moderate,No Significant Environmental Stress,2.9,Low,Train,Derived prototype label - NOT observed plant-stress ground truth
2025-01-13 17:30:00,17.5,Seedling,21.68,76.39,4063.0,24.21,No Significant Environmental Stress,2.9,Low,No Significant Environmental Stress,2.9,Low,Train,Derived prototype label - NOT observed plant-stress ground truth
2025-01-13 18:00:00,18.0,Seedling,20.14,80.64,0.0,23.97,No Significant Environmental Stress,2.9,Low,No Significant Environmental Stress,10.0,Low,Train,Derived prototype label - NOT observed plant-stress ground truth
2025-01-13 18:30:00,18.5,Seedling,20.16,80.63,0.0,23.76,No Significant Environmental Stress,10.0,Low,No Significant Environmental Stress,0.0,Low,Train,Derived prototype label - NOT observed plant-stress ground truth
2025-01-13 19:00:00,19.0,Seedling,20.21,82.19,0.0,23.55,No Significant Environmental Stress,0.0,Low,High Humidity Stress,15.8,Low,Train,Derived prototype label - NOT observed plant-stress ground truth
2025-01-13 19:30:00,19.5,Seedling,20.29,78.35,0.0,23.37,High Humidity Stress,15.8,Low,No Significant Environmental Stress,8.4,Low,Train,Derived prototype label - NOT observed plant-stress ground truth
2025-01-13 20:00:00,20.0,Seedling,20.39,83.47,0.0,23.19,No Significant Environmental Stress,8.4,Low,High Humidity Stress,21.0,Low,Train,Derived prototype label - NOT observed plant-stress ground truth
2025-01-13 20:30:00,20.5,Seedling,20.51,81.84,0.0,23.0,High Humidity Stress,21.0,Low,No Significant Environmental Stress,0.0,Low,Train,Derived prototype label - NOT observed plant-stress ground truth
2025-01-13 21:00:00,21.0,Seedling,20.64,84.62,0.0,22.82,No Significant Environmental Stress,0.0,Low,High Humidity Stress,13.2,Low,Train,Derived prototype label - NOT observed plant-stress ground truth
2025-01-13 21:30:00,21.5,Seedling,20.77,79.55,0.0,22.67,High Humidity Stress,13.2,Low,No Significant Environmental Stress,0.0,Low,Train,Derived prototype label - NOT observed plant-stress ground truth
2025-01-13 22:00:00,22.0,Seedling,20.89,82.9,0.0,22.6,No Significant Environmental Stress,0.0,Low,No Significant Environmental Stress,1.5,Low,Train,Derived prototype label - NOT observed plant-stress ground truth
2025-01-13 22:30:00,22.5,Seedling,20.99,79.9,0.0,22.51,No Significant Environmental Stress,1.5,Low,No Significant Environmental Stress,6.7,Low,Train,Derived prototype label - NOT observed plant-stress ground truth
2025-01-13 23:00:00,23.0,Seedling,21.07,80.33,0.0,22.4,No Significant Environmental Stress,6.7,Low,No Significant Environmental Stress,0.0,Low,Train,Derived prototype label - NOT observed plant-stress ground truth
2025-01-13 23:30:00,23.5,Seedling,21.12,81.47,0.0,22.37,No Significant Environmental Stress,0.0,Low,No Significant Environmental Stress,0.0,Low,Train,Derived prototype label - NOT observed plant-stress ground truth
2025-01-14 00:00:00,0.0,Seedling,20.17,76.62,0.0,22.34,No Significant Environmental Stress,0.0,Low,No Significant Environmental Stress,0.0,Low,Train,Derived prototype label - NOT observed plant-stress ground truth
2025-01-14 00:30:00,0.5,Seedling,20.15,75.53,0.0,22.32,No Significant Environmental Stress,0.0,Low,No Significant Environmental Stress,0.0,Low,Train,Derived prototype label - NOT observed plant-stress ground truth
2025-01-14 01:00:00,1.0,Seedling,20.1,74.65,0.0,22.14,No Significant Environmental Stress,0.0,Low,No Significant Environmental Stress,0.0,Low,Train,Derived prototype label - NOT observed plant-stress ground truth
2025-01-14 01:30:00,1.5,Seedling,20.02,75.7,0.0,22.06,No Significant Environmental Stress,0.0,Low,No Significant Environmental Stress,0.0,Low,Train,Derived prototype label - NOT observed plant-stress ground truth
2025-01-14 02:00:00,2.0,Seedling,19.92,75.37,0.0,21.94,No Significant Environmental Stress,0.0,Low,No Significant Environmental Stress,0.0,Low,Train,Derived prototype label - NOT observed plant-stress ground truth
2025-01-14 02:30:00,2.5,Seedling,19.8,74.07,0.0,21.96,No Significant Environmental Stress,0.0,Low,No Significant Environmental Stress,0.0,Low,Train,Derived prototype label - NOT observed plant-stress ground truth
2025-01-14 03:00:00,3.0,Seedling,19.67,76.17,0.0,21.81,No Significant Environmental Stress,0.0,Low,No Significant Environmental Stress,0.0,Low,Train,Derived prototype label - NOT observed plant-stress ground truth
2025-01-14 03:30:00,3.5,Seedling,19.54,75.23,0.0,21.71,No Significant Environmental Stress,0.0,Low,No Significant Environmental Stress,0.0,Low,Train,Derived prototype label - NOT observed plant-stress ground truth
2025-01-14 04:00:00,4.0,Seedling,19.42,75.95,0.0,21.66,No Significant Environmental Stress,0.0,Low,No Significant Environmental Stress,0.0,Low,Train,Derived prototype label - NOT observed plant-stress ground truth
2025-01-14 04:30:00,4.5,Seedling,19.31,78.12,0.0,21.64,No Significant Environmental Stress,0.0,Low,No Significant Environmental Stress,0.0,Low,Train,Derived prototype label - NOT observed plant-stress ground truth
2025-01-14 05:00:00,5.0,Seedling,19.23,76.47,0.0,21.61,No Significant Environmental Stress,0.0,Low,Low Light Stress,90.4,High,Train,Derived prototype label - NOT observed plant-stress ground truth
2025-01-14 05:30:00,5.5,Seedling,19.18,71.74,0.0,21.51,Low Light Stress,90.4,High,Low Light Stress,38.2,Moderate,Train,Derived prototype label - NOT observed plant-stress ground truth
2025-01-14 06:00:00,6.0,Seedling,19.17,76.77,0.0,21.51,Low Light Stress,38.2,Moderate,No Significant Environmental Stress,0.0,Low,Train,Derived prototype label - NOT observed plant-stress ground truth
2025-01-14 06:30:00,6.5,Seedling,20.91,71.58,4310.0,21.6,No Significant Environmental Stress,0.0,Low,No Significant Environmental Stress,0.0,Low,Train,Derived prototype label - NOT observed plant-stress ground truth
2025-01-14 07:00:00,7.0,Seedling,22.13,75.2,9021.0,21.69,No Significant Environmental Stress,0.0,Low,No Significant Environmental Stress,0.0,Low,Train,Derived prototype label - NOT observed plant-stress ground truth
2025-01-14 07:30:00,7.5,Seedling,23.3,73.34,11823.0,21.81,No Significant Environmental Stress,0.0,Low,No Significant Environmental Stress,5.3,Low,Train,Derived prototype label - NOT observed plant-stress ground truth
2025-01-14 08:00:00,8.0,Seedling,24.42,74.89,14451.0,21.93,No Significant Environmental Stress,5.3,Low,Heat Stress,16.3,Low,Train,Derived prototype label - NOT observed plant-stress ground truth
2025-01-14 08:30:00,8.5,Seedling,25.45,68.55,20276.0,22.12,Heat Stress,16.3,Low,Heat Stress,28.2,Low,Train,Derived prototype label - NOT observed plant-stress ground truth
2025-01-14 09:00:00,9.0,Seedling,26.39,68.77,23231.0,22.35,Heat Stress,28.2,Low,Heat Stress,39.1,Moderate,Train,Derived prototype label - NOT observed plant-stress ground truth
2025-01-14 09:30:00,9.5,Seedling,27.21,63.2,27882.0,22.56,Heat Stress,39.1,Moderate,Heat Stress,41.9,Moderate,Train,Derived prototype label - NOT observed plant-stress ground truth
2025-01-14 10:00:00,10.0,Seedling,27.9,60.97,27628.0,22.8,Heat Stress,41.9,Moderate,Heat Stress,46.6,Moderate,Train,Derived prototype label - NOT observed plant-stress ground truth
2025-01-14 10:30:00,10.5,Seedling,28.45,64.76,31184.0,23.02,Heat Stress,46.6,Moderate,Heat Stress,52.6,Moderate,Train,Derived prototype label - NOT observed plant-stress ground truth
2025-01-14 11:00:00,11.0,Seedling,28.85,63.9,31174.0,23.34,Heat Stress,52.6,Moderate,Heat Stress,55.9,Moderate,Train,Derived prototype label - NOT observed plant-stress ground truth
2025-01-14 11:30:00,11.5,Seedling,29.09,61.87,33664.0,23.65,Heat Stress,55.9,Moderate,Heat Stress,51.4,Moderate,Train,Derived prototype label - NOT observed plant-stress ground truth
2025-01-14 12:00:00,12.0,Seedling,29.17,59.53,27592.0,23.93,Heat Stress,51.4,Moderate,Heat Stress,50.6,Moderate,Train,Derived prototype label - NOT observed plant-stress ground truth
2025-01-14 12:30:00,12.5,Seedling,29.09,62.78,32692.0,24.15,Heat Stress,50.6,Moderate,Heat Stress,45.7,Moderate,Train,Derived prototype label - NOT observed plant-stress ground truth
2025-01-14 13:00:00,13.0,Seedling,28.85,60.68,32551.0,24.33,Heat Stress,45.7,Moderate,Heat Stress,41.8,Moderate,Train,Derived prototype label - NOT observed plant-stress ground truth
2025-01-14 13:30:00,13.5,Seedling,28.46,63.4,34038.0,24.49,Heat Stress,41.8,Moderate,Combined Environmental Stress,51.4,Moderate,Train,Derived prototype label - NOT observed plant-stress ground truth
2025-01-14 14:00:00,14.0,Seedling,28.33,62.82,31837.0,24.62,Combined Environmental Stress,51.4,Moderate,High Light Stress,43.9,Moderate,Train,Derived prototype label - NOT observed plant-stress ground truth
2025-01-14 14:30:00,14.5,Seedling,28.07,70.53,41379.0,24.7,High Light Stress,43.9,Moderate,Heat Stress,17.4,Low,Train,Derived prototype label - NOT observed plant-stress ground truth
2025-01-14 15:00:00,15.0,Seedling,27.5,67.37,39912.0,24.73,Heat Stress,17.4,Low,No Significant Environmental Stress,8.1,Low,Train,Derived prototype label - NOT observed plant-stress ground truth
2025-01-14 15:30:00,15.5,Seedling,26.14,68.38,33147.0,24.74,No Significant Environmental Stress,8.1,Low,No Significant Environmental Stress,6.3,Low,Train,Derived prototype label - NOT observed plant-stress ground truth
2025-01-14 16:00:00,16.0,Seedling,24.68,68.82,20720.0,24.69,No Significant Environmental Stress,6.3,Low,No Significant Environmental Stress,5.4,Low,Train,Derived prototype label - NOT observed plant-stress ground truth
2025-01-14 16:30:00,16.5,Seedling,23.3,72.75,12857.0,24.54,No Significant Environmental Stress,5.4,Low,Low Light Stress,43.1,Moderate,Train,Derived prototype label - NOT observed plant-stress ground truth
2025-01-14 17:00:00,17.0,Seedling,22.13,75.37,8305.0,24.46,Low Light Stress,43.1,Moderate,No Significant Environmental Stress,0.0,Low,Train,Derived prototype label - NOT observed plant-stress ground truth
2025-01-14 17:30:00,17.5,Seedling,20.91,76.02,3902.0,24.23,No Significant Environmental Stress,0.0,Low,No Significant Environmental Stress,0.0,Low,Train,Derived prototype label - NOT observed plant-stress ground truth
2025-01-14 18:00:00,18.0,Seedling,19.17,77.16,0.0,23.89,No Significant Environmental Stress,0.0,Low,No Significant Environmental Stress,0.0,Low,Train,Derived prototype label - NOT observed plant-stress ground truth
2025-01-14 18:30:00,18.5,Seedling,19.18,76.68,0.0,23.68,No Significant Environmental Stress,0.0,Low,No Significant Environmental Stress,0.0,Low,Train,Derived prototype label - NOT observed plant-stress ground truth
2025-01-14 19:00:00,19.0,Seedling,19.23,77.75,0.0,23.41,No Significant Environmental Stress,0.0,Low,No Significant Environmental Stress,0.0,Low,Train,Derived prototype label - NOT observed plant-stress ground truth
2025-01-14 19:30:00,19.5,Seedling,19.31,78.49,0.0,23.18,No Significant Environmental Stress,0.0,Low,No Significant Environmental Stress,0.0,Low,Train,Derived prototype label - NOT observed plant-stress ground truth
2025-01-14 20:00:00,20.0,Seedling,19.42,75.4,0.0,22.99,No Significant Environmental Stress,0.0,Low,No Significant Environmental Stress,0.0,Low,Train,Derived prototype label - NOT observed plant-stress ground truth
2025-01-14 20:30:00,20.5,Seedling,19.54,74.6,0.0,22.75,No Significant Environmental Stress,0.0,Low,No Significant Environmental Stress,0.0,Low,Train,Derived prototype label - NOT observed plant-stress ground truth
2025-01-14 21:00:00,21.0,Seedling,19.67,73.86,0.0,22.61,No Significant Environmental Stress,0.0,Low,No Significant Environmental Stress,0.0,Low,Train,Derived prototype label - NOT observed plant-stress ground truth
2025-01-14 21:30:00,21.5,Seedling,19.8,77.39,0.0,22.42,No Significant Environmental Stress,0.0,Low,No Significant Environmental Stress,0.0,Low,Train,Derived prototype label - NOT observed plant-stress ground truth
2025-01-14 22:00:00,22.0,Seedling,19.92,74.49,0.0,22.26,No Significant Environmental Stress,0.0,Low,No Significant Environmental Stress,0.0,Low,Train,Derived prototype label - NOT observed plant-stress ground truth
2025-01-14 22:30:00,22.5,Seedling,20.02,76.01,0.0,22.11,No Significant Environmental Stress,0.0,Low,No Significant Environmental Stress,0.0,Low,Train,Derived prototype label - NOT observed plant-stress ground truth
2025-01-14 23:00:00,23.0,Seedling,20.1,77.11,0.0,22.02,No Significant Environmental Stress,0.0,Low,No Significant Environmental Stress,12.8,Low,Train,Derived prototype label - NOT observed plant-stress ground truth
2025-01-14 23:30:00,23.5,Seedling,20.15,74.2,0.0,21.95,No Significant Environmental Stress,12.8,Low,No Significant Environmental Stress,6.0,Low,Train,Derived prototype label - NOT observed plant-stress ground truth
2025-01-15 00:00:00,0.0,Vegetative,20.22,82.8,0.0,21.83,No Significant Environmental Stress,6.0,Low,High Humidity Stress,19.4,Low,Train,Derived prototype label - NOT observed plant-stress ground truth
2025-01-15 00:30:00,0.5,Vegetative,20.21,81.32,0.0,21.83,High Humidity Stress,19.4,Low,High Humidity Stress,16.6,Low,Train,Derived prototype label - NOT observed plant-stress ground truth
2025-01-15 01:00:00,1.0,Vegetative,20.16,84.25,0.0,21.8,High Humidity Stress,16.6,Low,No Significant Environmental Stress,0.0,Low,Train,Derived prototype label - NOT observed plant-stress ground truth
2025-01-15 01:30:00,1.5,Vegetative,20.08,83.64,0.0,21.8,No Significant Environmental Stress,0.0,Low,No Significant Environmental Stress,0.7,Low,Train,Derived prototype label - NOT observed plant-stress ground truth
2025-01-15 02:00:00,2.0,Vegetative,19.97,79.29,0.0,21.82,No Significant Environmental Stress,0.7,Low,High Humidity Stress,33.3,Low,Train,Derived prototype label - NOT observed plant-stress ground truth
2025-01-15 02:30:00,2.5,Vegetative,19.85,80.15,0.0,21.69,High Humidity Stress,33.3,Low,No Significant Environmental Stress,9.2,Low,Train,Derived prototype label - NOT observed plant-stress ground truth
2025-01-15 03:00:00,3.0,Vegetative,19.72,87.31,0.0,21.58,No Significant Environmental Stress,9.2,Low,High Humidity Stress,22.4,Low,Train,Derived prototype label - NOT observed plant-stress ground truth
2025-01-15 03:30:00,3.5,Vegetative,19.59,82.03,0.0,21.6,High Humidity Stress,22.4,Low,High Humidity Stress,28.6,Low,Train,Derived prototype label - NOT observed plant-stress ground truth
2025-01-15 04:00:00,4.0,Vegetative,19.47,84.92,0.0,21.58,High Humidity Stress,28.6,Low,High Humidity Stress,24.7,Low,Train,Derived prototype label - NOT observed plant-stress ground truth
2025-01-15 04:30:00,4.5,Vegetative,19.37,86.27,0.0,21.56,High Humidity Stress,24.7,Low,High Humidity Stress,16.8,Low,Train,Derived prototype label - NOT observed plant-stress ground truth
2025-01-15 05:00:00,5.0,Vegetative,19.29,85.42,0.0,21.5,High Humidity Stress,16.8,Low,Low Light Stress,90.1,High,Train,Derived prototype label - NOT observed plant-stress ground truth
2025-01-15 05:30:00,5.5,Vegetative,19.24,83.69,0.0,21.41,Low Light Stress,90.1,High,Low Light Stress,62.9,Moderate,Train,Derived prototype label - NOT observed plant-stress ground truth
2025-01-15 06:00:00,6.0,Vegetative,19.22,83.4,0.0,21.31,Low Light Stress,62.9,Moderate,Low Light Stress,38.5,Moderate,Train,Derived prototype label - NOT observed plant-stress ground truth
2025-01-15 06:30:00,6.5,Vegetative,20.95,81.73,3245.0,21.36,Low Light Stress,38.5,Moderate,Low Light Stress,14.5,Low,Train,Derived prototype label - NOT observed plant-stress ground truth
2025-01-15 07:00:00,7.0,Vegetative,22.15,79.51,6361.0,21.49,Low Light Stress,14.5,Low,No Significant Environmental Stress,0.0,Low,Train,Derived prototype label - NOT observed plant-stress ground truth
2025-01-15 07:30:00,7.5,Vegetative,23.31,79.31,9876.0,21.64,No Significant Environmental Stress,0.0,Low,No Significant Environmental Stress,0.0,Low,Train,Derived prototype label - NOT observed plant-stress ground truth
2025-01-15 08:00:00,8.0,Vegetative,24.41,77.56,13026.0,21.78,No Significant Environmental Stress,0.0,Low,No Significant Environmental Stress,0.0,Low,Train,Derived prototype label - NOT observed plant-stress ground truth
2025-01-15 08:30:00,8.5,Vegetative,25.43,77.87,14972.0,21.99,No Significant Environmental Stress,0.0,Low,No Significant Environmental Stress,0.0,Low,Train,Derived prototype label - NOT observed plant-stress ground truth
2025-01-15 09:00:00,9.0,Vegetative,26.35,73.36,18981.0,22.3,No Significant Environmental Stress,0.0,Low,No Significant Environmental Stress,0.0,Low,Train,Derived prototype label - NOT observed plant-stress ground truth
2025-01-15 09:30:00,9.5,Vegetative,27.15,75.4,21092.0,22.5,No Significant Environmental Stress,0.0,Low,No Significant Environmental Stress,4.5,Low,Train,Derived prototype label - NOT observed plant-stress ground truth
2025-01-15 10:00:00,10.0,Vegetative,27.84,73.96,19761.0,22.78,No Significant Environmental Stress,4.5,Low,No Significant Environmental Stress,9.0,Low,Train,Derived prototype label - NOT observed plant-stress ground truth
2025-01-15 10:30:00,10.5,Vegetative,28.38,70.03,24952.0,23.03,No Significant Environmental Stress,9.0,Low,No Significant Environmental Stress,11.8,Low,Train,Derived prototype label - NOT observed plant-stress ground truth
2025-01-15 11:00:00,11.0,Vegetative,28.77,68.58,23901.0,23.37,No Significant Environmental Stress,11.8,Low,No Significant Environmental Stress,12.8,Low,Train,Derived prototype label - NOT observed plant-stress ground truth
2025-01-15 11:30:00,11.5,Vegetative,29.01,69.29,26881.0,23.7,No Significant Environmental Stress,12.8,Low,No Significant Environmental Stress,11.8,Low,Train,Derived prototype label - NOT observed plant-stress ground truth
2025-01-15 12:00:00,12.0,Vegetative,29.09,70.35,27673.0,23.97,No Significant Environmental Stress,11.8,Low,No Significant Environmental Stress,9.0,Low,Train,Derived prototype label - NOT observed plant-stress ground truth
2025-01-15 12:30:00,12.5,Vegetative,29.01,66.79,25920.0,24.15,No Significant Environmental Stress,9.0,Low,No Significant Environmental Stress,4.5,Low,Train,Derived prototype label - NOT observed plant-stress ground truth
2025-01-15 13:00:00,13.0,Vegetative,28.77,72.42,26451.0,24.35,No Significant Environmental Stress,4.5,Low,No Significant Environmental Stress,12.9,Low,Train,Derived prototype label - NOT observed plant-stress ground truth
2025-01-15 13:30:00,13.5,Vegetative,28.38,72.71,23454.0,24.53,No Significant Environmental Stress,12.9,Low,Heat Stress,40.2,Moderate,Train,Derived prototype label - NOT observed plant-stress ground truth
2025-01-15 14:00:00,14.0,Vegetative,29.1,70.39,22796.0,24.99,Heat Stress,40.2,Moderate,Heat Stress,45.0,Moderate,Train,Derived prototype label - NOT observed plant-stress ground truth
2025-01-15 14:30:00,14.5,Vegetative,31.16,72.45,21449.0,25.7,Heat Stress,45.0,Moderate,No Significant Environmental Stress,10.8,Low,Train,Derived prototype label - NOT observed plant-stress ground truth
2025-01-15 15:00:00,15.0,Vegetative,31.37,68.33,17893.0,26.21,No Significant Environmental Stress,10.8,Low,No Significant Environmental Stress,0.0,Low,Train,Derived prototype label - NOT observed plant-stress ground truth
2025-01-15 15:30:00,15.5,Vegetative,28.7,72.95,14935.0,25.57,No Significant Environmental Stress,0.0,Low,No Significant Environmental Stress,6.6,Low,Train,Derived prototype label - NOT observed plant-stress ground truth
2025-01-15 16:00:00,16.0,Vegetative,25.24,78.29,12126.0,24.91,No Significant Environmental Stress,6.6,Low,Low Light Stress,32.8,Low,Train,Derived prototype label - NOT observed plant-stress ground truth
2025-01-15 16:30:00,16.5,Vegetative,23.31,80.23,11087.0,24.56,Low Light Stress,32.8,Low,Low Light Stress,64.4,Moderate,Train,Derived prototype label - NOT observed plant-stress ground truth
2025-01-15 17:00:00,17.0,Vegetative,22.15,80.58,7357.0,24.4,Low Light Stress,64.4,Moderate,High Humidity Stress,15.0,Low,Train,Derived prototype label - NOT observed plant-stress ground truth
2025-01-15 17:30:00,17.5,Vegetative,20.95,82.76,3295.0,24.15,High Humidity Stress,15.0,Low,High Humidity Stress,16.8,Low,Train,Derived prototype label - NOT observed plant-stress ground truth
2025-01-15 18:00:00,18.0,Vegetative,19.22,83.29,0.0,23.89,High Humidity Stress,16.8,Low,No Significant Environmental Stress,9.9,Low,Train,Derived prototype label - NOT observed plant-stress ground truth
2025-01-15 18:30:00,18.5,Vegetative,19.24,83.68,0.0,23.61,No Significant Environmental Stress,9.9,Low,High Humidity Stress,22.2,Low,Train,Derived prototype label - NOT observed plant-stress ground truth
2025-01-15 19:00:00,19.0,Vegetative,19.29,82.18,0.0,23.36,High Humidity Stress,22.2,Low,High Humidity Stress,21.0,Low,Train,Derived prototype label - NOT observed plant-stress ground truth
2025-01-15 19:30:00,19.5,Vegetative,19.37,84.88,0.0,23.16,High Humidity Stress,21.0,Low,High Humidity Stress,17.9,Low,Train,Derived prototype label - NOT observed plant-stress ground truth
2025-01-15 20:00:00,20.0,Vegetative,19.47,84.61,0.0,22.93,High Humidity Stress,17.9,Low,No Significant Environmental Stress,4.1,Low,Train,Derived prototype label - NOT observed plant-stress ground truth
2025-01-15 20:30:00,20.5,Vegetative,19.59,83.92,0.0,22.68,No Significant Environmental Stress,4.1,Low,No Significant Environmental Stress,0.0,Low,Train,Derived prototype label - NOT observed plant-stress ground truth
2025-01-15 21:00:00,21.0,Vegetative,19.72,80.91,0.0,22.52,No Significant Environmental Stress,0.0,Low,No Significant Environmental Stress,12.5,Low,Train,Derived prototype label - NOT observed plant-stress ground truth
2025-01-15 21:30:00,21.5,Vegetative,19.85,79.0,0.0,22.37,No Significant Environmental Stress,12.5,Low,No Significant Environmental Stress,0.0,Low,Train,Derived prototype label - NOT observed plant-stress ground truth
2025-01-15 22:00:00,22.0,Vegetative,19.97,82.74,0.0,22.27,No Significant Environmental Stress,0.0,Low,High Humidity Stress,25.2,Low,Train,Derived prototype label - NOT observed plant-stress ground truth
2025-01-15 22:30:00,22.5,Vegetative,20.08,79.47,0.0,22.16,High Humidity Stress,25.2,Low,High Humidity Stress,13.3,Low,Train,Derived prototype label - NOT observed plant-stress ground truth
2025-01-15 23:00:00,23.0,Vegetative,20.16,85.53,0.0,22.13,High Humidity Stress,13.3,Low,No Significant Environmental Stress,0.0,Low,Train,Derived prototype label - NOT observed plant-stress ground truth
2025-01-15 23:30:00,23.5,Vegetative,20.21,82.93,0.0,22.1,No Significant Environmental Stress,0.0,Low,No Significant Environmental Stress,0.0,Low,Train,Derived prototype label - NOT observed plant-stress ground truth
2025-01-16 00:00:00,0.0,Vegetative,21.92,75.8,0.0,22.06,No Significant Environmental Stress,0.0,Low,No Significant Environmental Stress,0.0,Low,Train,Derived prototype label - NOT observed plant-stress ground truth
2025-01-16 00:30:00,0.5,Vegetative,21.9,75.06,0.0,22.07,No Significant Environmental Stress,0.0,Low,No Significant Environmental Stress,0.0,Low,Train,Derived prototype label - NOT observed plant-stress ground truth
2025-01-16 01:00:00,1.0,Vegetative,21.85,78.59,0.0,21.98,No Significant Environmental Stress,0.0,Low,No Significant Environmental Stress,0.0,Low,Train,Derived prototype label - NOT observed plant-stress ground truth
2025-01-16 01:30:00,1.5,Vegetative,21.77,77.93,0.0,22.0,No Significant Environmental Stress,0.0,Low,No Significant Environmental Stress,0.0,Low,Train,Derived prototype label - NOT observed plant-stress ground truth
2025-01-16 02:00:00,2.0,Vegetative,21.67,75.44,0.0,21.99,No Significant Environmental Stress,0.0,Low,No Significant Environmental Stress,0.0,Low,Train,Derived prototype label - NOT observed plant-stress ground truth
2025-01-16 02:30:00,2.5,Vegetative,21.55,78.33,0.0,22.06,No Significant Environmental Stress,0.0,Low,No Significant Environmental Stress,0.0,Low,Train,Derived prototype label - NOT observed plant-stress ground truth
2025-01-16 03:00:00,3.0,Vegetative,21.42,75.86,0.0,22.05,No Significant Environmental Stress,0.0,Low,No Significant Environmental Stress,0.0,Low,Train,Derived prototype label - NOT observed plant-stress ground truth
2025-01-16 03:30:00,3.5,Vegetative,21.29,74.92,0.0,21.99,No Significant Environmental Stress,0.0,Low,No Significant Environmental Stress,0.0,Low,Train,Derived prototype label - NOT observed plant-stress ground truth
2025-01-16 04:00:00,4.0,Vegetative,21.17,78.19,0.0,21.97,No Significant Environmental Stress,0.0,Low,No Significant Environmental Stress,0.0,Low,Train,Derived prototype label - NOT observed plant-stress ground truth
2025-01-16 04:30:00,4.5,Vegetative,21.06,77.98,0.0,21.98,No Significant Environmental Stress,0.0,Low,No Significant Environmental Stress,0.0,Low,Train,Derived prototype label - NOT observed plant-stress ground truth
2025-01-16 05:00:00,5.0,Vegetative,20.99,73.43,0.0,21.95,No Significant Environmental Stress,0.0,Low,Low Light Stress,82.4,High,Train,Derived prototype label - NOT observed plant-stress ground truth
2025-01-16 05:30:00,5.5,Vegetative,20.94,74.13,0.0,21.84,Low Light Stress,82.4,High,Low Light Stress,49.9,Moderate,Train,Derived prototype label - NOT observed plant-stress ground truth
2025-01-16 06:00:00,6.0,Vegetative,20.92,75.79,0.0,21.81,Low Light Stress,49.9,Moderate,No Significant Environmental Stress,9.0,Low,Train,Derived prototype label - NOT observed plant-stress ground truth
2025-01-16 06:30:00,6.5,Vegetative,22.4,75.22,4701.0,21.86,No Significant Environmental Stress,9.0,Low,No Significant Environmental Stress,0.0,Low,Train,Derived prototype label - NOT observed plant-stress ground truth
2025-01-16 07:00:00,7.0,Vegetative,23.36,71.52,10687.0,21.96,No Significant Environmental Stress,0.0,Low,No Significant Environmental Stress,0.0,Low,Train,Derived prototype label - NOT observed plant-stress ground truth
2025-01-16 07:30:00,7.5,Vegetative,24.29,69.05,13899.0,22.09,No Significant Environmental Stress,0.0,Low,No Significant Environmental Stress,0.0,Low,Train,Derived prototype label - NOT observed plant-stress ground truth
2025-01-16 08:00:00,8.0,Vegetative,25.17,69.28,17764.0,22.25,No Significant Environmental Stress,0.0,Low,No Significant Environmental Stress,0.0,Low,Train,Derived prototype label - NOT observed plant-stress ground truth
2025-01-16 08:30:00,8.5,Vegetative,25.98,69.75,19564.0,22.43,No Significant Environmental Stress,0.0,Low,No Significant Environmental Stress,0.0,Low,Train,Derived prototype label - NOT observed plant-stress ground truth
2025-01-16 09:00:00,9.0,Vegetative,26.72,69.56,25214.0,22.66,No Significant Environmental Stress,0.0,Low,No Significant Environmental Stress,0.0,Low,Train,Derived prototype label - NOT observed plant-stress ground truth
2025-01-16 09:30:00,9.5,Vegetative,27.37,69.45,25208.0,22.79,No Significant Environmental Stress,0.0,Low,No Significant Environmental Stress,4.0,Low,Train,Derived prototype label - NOT observed plant-stress ground truth
2025-01-16 10:00:00,10.0,Vegetative,27.91,66.55,33296.0,23.02,No Significant Environmental Stress,4.0,Low,No Significant Environmental Stress,7.7,Low,Train,Derived prototype label - NOT observed plant-stress ground truth
2025-01-16 10:30:00,10.5,Vegetative,28.34,67.89,27772.0,23.27,No Significant Environmental Stress,7.7,Low,No Significant Environmental Stress,10.0,Low,Train,Derived prototype label - NOT observed plant-stress ground truth
2025-01-16 11:00:00,11.0,Vegetative,28.66,65.49,36256.0,23.54,No Significant Environmental Stress,10.0,Low,No Significant Environmental Stress,10.8,Low,Train,Derived prototype label - NOT observed plant-stress ground truth
2025-01-16 11:30:00,11.5,Vegetative,28.85,68.52,35925.0,23.73,No Significant Environmental Stress,10.8,Low,No Significant Environmental Stress,10.0,Low,Train,Derived prototype label - NOT observed plant-stress ground truth
2025-01-16 12:00:00,12.0,Vegetative,28.92,65.66,41157.0,24.04,No Significant Environmental Stress,10.0,Low,No Significant Environmental Stress,7.7,Low,Train,Derived prototype label - NOT observed plant-stress ground truth
2025-01-16 12:30:00,12.5,Vegetative,28.85,64.35,32035.0,24.25,No Significant Environmental Stress,7.7,Low,No Significant Environmental Stress,4.0,Low,Train,Derived prototype label - NOT observed plant-stress ground truth
2025-01-16 13:00:00,13.0,Vegetative,28.66,64.82,33238.0,24.38,No Significant Environmental Stress,4.0,Low,Low Light Stress,18.0,Low,Train,Derived prototype label - NOT observed plant-stress ground truth
2025-01-16 13:30:00,13.5,Vegetative,28.34,65.9,25751.0,24.57,Low Light Stress,18.0,Low,No Significant Environmental Stress,0.0,Low,Train,Derived prototype label - NOT observed plant-stress ground truth
2025-01-16 14:00:00,14.0,Vegetative,27.91,65.15,9370.0,24.63,No Significant Environmental Stress,0.0,Low,No Significant Environmental Stress,0.0,Low,Train,Derived prototype label - NOT observed plant-stress ground truth
2025-01-16 14:30:00,14.5,Vegetative,27.37,68.67,21202.0,24.74,No Significant Environmental Stress,0.0,Low,No Significant Environmental Stress,0.0,Low,Train,Derived prototype label - NOT observed plant-stress ground truth
2025-01-16 15:00:00,15.0,Vegetative,26.72,67.3,23288.0,24.74,No Significant Environmental Stress,0.0,Low,No Significant Environmental Stress,0.0,Low,Train,Derived prototype label - NOT observed plant-stress ground truth
2025-01-16 15:30:00,15.5,Vegetative,25.98,70.22,21491.0,24.69,No Significant Environmental Stress,0.0,Low,No Significant Environmental Stress,0.0,Low,Train,Derived prototype label - NOT observed plant-stress ground truth
2025-01-16 16:00:00,16.0,Vegetative,25.17,69.33,17153.0,24.65,No Significant Environmental Stress,0.0,Low,Low Light Stress,22.1,Low,Train,Derived prototype label - NOT observed plant-stress ground truth
2025-01-16 16:30:00,16.5,Vegetative,24.29,70.76,12294.0,24.54,Low Light Stress,22.1,Low,Low Light Stress,50.9,Moderate,Train,Derived prototype label - NOT observed plant-stress ground truth
2025-01-16 17:00:00,17.0,Vegetative,23.36,73.32,8761.0,24.48,Low Light Stress,50.9,Moderate,No Significant Environmental Stress,0.0,Low,Train,Derived prototype label - NOT observed plant-stress ground truth
2025-01-16 17:30:00,17.5,Vegetative,22.4,73.52,4555.0,24.32,No Significant Environmental Stress,0.0,Low,No Significant Environmental Stress,0.0,Low,Train,Derived prototype label - NOT observed plant-stress ground truth
2025-01-16 18:00:00,18.0,Vegetative,20.92,76.81,0.0,24.11,No Significant Environmental Stress,0.0,Low,No Significant Environmental Stress,0.0,Low,Train,Derived prototype label - NOT observed plant-stress ground truth
2025-01-16 18:30:00,18.5,Vegetative,20.94,74.57,0.0,23.92,No Significant Environmental Stress,0.0,Low,No Significant Environmental Stress,0.0,Low,Train,Derived prototype label - NOT observed plant-stress ground truth
2025-01-16 19:00:00,19.0,Vegetative,20.99,75.58,0.0,23.7,No Significant Environmental Stress,0.0,Low,No Significant Environmental Stress,0.0,Low,Train,Derived prototype label - NOT observed plant-stress ground truth
2025-01-16 19:30:00,19.5,Vegetative,21.06,75.73,0.0,23.57,No Significant Environmental Stress,0.0,Low,No Significant Environmental Stress,0.0,Low,Train,Derived prototype label - NOT observed plant-stress ground truth
2025-01-16 20:00:00,20.0,Vegetative,21.17,74.77,0.0,23.38,No Significant Environmental Stress,0.0,Low,No Significant Environmental Stress,0.0,Low,Train,Derived prototype label - NOT observed plant-stress ground truth
2025-01-16 20:30:00,20.5,Vegetative,21.29,79.47,0.0,23.25,No Significant Environmental Stress,0.0,Low,No Significant Environmental Stress,0.0,Low,Train,Derived prototype label - NOT observed plant-stress ground truth
2025-01-16 21:00:00,21.0,Vegetative,21.42,74.68,0.0,23.12,No Significant Environmental Stress,0.0,Low,No Significant Environmental Stress,0.0,Low,Train,Derived prototype label - NOT observed plant-stress ground truth
2025-01-16 21:30:00,21.5,Vegetative,21.55,78.12,0.0,22.96,No Significant Environmental Stress,0.0,Low,No Significant Environmental Stress,0.0,Low,Train,Derived prototype label - NOT observed plant-stress ground truth
2025-01-16 22:00:00,22.0,Vegetative,21.67,77.66,0.0,22.9,No Significant Environmental Stress,0.0,Low,No Significant Environmental Stress,0.0,Low,Train,Derived prototype label - NOT observed plant-stress ground truth
2025-01-16 22:30:00,22.5,Vegetative,21.77,76.94,0.0,22.8,No Significant Environmental Stress,0.0,Low,No Significant Environmental Stress,0.0,Low,Train,Derived prototype label - NOT observed plant-stress ground truth
2025-01-16 23:00:00,23.0,Vegetative,21.85,77.8,0.0,22.69,No Significant Environmental Stress,0.0,Low,No Significant Environmental Stress,0.0,Low,Train,Derived prototype label - NOT observed plant-stress ground truth
2025-01-16 23:30:00,23.5,Vegetative,21.9,79.44,0.0,22.65,No Significant Environmental Stress,0.0,Low,No Significant Environmental Stress,0.0,Low,Train,Derived prototype label - NOT observed plant-stress ground truth
2025-01-17 00:00:00,0.0,Vegetative,20.65,72.04,0.0,22.56,No Significant Environmental Stress,0.0,Low,No Significant Environmental Stress,0.0,Low,Train,Derived prototype label - NOT observed plant-stress ground truth
2025-01-17 00:30:00,0.5,Vegetative,20.63,75.11,0.0,22.42,No Significant Environmental Stress,0.0,Low,No Significant Environmental Stress,0.0,Low,Train,Derived prototype label - NOT observed plant-stress ground truth
2025-01-17 01:00:00,1.0,Vegetative,20.58,74.52,0.0,22.36,No Significant Environmental Stress,0.0,Low,No Significant Environmental Stress,0.0,Low,Train,Derived prototype label - NOT observed plant-stress ground truth
2025-01-17 01:30:00,1.5,Vegetative,20.5,76.24,0.0,22.26,No Significant Environmental Stress,0.0,Low,No Significant Environmental Stress,0.0,Low,Train,Derived prototype label - NOT observed plant-stress ground truth
2025-01-17 02:00:00,2.0,Vegetative,20.4,72.63,0.0,22.16,No Significant Environmental Stress,0.0,Low,No Significant Environmental Stress,0.0,Low,Train,Derived prototype label - NOT observed plant-stress ground truth
2025-01-17 02:30:00,2.5,Vegetative,20.28,74.75,0.0,22.03,No Significant Environmental Stress,0.0,Low,No Significant Environmental Stress,0.0,Low,Train,Derived prototype label - NOT observed plant-stress ground truth
2025-01-17 03:00:00,3.0,Vegetative,20.15,74.8,0.0,21.98,No Significant Environmental Stress,0.0,Low,No Significant Environmental Stress,0.0,Low,Train,Derived prototype label - NOT observed plant-stress ground truth
2025-01-17 03:30:00,3.5,Vegetative,20.02,74.46,0.0,21.9,No Significant Environmental Stress,0.0,Low,No Significant Environmental Stress,0.0,Low,Train,Derived prototype label - NOT observed plant-stress ground truth
2025-01-17 04:00:00,4.0,Vegetative,19.9,72.58,0.0,21.82,No Significant Environmental Stress,0.0,Low,No Significant Environmental Stress,0.0,Low,Train,Derived prototype label - NOT observed plant-stress ground truth
2025-01-17 04:30:00,4.5,Vegetative,19.79,72.62,0.0,21.76,No Significant Environmental Stress,0.0,Low,No Significant Environmental Stress,0.0,Low,Train,Derived prototype label - NOT observed plant-stress ground truth
2025-01-17 05:00:00,5.0,Vegetative,19.71,74.87,0.0,21.66,No Significant Environmental Stress,0.0,Low,Low Light Stress,88.2,High,Train,Derived prototype label - NOT observed plant-stress ground truth
2025-01-17 05:30:00,5.5,Vegetative,19.66,76.0,0.0,21.64,Low Light Stress,88.2,High,Low Light Stress,39.8,Moderate,Train,Derived prototype label - NOT observed plant-stress ground truth
2025-01-17 06:00:00,6.0,Vegetative,19.65,74.73,0.0,21.6,Low Light Stress,39.8,Moderate,Low Light Stress,17.2,Low,Train,Derived prototype label - NOT observed plant-stress ground truth
2025-01-17 06:30:00,6.5,Vegetative,21.3,74.34,6177.0,21.66,Low Light Stress,17.2,Low,No Significant Environmental Stress,0.0,Low,Train,Derived prototype label - NOT observed plant-stress ground truth
2025-01-17 07:00:00,7.0,Vegetative,22.44,74.33,9484.0,21.74,No Significant Environmental Stress,0.0,Low,No Significant Environmental Stress,0.0,Low,Train,Derived prototype label - NOT observed plant-stress ground truth
2025-01-17 07:30:00,7.5,Vegetative,23.53,72.93,16832.0,21.89,No Significant Environmental Stress,0.0,Low,No Significant Environmental Stress,0.0,Low,Train,Derived prototype label - NOT observed plant-stress ground truth
2025-01-17 08:00:00,8.0,Vegetative,24.57,70.19,22141.0,22.12,No Significant Environmental Stress,0.0,Low,No Significant Environmental Stress,0.0,Low,Train,Derived prototype label - NOT observed plant-stress ground truth
2025-01-17 08:30:00,8.5,Vegetative,25.53,70.37,26619.0,22.32,No Significant Environmental Stress,0.0,Low,No Significant Environmental Stress,0.0,Low,Train,Derived prototype label - NOT observed plant-stress ground truth
2025-01-17 09:00:00,9.0,Vegetative,26.4,67.7,23293.0,22.41,No Significant Environmental Stress,0.0,Low,No Significant Environmental Stress,0.0,Low,Train,Derived prototype label - NOT observed plant-stress ground truth
2025-01-17 09:30:00,9.5,Vegetative,27.16,65.63,30630.0,22.63,No Significant Environmental Stress,0.0,Low,No Significant Environmental Stress,3.7,Low,Train,Derived prototype label - NOT observed plant-stress ground truth
2025-01-17 10:00:00,10.0,Vegetative,27.81,64.33,43748.0,22.86,No Significant Environmental Stress,3.7,Low,No Significant Environmental Stress,8.1,Low,Train,Derived prototype label - NOT observed plant-stress ground truth
2025-01-17 10:30:00,10.5,Vegetative,28.32,61.73,40433.0,23.12,No Significant Environmental Stress,8.1,Low,No Significant Environmental Stress,10.8,Low,Train,Derived prototype label - NOT observed plant-stress ground truth
2025-01-17 11:00:00,11.0,Vegetative,28.69,61.41,43032.0,23.38,No Significant Environmental Stress,10.8,Low,No Significant Environmental Stress,11.6,Low,Train,Derived prototype label - NOT observed plant-stress ground truth
2025-01-17 11:30:00,11.5,Vegetative,28.92,63.99,38687.0,23.66,No Significant Environmental Stress,11.6,Low,High Light Stress,23.5,Low,Train,Derived prototype label - NOT observed plant-stress ground truth
2025-01-17 12:00:00,12.0,Vegetative,28.99,60.94,43609.0,23.91,High Light Stress,23.5,Low,High Light Stress,22.0,Low,Train,Derived prototype label - NOT observed plant-stress ground truth
2025-01-17 12:30:00,12.5,Vegetative,28.92,61.81,50871.0,24.18,High Light Stress,22.0,Low,No Significant Environmental Stress,6.9,Low,Train,Derived prototype label - NOT observed plant-stress ground truth
2025-01-17 13:00:00,13.0,Vegetative,28.69,66.76,50750.0,24.38,No Significant Environmental Stress,6.9,Low,No Significant Environmental Stress,0.0,Low,Train,Derived prototype label - NOT observed plant-stress ground truth
2025-01-17 13:30:00,13.5,Vegetative,28.32,66.13,46643.0,24.54,No Significant Environmental Stress,0.0,Low,No Significant Environmental Stress,0.0,Low,Train,Derived prototype label - NOT observed plant-stress ground truth
2025-01-17 14:00:00,14.0,Vegetative,27.81,65.45,40974.0,24.69,No Significant Environmental Stress,0.0,Low,No Significant Environmental Stress,0.0,Low,Train,Derived prototype label - NOT observed plant-stress ground truth
2025-01-17 14:30:00,14.5,Vegetative,27.16,65.26,35327.0,24.79,No Significant Environmental Stress,0.0,Low,No Significant Environmental Stress,0.0,Low,Train,Derived prototype label - NOT observed plant-stress ground truth
2025-01-17 15:00:00,15.0,Vegetative,26.4,65.94,32377.0,24.83,No Significant Environmental Stress,0.0,Low,No Significant Environmental Stress,0.0,Low,Train,Derived prototype label - NOT observed plant-stress ground truth
2025-01-17 15:30:00,15.5,Vegetative,25.53,67.82,27822.0,24.82,No Significant Environmental Stress,0.0,Low,No Significant Environmental Stress,0.0,Low,Train,Derived prototype label - NOT observed plant-stress ground truth
2025-01-17 16:00:00,16.0,Vegetative,24.57,70.77,21110.0,24.76,No Significant Environmental Stress,0.0,Low,No Significant Environmental Stress,0.0,Low,Train,Derived prototype label - NOT observed plant-stress ground truth
2025-01-17 16:30:00,16.5,Vegetative,23.53,69.85,16476.0,24.64,No Significant Environmental Stress,0.0,Low,Low Light Stress,42.5,Moderate,Train,Derived prototype label - NOT observed plant-stress ground truth
2025-01-17 17:00:00,17.0,Vegetative,22.44,74.83,12230.0,24.46,Low Light Stress,42.5,Moderate,No Significant Environmental Stress,0.0,Low,Train,Derived prototype label - NOT observed plant-stress ground truth
2025-01-17 17:30:00,17.5,Vegetative,21.3,74.82,5777.0,24.2,No Significant Environmental Stress,0.0,Low,No Significant Environmental Stress,0.0,Low,Train,Derived prototype label - NOT observed plant-stress ground truth
2025-01-17 18:00:00,18.0,Vegetative,19.65,73.3,0.0,24.01,No Significant Environmental Stress,0.0,Low,No Significant Environmental Stress,0.0,Low,Train,Derived prototype label - NOT observed plant-stress ground truth
2025-01-17 18:30:00,18.5,Vegetative,19.66,75.15,0.0,23.84,No Significant Environmental Stress,0.0,Low,No Significant Environmental Stress,0.0,Low,Train,Derived prototype label - NOT observed plant-stress ground truth
2025-01-17 19:00:00,19.0,Vegetative,19.71,73.14,0.0,23.63,No Significant Environmental Stress,0.0,Low,No Significant Environmental Stress,0.0,Low,Train,Derived prototype label - NOT observed plant-stress ground truth
2025-01-17 19:30:00,19.5,Vegetative,19.79,74.51,0.0,23.38,No Significant Environmental Stress,0.0,Low,No Significant Environmental Stress,0.0,Low,Train,Derived prototype label - NOT observed plant-stress ground truth
2025-01-17 20:00:00,20.0,Vegetative,19.9,74.83,0.0,23.15,No Significant Environmental Stress,0.0,Low,No Significant Environmental Stress,0.0,Low,Train,Derived prototype label - NOT observed plant-stress ground truth
2025-01-17 20:30:00,20.5,Vegetative,20.02,75.35,0.0,23.06,No Significant Environmental Stress,0.0,Low,No Significant Environmental Stress,0.0,Low,Train,Derived prototype label - NOT observed plant-stress ground truth
2025-01-17 21:00:00,21.0,Vegetative,20.15,75.72,0.0,22.85,No Significant Environmental Stress,0.0,Low,No Significant Environmental Stress,0.0,Low,Train,Derived prototype label - NOT observed plant-stress ground truth
2025-01-17 21:30:00,21.5,Vegetative,20.28,76.65,0.0,22.71,No Significant Environmental Stress,0.0,Low,No Significant Environmental Stress,0.0,Low,Train,Derived prototype label - NOT observed plant-stress ground truth
2025-01-17 22:00:00,22.0,Vegetative,20.4,77.06,0.0,22.55,No Significant Environmental Stress,0.0,Low,No Significant Environmental Stress,0.0,Low,Train,Derived prototype label - NOT observed plant-stress ground truth
2025-01-17 22:30:00,22.5,Vegetative,20.5,74.94,0.0,22.42,No Significant Environmental Stress,0.0,Low,No Significant Environmental Stress,0.0,Low,Train,Derived prototype label - NOT observed plant-stress ground truth
2025-01-17 23:00:00,23.0,Vegetative,20.58,77.07,0.0,22.34,No Significant Environmental Stress,0.0,Low,No Significant Environmental Stress,12.3,Low,Train,Derived prototype label - NOT observed plant-stress ground truth
2025-01-17 23:30:00,23.5,Vegetative,20.63,75.11,0.0,22.25,No Significant Environmental Stress,12.3,Low,No Significant Environmental Stress,11.1,Low,Train,Derived prototype label - NOT observed plant-stress ground truth
2025-01-18 00:00:00,0.0,Vegetative,21.13,82.69,0.0,22.19,No Significant Environmental Stress,11.1,Low,High Humidity Stress,20.4,Low,Train,Derived prototype label - NOT observed plant-stress ground truth
2025-01-18 00:30:00,0.5,Vegetative,21.12,82.43,0.0,22.13,High Humidity Stress,20.4,Low,No Significant Environmental Stress,6.6,Low,Train,Derived prototype label - NOT observed plant-stress ground truth
2025-01-18 01:00:00,1.0,Vegetative,21.07,84.48,0.0,22.14,No Significant Environmental Stress,6.6,Low,High Humidity Stress,21.0,Low,Train,Derived prototype label - NOT observed plant-stress ground truth
2025-01-18 01:30:00,1.5,Vegetative,20.99,81.44,0.0,22.08,High Humidity Stress,21.0,Low,No Significant Environmental Stress,7.6,Low,Train,Derived prototype label - NOT observed plant-stress ground truth
2025-01-18 02:00:00,2.0,Vegetative,20.88,84.61,0.0,22.04,No Significant Environmental Stress,7.6,Low,No Significant Environmental Stress,8.7,Low,Train,Derived prototype label - NOT observed plant-stress ground truth
2025-01-18 02:30:00,2.5,Vegetative,20.76,81.66,0.0,22.03,No Significant Environmental Stress,8.7,Low,No Significant Environmental Stress,9.7,Low,Train,Derived prototype label - NOT observed plant-stress ground truth
2025-01-18 03:00:00,3.0,Vegetative,20.63,81.9,0.0,21.97,No Significant Environmental Stress,9.7,Low,High Humidity Stress,18.7,Low,Train,Derived prototype label - NOT observed plant-stress ground truth
2025-01-18 03:30:00,3.5,Vegetative,20.5,82.14,0.0,21.91,High Humidity Stress,18.7,Low,No Significant Environmental Stress,12.9,Low,Train,Derived prototype label - NOT observed plant-stress ground truth
2025-01-18 04:00:00,4.0,Vegetative,20.38,84.1,0.0,21.9,No Significant Environmental Stress,12.9,Low,High Humidity Stress,13.2,Low,Train,Derived prototype label - NOT observed plant-stress ground truth
2025-01-18 04:30:00,4.5,Vegetative,20.28,82.84,0.0,21.83,High Humidity Stress,13.2,Low,High Humidity Stress,14.7,Low,Train,Derived prototype label - NOT observed plant-stress ground truth
2025-01-18 05:00:00,5.0,Vegetative,20.2,82.9,0.0,21.8,High Humidity Stress,14.7,Low,Low Light Stress,86.0,High,Train,Derived prototype label - NOT observed plant-stress ground truth
2025-01-18 05:30:00,5.5,Vegetative,20.15,83.22,0.0,21.76,Low Light Stress,86.0,High,Low Light Stress,58.0,Moderate,Train,Derived prototype label - NOT observed plant-stress ground truth
2025-01-18 06:00:00,6.0,Vegetative,20.13,81.17,0.0,21.62,Low Light Stress,58.0,Moderate,Low Light Stress,36.9,Moderate,Train,Derived prototype label - NOT observed plant-stress ground truth
2025-01-18 06:30:00,6.5,Vegetative,21.44,83.01,4294.0,21.66,Low Light Stress,36.9,Moderate,High Humidity Stress,29.6,Low,Train,Derived prototype label - NOT observed plant-stress ground truth
2025-01-18 07:00:00,7.0,Vegetative,22.23,85.2,7949.0,21.73,High Humidity Stress,29.6,Low,High Humidity Stress,72.9,High,Train,Derived prototype label - NOT observed plant-stress ground truth
2025-01-18 07:30:00,7.5,Vegetative,23.0,86.5,14023.0,21.8,High Humidity Stress,72.9,High,No Significant Environmental Stress,8.0,Low,Train,Derived prototype label - NOT observed plant-stress ground truth
2025-01-18 08:00:00,8.0,Vegetative,23.72,96.0,16442.0,21.91,No Significant Environmental Stress,8.0,Low,No Significant Environmental Stress,1.7,Low,Train,Derived prototype label - NOT observed plant-stress ground truth
2025-01-18 08:30:00,8.5,Vegetative,24.4,81.75,22669.0,22.1,No Significant Environmental Stress,1.7,Low,No Significant Environmental Stress,0.0,Low,Train,Derived prototype label - NOT observed plant-stress ground truth
2025-01-18 09:00:00,9.0,Vegetative,25.0,80.37,21027.0,22.28,No Significant Environmental Stress,0.0,Low,No Significant Environmental Stress,0.0,Low,Train,Derived prototype label - NOT observed plant-stress ground truth
2025-01-18 09:30:00,9.5,Vegetative,25.54,73.89,30338.0,22.46,No Significant Environmental Stress,0.0,Low,No Significant Environmental Stress,0.0,Low,Train,Derived prototype label - NOT observed plant-stress ground truth
2025-01-18 10:00:00,10.0,Vegetative,25.98,73.98,30715.0,22.61,No Significant Environmental Stress,0.0,Low,No Significant Environmental Stress,0.0,Low,Train,Derived prototype label - NOT observed plant-stress ground truth
2025-01-18 10:30:00,10.5,Vegetative,26.34,75.82,36980.0,22.81,No Significant Environmental Stress,0.0,Low,No Significant Environmental Stress,0.0,Low,Train,Derived prototype label - NOT observed plant-stress ground truth
2025-01-18 11:00:00,11.0,Vegetative,26.6,75.21,36280.0,23.03,No Significant Environmental Stress,0.0,Low,No Significant Environmental Stress,0.0,Low,Train,Derived prototype label - NOT observed plant-stress ground truth
2025-01-18 11:30:00,11.5,Vegetative,26.76,69.34,30970.0,23.19,No Significant Environmental Stress,0.0,Low,No Significant Environmental Stress,0.0,Low,Train,Derived prototype label - NOT observed plant-stress ground truth
2025-01-18 12:00:00,12.0,Vegetative,26.81,69.13,37483.0,23.39,No Significant Environmental Stress,0.0,Low,No Significant Environmental Stress,0.0,Low,Train,Derived prototype label - NOT observed plant-stress ground truth
2025-01-18 12:30:00,12.5,Vegetative,26.76,72.91,35384.0,23.62,No Significant Environmental Stress,0.0,Low,No Significant Environmental Stress,0.0,Low,Train,Derived prototype label - NOT observed plant-stress ground truth
2025-01-18 13:00:00,13.0,Vegetative,26.6,75.22,30982.0,23.75,No Significant Environmental Stress,0.0,Low,No Significant Environmental Stress,0.0,Low,Train,Derived prototype label - NOT observed plant-stress ground truth
2025-01-18 13:30:00,13.5,Vegetative,26.34,71.43,28799.0,23.89,No Significant Environmental Stress,0.0,Low,No Significant Environmental Stress,0.0,Low,Train,Derived prototype label - NOT observed plant-stress ground truth
2025-01-18 14:00:00,14.0,Vegetative,25.98,74.48,31473.0,24.07,No Significant Environmental Stress,0.0,Low,No Significant Environmental Stress,0.0,Low,Train,Derived prototype label - NOT observed plant-stress ground truth
2025-01-18 14:30:00,14.5,Vegetative,25.54,74.29,28816.0,24.18,No Significant Environmental Stress,0.0,Low,No Significant Environmental Stress,0.0,Low,Train,Derived prototype label - NOT observed plant-stress ground truth
2025-01-18 15:00:00,15.0,Vegetative,25.0,72.43,25792.0,24.29,No Significant Environmental Stress,0.0,Low,No Significant Environmental Stress,0.0,Low,Train,Derived prototype label - NOT observed plant-stress ground truth
2025-01-18 15:30:00,15.5,Vegetative,24.4,78.75,19230.0,24.29,No Significant Environmental Stress,0.0,Low,No Significant Environmental Stress,0.0,Low,Train,Derived prototype label - NOT observed plant-stress ground truth
2025-01-18 16:00:00,16.0,Vegetative,23.72,79.16,16883.0,24.31,No Significant Environmental Stress,0.0,Low,Low Light Stress,37.4,Moderate,Train,Derived prototype label - NOT observed plant-stress ground truth
2025-01-18 16:30:00,16.5,Vegetative,23.0,79.52,12181.0,24.2,Low Light Stress,37.4,Moderate,Low Light Stress,61.9,Moderate,Train,Derived prototype label - NOT observed plant-stress ground truth
2025-01-18 17:00:00,17.0,Vegetative,22.23,85.52,7960.0,24.12,Low Light Stress,61.9,Moderate,No Significant Environmental Stress,11.3,Low,Train,Derived prototype label - NOT observed plant-stress ground truth
2025-01-18 17:30:00,17.5,Vegetative,21.44,83.91,3954.0,24.03,No Significant Environmental Stress,11.3,Low,No Significant Environmental Stress,0.0,Low,Train,Derived prototype label - NOT observed plant-stress ground truth
2025-01-18 18:00:00,18.0,Vegetative,20.13,82.49,0.0,23.83,No Significant Environmental Stress,0.0,Low,High Humidity Stress,17.0,Low,Train,Derived prototype label - NOT observed plant-stress ground truth
2025-01-18 18:30:00,18.5,Vegetative,20.15,79.38,0.0,23.57,High Humidity Stress,17.0,Low,High Humidity Stress,20.3,Low,Train,Derived prototype label - NOT observed plant-stress ground truth
2025-01-18 19:00:00,19.0,Vegetative,20.2,83.74,0.0,23.46,High Humidity Stress,20.3,Low,High Humidity Stress,23.4,Low,Train,Derived prototype label - NOT observed plant-stress ground truth
2025-01-18 19:30:00,19.5,Vegetative,20.28,84.46,0.0,23.24,High Humidity Stress,23.4,Low,High Humidity Stress,26.5,Low,Train,Derived prototype label - NOT observed plant-stress ground truth
2025-01-18 20:00:00,20.0,Vegetative,20.38,85.13,0.0,23.07,High Humidity Stress,26.5,Low,High Humidity Stress,20.6,Low,Train,Derived prototype label - NOT observed plant-stress ground truth
2025-01-18 20:30:00,20.5,Vegetative,20.5,85.82,0.0,22.87,High Humidity Stress,20.6,Low,No Significant Environmental Stress,10.8,Low,Train,Derived prototype label - NOT observed plant-stress ground truth
2025-01-18 21:00:00,21.0,Vegetative,20.63,84.53,0.0,22.74,No Significant Environmental Stress,10.8,Low,High Humidity Stress,25.6,Low,Train,Derived prototype label - NOT observed plant-stress ground truth
2025-01-18 21:30:00,21.5,Vegetative,20.76,82.38,0.0,22.61,High Humidity Stress,25.6,Low,No Significant Environmental Stress,4.8,Low,Train,Derived prototype label - NOT observed plant-stress ground truth
2025-01-18 22:00:00,22.0,Vegetative,20.88,85.62,0.0,22.52,No Significant Environmental Stress,4.8,Low,No Significant Environmental Stress,0.0,Low,Train,Derived prototype label - NOT observed plant-stress ground truth
2025-01-18 22:30:00,22.5,Vegetative,20.99,81.05,0.0,22.49,No Significant Environmental Stress,0.0,Low,No Significant Environmental Stress,8.8,Low,Train,Derived prototype label - NOT observed plant-stress ground truth
2025-01-18 23:00:00,23.0,Vegetative,21.07,79.96,0.0,22.33,No Significant Environmental Stress,8.8,Low,No Significant Environmental Stress,0.0,Low,Train,Derived prototype label - NOT observed plant-stress ground truth
2025-01-18 23:30:00,23.5,Vegetative,21.12,81.93,0.0,22.21,No Significant Environmental Stress,0.0,Low,High Humidity Stress,24.1,Low,Train,Derived prototype label - NOT observed plant-stress ground truth
2025-01-19 00:00:00,0.0,Vegetative,19.84,79.24,0.0,22.22,High Humidity Stress,24.1,Low,No Significant Environmental Stress,8.9,Low,Train,Derived prototype label - NOT observed plant-stress ground truth
2025-01-19 00:30:00,0.5,Vegetative,19.82,85.3,0.0,22.11,No Significant Environmental Stress,8.9,Low,High Humidity Stress,26.8,Low,Train,Derived prototype label - NOT observed plant-stress ground truth
2025-01-19 01:00:00,1.0,Vegetative,19.77,81.95,0.0,22.0,High Humidity Stress,26.8,Low,High Humidity Stress,15.4,Low,Train,Derived prototype label - NOT observed plant-stress ground truth
2025-01-19 01:30:00,1.5,Vegetative,19.69,85.89,0.0,21.88,High Humidity Stress,15.4,Low,No Significant Environmental Stress,0.0,Low,Train,Derived prototype label - NOT observed plant-stress ground truth
2025-01-19 02:00:00,2.0,Vegetative,19.59,83.37,0.0,21.81,No Significant Environmental Stress,0.0,Low,High Humidity Stress,19.4,Low,Train,Derived prototype label - NOT observed plant-stress ground truth
2025-01-19 02:30:00,2.5,Vegetative,19.46,78.75,0.0,21.74,High Humidity Stress,19.4,Low,No Significant Environmental Stress,6.0,Low,Train,Derived prototype label - NOT observed plant-stress ground truth
2025-01-19 03:00:00,3.0,Vegetative,19.34,84.26,0.0,21.68,No Significant Environmental Stress,6.0,Low,High Humidity Stress,14.6,Low,Train,Derived prototype label - NOT observed plant-stress ground truth
2025-01-19 03:30:00,3.5,Vegetative,19.21,81.32,0.0,21.58,High Humidity Stress,14.6,Low,High Humidity Stress,19.8,Low,Train,Derived prototype label - NOT observed plant-stress ground truth
2025-01-19 04:00:00,4.0,Vegetative,19.09,83.21,0.0,21.47,High Humidity Stress,19.8,Low,No Significant Environmental Stress,10.9,Low,Train,Derived prototype label - NOT observed plant-stress ground truth
2025-01-19 04:30:00,4.5,Vegetative,18.98,84.35,0.0,21.47,No Significant Environmental Stress,10.9,Low,High Humidity Stress,14.9,Low,Train,Derived prototype label - NOT observed plant-stress ground truth
2025-01-19 05:00:00,5.0,Vegetative,18.9,82.39,0.0,21.46,High Humidity Stress,14.9,Low,Low Light Stress,91.9,High,Train,Derived prototype label - NOT observed plant-stress ground truth
2025-01-19 05:30:00,5.5,Vegetative,18.85,83.26,0.0,21.37,Low Light Stress,91.9,High,Low Light Stress,60.4,Moderate,Train,Derived prototype label - NOT observed plant-stress ground truth
2025-01-19 06:00:00,6.0,Vegetative,18.84,81.28,0.0,21.31,Low Light Stress,60.4,Moderate,Low Light Stress,31.9,Low,Train,Derived prototype label - NOT observed plant-stress ground truth
2025-01-19 06:30:00,6.5,Vegetative,20.37,78.63,3587.0,21.36,Low Light Stress,31.9,Low,Low Light Stress,15.4,Low,Train,Derived prototype label - NOT observed plant-stress ground truth
2025-01-19 07:00:00,7.0,Vegetative,21.39,80.08,7346.0,21.36,Low Light Stress,15.4,Low,No Significant Environmental Stress,0.0,Low,Train,Derived prototype label - NOT observed plant-stress ground truth
2025-01-19 07:30:00,7.5,Vegetative,22.38,80.61,9912.0,21.47,No Significant Environmental Stress,0.0,Low,No Significant Environmental Stress,0.0,Low,Train,Derived prototype label - NOT observed plant-stress ground truth
2025-01-19 08:00:00,8.0,Vegetative,23.31,79.33,14826.0,21.6,No Significant Environmental Stress,0.0,Low,No Significant Environmental Stress,0.0,Low,Train,Derived prototype label - NOT observed plant-stress ground truth
2025-01-19 08:30:00,8.5,Vegetative,24.17,74.59,18694.0,21.81,No Significant Environmental Stress,0.0,Low,No Significant Environmental Stress,0.0,Low,Train,Derived prototype label - NOT observed plant-stress ground truth
2025-01-19 09:00:00,9.0,Vegetative,24.95,73.34,23739.0,22.03,No Significant Environmental Stress,0.0,Low,No Significant Environmental Stress,0.0,Low,Train,Derived prototype label - NOT observed plant-stress ground truth
2025-01-19 09:30:00,9.5,Vegetative,25.64,76.96,23686.0,22.19,No Significant Environmental Stress,0.0,Low,No Significant Environmental Stress,12.1,Low,Train,Derived prototype label - NOT observed plant-stress ground truth
2025-01-19 10:00:00,10.0,Vegetative,26.22,74.02,26231.0,22.49,No Significant Environmental Stress,12.1,Low,Heat Stress,62.4,Moderate,Train,Derived prototype label - NOT observed plant-stress ground truth
2025-01-19 10:30:00,10.5,Vegetative,29.03,64.14,35201.0,24.1,Heat Stress,62.4,Moderate,Combined Environmental Stress,79.9,High,Train,Derived prototype label - NOT observed plant-stress ground truth
2025-01-19 11:00:00,11.0,Vegetative,32.55,59.31,52145.0,25.74,Combined Environmental Stress,79.9,High,Heat Stress,57.6,Moderate,Train,Derived prototype label - NOT observed plant-stress ground truth
2025-01-19 11:30:00,11.5,Vegetative,33.65,57.4,52872.0,28.01,Heat Stress,57.6,Moderate,Heat Stress,24.1,Low,Train,Derived prototype label - NOT observed plant-stress ground truth
2025-01-19 12:00:00,12.0,Vegetative,32.09,61.26,43183.0,27.13,Heat Stress,24.1,Low,No Significant Environmental Stress,0.0,Low,Train,Derived prototype label - NOT observed plant-stress ground truth
2025-01-19 12:30:00,12.5,Vegetative,29.96,66.26,37991.0,25.25,No Significant Environmental Stress,0.0,Low,No Significant Environmental Stress,0.0,Low,Train,Derived prototype label - NOT observed plant-stress ground truth
2025-01-19 13:00:00,13.0,Vegetative,27.36,71.12,30967.0,24.11,No Significant Environmental Stress,0.0,Low,No Significant Environmental Stress,0.0,Low,Train,Derived prototype label - NOT observed plant-stress ground truth
2025-01-19 13:30:00,13.5,Vegetative,26.68,76.27,24213.0,23.9,No Significant Environmental Stress,0.0,Low,No Significant Environmental Stress,0.0,Low,Train,Derived prototype label - NOT observed plant-stress ground truth
2025-01-19 14:00:00,14.0,Vegetative,26.22,72.01,27155.0,24.05,No Significant Environmental Stress,0.0,Low,No Significant Environmental Stress,0.0,Low,Train,Derived prototype label - NOT observed plant-stress ground truth
2025-01-19 14:30:00,14.5,Vegetative,25.64,78.08,25453.0,24.13,No Significant Environmental Stress,0.0,Low,No Significant Environmental Stress,0.0,Low,Train,Derived prototype label - NOT observed plant-stress ground truth
2025-01-19 15:00:00,15.0,Vegetative,24.95,78.7,20909.0,24.17,No Significant Environmental Stress,0.0,Low,No Significant Environmental Stress,0.0,Low,Train,Derived prototype label - NOT observed plant-stress ground truth
2025-01-19 15:30:00,15.5,Vegetative,24.17,76.48,18553.0,24.23,No Significant Environmental Stress,0.0,Low,No Significant Environmental Stress,3.6,Low,Train,Derived prototype label - NOT observed plant-stress ground truth
2025-01-19 16:00:00,16.0,Vegetative,23.31,77.32,17871.0,24.19,No Significant Environmental Stress,3.6,Low,Low Light Stress,28.1,Low,Train,Derived prototype label - NOT observed plant-stress ground truth
2025-01-19 16:30:00,16.5,Vegetative,22.38,80.78,12576.0,24.13,Low Light Stress,28.1,Low,Low Light Stress,60.0,Moderate,Train,Derived prototype label - NOT observed plant-stress ground truth
2025-01-19 17:00:00,17.0,Vegetative,21.39,80.65,8062.0,24.02,Low Light Stress,60.0,Moderate,No Significant Environmental Stress,6.7,Low,Train,Derived prototype label - NOT observed plant-stress ground truth
2025-01-19 17:30:00,17.5,Vegetative,20.37,80.08,3647.0,23.84,No Significant Environmental Stress,6.7,Low,No Significant Environmental Stress,0.0,Low,Train,Derived prototype label - NOT observed plant-stress ground truth
2025-01-19 18:00:00,18.0,Vegetative,18.84,81.47,0.0,23.62,No Significant Environmental Stress,0.0,Low,No Significant Environmental Stress,10.2,Low,Train,Derived prototype label - NOT observed plant-stress ground truth
2025-01-19 18:30:00,18.5,Vegetative,18.85,79.79,0.0,23.41,No Significant Environmental Stress,10.2,Low,No Significant Environmental Stress,10.8,Low,Train,Derived prototype label - NOT observed plant-stress ground truth
2025-01-19 19:00:00,19.0,Vegetative,18.9,82.24,0.0,23.19,No Significant Environmental Stress,10.8,Low,No Significant Environmental Stress,10.8,Low,Train,Derived prototype label - NOT observed plant-stress ground truth
2025-01-19 19:30:00,19.5,Vegetative,18.98,82.36,0.0,23.01,No Significant Environmental Stress,10.8,Low,High Humidity Stress,29.0,Low,Train,Derived prototype label - NOT observed plant-stress ground truth
2025-01-19 20:00:00,20.0,Vegetative,19.09,82.36,0.0,22.8,High Humidity Stress,29.0,Low,High Humidity Stress,29.3,Low,Train,Derived prototype label - NOT observed plant-stress ground truth
2025-01-19 20:30:00,20.5,Vegetative,19.21,86.36,0.0,22.64,High Humidity Stress,29.3,Low,No Significant Environmental Stress,0.0,Low,Train,Derived prototype label - NOT observed plant-stress ground truth
2025-01-19 21:00:00,21.0,Vegetative,19.34,86.44,0.0,22.47,No Significant Environmental Stress,0.0,Low,No Significant Environmental Stress,4.5,Low,Train,Derived prototype label - NOT observed plant-stress ground truth
2025-01-19 21:30:00,21.5,Vegetative,19.46,79.27,0.0,22.33,No Significant Environmental Stress,4.5,Low,No Significant Environmental Stress,10.8,Low,Train,Derived prototype label - NOT observed plant-stress ground truth
2025-01-19 22:00:00,22.0,Vegetative,19.59,80.99,0.0,22.17,No Significant Environmental Stress,10.8,Low,No Significant Environmental Stress,0.5,Low,Train,Derived prototype label - NOT observed plant-stress ground truth
2025-01-19 22:30:00,22.5,Vegetative,19.69,82.38,0.0,22.1,No Significant Environmental Stress,0.5,Low,No Significant Environmental Stress,0.0,Low,Train,Derived prototype label - NOT observed plant-stress ground truth
2025-01-19 23:00:00,23.0,Vegetative,19.77,80.1,0.0,21.98,No Significant Environmental Stress,0.0,Low,No Significant Environmental Stress,0.0,Low,Train,Derived prototype label - NOT observed plant-stress ground truth
2025-01-19 23:30:00,23.5,Vegetative,19.82,79.2,0.0,21.91,No Significant Environmental Stress,0.0,Low,No Significant Environmental Stress,0.0,Low,Train,Derived prototype label - NOT observed plant-stress ground truth
2025-01-20 00:00:00,0.0,Vegetative,20.01,74.54,0.0,21.76,No Significant Environmental Stress,0.0,Low,No Significant Environmental Stress,0.0,Low,Train,Derived prototype label - NOT observed plant-stress ground truth
2025-01-20 00:30:00,0.5,Vegetative,19.99,73.87,0.0,21.65,No Significant Environmental Stress,0.0,Low,No Significant Environmental Stress,0.0,Low,Train,Derived prototype label - NOT observed plant-stress ground truth
2025-01-20 01:00:00,1.0,Vegetative,19.94,73.88,0.0,21.6,No Significant Environmental Stress,0.0,Low,No Significant Environmental Stress,0.0,Low,Train,Derived prototype label - NOT observed plant-stress ground truth
2025-01-20 01:30:00,1.5,Vegetative,19.86,73.84,0.0,21.57,No Significant Environmental Stress,0.0,Low,No Significant Environmental Stress,0.0,Low,Train,Derived prototype label - NOT observed plant-stress ground truth
2025-01-20 02:00:00,2.0,Vegetative,19.76,78.34,0.0,21.58,No Significant Environmental Stress,0.0,Low,No Significant Environmental Stress,0.0,Low,Train,Derived prototype label - NOT observed plant-stress ground truth
2025-01-20 02:30:00,2.5,Vegetative,19.64,73.75,0.0,21.56,No Significant Environmental Stress,0.0,Low,No Significant Environmental Stress,0.0,Low,Train,Derived prototype label - NOT observed plant-stress ground truth
2025-01-20 03:00:00,3.0,Vegetative,19.51,74.76,0.0,21.52,No Significant Environmental Stress,0.0,Low,No Significant Environmental Stress,0.0,Low,Train,Derived prototype label - NOT observed plant-stress ground truth
2025-01-20 03:30:00,3.5,Vegetative,19.38,70.84,0.0,21.54,No Significant Environmental Stress,0.0,Low,No Significant Environmental Stress,0.0,Low,Train,Derived prototype label - NOT observed plant-stress ground truth
2025-01-20 04:00:00,4.0,Vegetative,19.26,77.58,0.0,21.55,No Significant Environmental Stress,0.0,Low,No Significant Environmental Stress,0.0,Low,Train,Derived prototype label - NOT observed plant-stress ground truth
2025-01-20 04:30:00,4.5,Vegetative,19.15,73.88,0.0,21.57,No Significant Environmental Stress,0.0,Low,No Significant Environmental Stress,0.0,Low,Train,Derived prototype label - NOT observed plant-stress ground truth
2025-01-20 05:00:00,5.0,Vegetative,19.07,74.22,0.0,21.49,No Significant Environmental Stress,0.0,Low,Low Light Stress,91.1,High,Train,Derived prototype label - NOT observed plant-stress ground truth
2025-01-20 05:30:00,5.5,Vegetative,19.02,76.9,0.0,21.47,Low Light Stress,91.1,High,Low Light Stress,48.3,Moderate,Train,Derived prototype label - NOT observed plant-stress ground truth
2025-01-20 06:00:00,6.0,Vegetative,19.01,76.44,0.0,21.42,Low Light Stress,48.3,Moderate,Low Light Stress,14.3,Low,Train,Derived prototype label - NOT observed plant-stress ground truth
2025-01-20 06:30:00,6.5,Vegetative,20.66,76.32,5161.0,21.38,Low Light Stress,14.3,Low,No Significant Environmental Stress,0.0,Low,Train,Derived prototype label - NOT observed plant-stress ground truth
2025-01-20 07:00:00,7.0,Vegetative,21.8,72.75,9903.0,21.49,No Significant Environmental Stress,0.0,Low,No Significant Environmental Stress,0.0,Low,Train,Derived prototype label - NOT observed plant-stress ground truth
2025-01-20 07:30:00,7.5,Vegetative,22.9,70.41,14769.0,21.59,No Significant Environmental Stress,0.0,Low,No Significant Environmental Stress,0.0,Low,Train,Derived prototype label - NOT observed plant-stress ground truth
2025-01-20 08:00:00,8.0,Vegetative,23.93,71.05,20215.0,21.76,No Significant Environmental Stress,0.0,Low,No Significant Environmental Stress,0.0,Low,Train,Derived prototype label - NOT observed plant-stress ground truth
2025-01-20 08:30:00,8.5,Vegetative,24.9,68.79,21649.0,21.92,No Significant Environmental Stress,0.0,Low,No Significant Environmental Stress,0.0,Low,Train,Derived prototype label - NOT observed plant-stress ground truth
2025-01-20 09:00:00,9.0,Vegetative,25.77,66.89,27885.0,22.13,No Significant Environmental Stress,0.0,Low,No Significant Environmental Stress,0.0,Low,Train,Derived prototype label - NOT observed plant-stress ground truth
2025-01-20 09:30:00,9.5,Vegetative,26.53,66.08,31477.0,22.34,No Significant Environmental Stress,0.0,Low,No Significant Environmental Stress,7.4,Low,Train,Derived prototype label - NOT observed plant-stress ground truth
2025-01-20 10:00:00,10.0,Vegetative,27.17,62.06,36510.0,22.56,No Significant Environmental Stress,7.4,Low,Heat Stress,31.3,Low,Train,Derived prototype label - NOT observed plant-stress ground truth
2025-01-20 10:30:00,10.5,Vegetative,28.63,61.48,38479.0,23.61,Heat Stress,31.3,Low,Combined Environmental Stress,64.0,Moderate,Train,Derived prototype label - NOT observed plant-stress ground truth
2025-01-20 11:00:00,11.0,Vegetative,30.36,57.11,43628.0,24.87,Combined Environmental Stress,64.0,Moderate,Combined Environmental Stress,99.8,High,Train,Derived prototype label - NOT observed plant-stress ground truth
2025-01-20 11:30:00,11.5,Vegetative,32.21,48.54,45665.0,26.63,Combined Environmental Stress,99.8,High,Combined Environmental Stress,74.4,High,Train,Derived prototype label - NOT observed plant-stress ground truth
2025-01-20 12:00:00,12.0,Vegetative,34.57,42.14,44935.0,27.75,Combined Environmental Stress,74.4,High,Heat Stress,42.1,Moderate,Train,Derived prototype label - NOT observed plant-stress ground truth
2025-01-20 12:30:00,12.5,Vegetative,33.08,48.33,48949.0,28.07,Heat Stress,42.1,Moderate,No Significant Environmental Stress,9.8,Low,Train,Derived prototype label - NOT observed plant-stress ground truth
2025-01-20 13:00:00,13.0,Vegetative,30.96,54.16,41591.0,26.0,No Significant Environmental Stress,9.8,Low,No Significant Environmental Stress,0.0,Low,Train,Derived prototype label - NOT observed plant-stress ground truth
2025-01-20 13:30:00,13.5,Vegetative,28.78,59.85,34658.0,25.15,No Significant Environmental Stress,0.0,Low,No Significant Environmental Stress,0.0,Low,Train,Derived prototype label - NOT observed plant-stress ground truth
2025-01-20 14:00:00,14.0,Vegetative,27.17,65.42,31850.0,24.35,No Significant Environmental Stress,0.0,Low,No Significant Environmental Stress,0.0,Low,Train,Derived prototype label - NOT observed plant-stress ground truth
2025-01-20 14:30:00,14.5,Vegetative,26.53,65.76,28453.0,24.47,No Significant Environmental Stress,0.0,Low,No Significant Environmental Stress,0.0,Low,Train,Derived prototype label - NOT observed plant-stress ground truth
2025-01-20 15:00:00,15.0,Vegetative,25.77,65.93,26389.0,24.56,No Significant Environmental Stress,0.0,Low,No Significant Environmental Stress,0.0,Low,Train,Derived prototype label - NOT observed plant-stress ground truth
2025-01-20 15:30:00,15.5,Vegetative,24.9,71.02,22452.0,24.57,No Significant Environmental Stress,0.0,Low,No Significant Environmental Stress,0.0,Low,Train,Derived prototype label - NOT observed plant-stress ground truth
2025-01-20 16:00:00,16.0,Vegetative,23.93,67.94,21067.0,24.51,No Significant Environmental Stress,0.0,Low,No Significant Environmental Stress,10.0,Low,Train,Derived prototype label - NOT observed plant-stress ground truth
2025-01-20 16:30:00,16.5,Vegetative,22.9,71.44,15682.0,24.44,No Significant Environmental Stress,10.0,Low,Low Light Stress,46.0,Moderate,Train,Derived prototype label - NOT observed plant-stress ground truth
2025-01-20 17:00:00,17.0,Vegetative,21.8,72.83,10543.0,24.23,Low Light Stress,46.0,Moderate,No Significant Environmental Stress,0.0,Low,Train,Derived prototype label - NOT observed plant-stress ground truth
2025-01-20 17:30:00,17.5,Vegetative,20.66,72.87,5491.0,23.98,No Significant Environmental Stress,0.0,Low,No Significant Environmental Stress,0.0,Low,Train,Derived prototype label - NOT observed plant-stress ground truth
2025-01-20 18:00:00,18.0,Vegetative,19.01,71.94,0.0,23.64,No Significant Environmental Stress,0.0,Low,No Significant Environmental Stress,0.0,Low,Train,Derived prototype label - NOT observed plant-stress ground truth
2025-01-20 18:30:00,18.5,Vegetative,19.02,74.34,0.0,23.46,No Significant Environmental Stress,0.0,Low,No Significant Environmental Stress,0.0,Low,Train,Derived prototype label - NOT observed plant-stress ground truth
2025-01-20 19:00:00,19.0,Vegetative,19.07,73.02,0.0,23.3,No Significant Environmental Stress,0.0,Low,No Significant Environmental Stress,0.0,Low,Train,Derived prototype label - NOT observed plant-stress ground truth
2025-01-20 19:30:00,19.5,Vegetative,19.15,76.12,0.0,23.1,No Significant Environmental Stress,0.0,Low,No Significant Environmental Stress,0.0,Low,Train,Derived prototype label - NOT observed plant-stress ground truth
2025-01-20 20:00:00,20.0,Vegetative,19.26,75.46,0.0,22.89,No Significant Environmental Stress,0.0,Low,No Significant Environmental Stress,0.0,Low,Train,Derived prototype label - NOT observed plant-stress ground truth
2025-01-20 20:30:00,20.5,Vegetative,19.38,75.22,0.0,22.81,No Significant Environmental Stress,0.0,Low,No Significant Environmental Stress,0.0,Low,Train,Derived prototype label - NOT observed plant-stress ground truth
2025-01-20 21:00:00,21.0,Vegetative,19.51,76.62,0.0,22.63,No Significant Environmental Stress,0.0,Low,No Significant Environmental Stress,0.0,Low,Train,Derived prototype label - NOT observed plant-stress ground truth
2025-01-20 21:30:00,21.5,Vegetative,19.64,73.31,0.0,22.51,No Significant Environmental Stress,0.0,Low,No Significant Environmental Stress,0.0,Low,Train,Derived prototype label - NOT observed plant-stress ground truth
2025-01-20 22:00:00,22.0,Vegetative,19.76,78.79,0.0,22.32,No Significant Environmental Stress,0.0,Low,No Significant Environmental Stress,0.0,Low,Train,Derived prototype label - NOT observed plant-stress ground truth
2025-01-20 22:30:00,22.5,Vegetative,19.86,75.62,0.0,22.24,No Significant Environmental Stress,0.0,Low,No Significant Environmental Stress,0.0,Low,Train,Derived prototype label - NOT observed plant-stress ground truth
2025-01-20 23:00:00,23.0,Vegetative,19.94,73.1,0.0,22.14,No Significant Environmental Stress,0.0,Low,No Significant Environmental Stress,8.0,Low,Train,Derived prototype label - NOT observed plant-stress ground truth
2025-01-20 23:30:00,23.5,Vegetative,19.99,75.89,0.0,22.06,No Significant Environmental Stress,8.0,Low,No Significant Environmental Stress,0.0,Low,Train,Derived prototype label - NOT observed plant-stress ground truth
2025-01-21 00:00:00,0.0,Vegetative,21.03,81.76,0.0,22.07,No Significant Environmental Stress,0.0,Low,No Significant Environmental Stress,5.1,Low,Train,Derived prototype label - NOT observed plant-stress ground truth
2025-01-21 00:30:00,0.5,Vegetative,21.01,78.28,0.0,22.0,No Significant Environmental Stress,5.1,Low,No Significant Environmental Stress,0.0,Low,Train,Derived prototype label - NOT observed plant-stress ground truth
2025-01-21 01:00:00,1.0,Vegetative,20.96,81.12,0.0,21.98,No Significant Environmental Stress,0.0,Low,No Significant Environmental Stress,0.0,Low,Train,Derived prototype label - NOT observed plant-stress ground truth
2025-01-21 01:30:00,1.5,Vegetative,20.88,78.69,0.0,21.98,No Significant Environmental Stress,0.0,Low,No Significant Environmental Stress,5.4,Low,Train,Derived prototype label - NOT observed plant-stress ground truth
2025-01-21 02:00:00,2.0,Vegetative,20.78,79.44,0.0,21.9,No Significant Environmental Stress,5.4,Low,No Significant Environmental Stress,0.2,Low,Train,Derived prototype label - NOT observed plant-stress ground truth
2025-01-21 02:30:00,2.5,Vegetative,20.66,81.18,0.0,21.89,No Significant Environmental Stress,0.2,Low,No Significant Environmental Stress,9.8,Low,Train,Derived prototype label - NOT observed plant-stress ground truth
2025-01-21 03:00:00,3.0,Vegetative,20.53,80.05,0.0,21.8,No Significant Environmental Stress,9.8,Low,No Significant Environmental Stress,0.0,Low,Train,Derived prototype label - NOT observed plant-stress ground truth
2025-01-21 03:30:00,3.5,Vegetative,20.4,82.15,0.0,21.73,No Significant Environmental Stress,0.0,Low,No Significant Environmental Stress,0.0,Low,Train,Derived prototype label - NOT observed plant-stress ground truth
2025-01-21 04:00:00,4.0,Vegetative,20.28,79.44,0.0,21.7,No Significant Environmental Stress,0.0,Low,High Humidity Stress,16.0,Low,Train,Derived prototype label - NOT observed plant-stress ground truth
2025-01-21 04:30:00,4.5,Vegetative,20.18,78.03,0.0,21.68,High Humidity Stress,16.0,Low,No Significant Environmental Stress,0.0,Low,Train,Derived prototype label - NOT observed plant-stress ground truth
2025-01-21 05:00:00,5.0,Vegetative,20.1,83.52,0.0,21.7,No Significant Environmental Stress,0.0,Low,Low Light Stress,86.4,High,Train,Derived prototype label - NOT observed plant-stress ground truth
2025-01-21 05:30:00,5.5,Vegetative,20.05,79.47,0.0,21.64,Low Light Stress,86.4,High,Low Light Stress,34.4,Low,Train,Derived prototype label - NOT observed plant-stress ground truth
2025-01-21 06:00:00,6.0,Vegetative,20.03,81.86,0.0,21.66,Low Light Stress,34.4,Low,No Significant Environmental Stress,1.0,Low,Train,Derived prototype label - NOT observed plant-stress ground truth
2025-01-21 06:30:00,6.5,Vegetative,21.62,79.49,6972.0,21.69,No Significant Environmental Stress,1.0,Low,No Significant Environmental Stress,0.0,Low,Train,Derived prototype label - NOT observed plant-stress ground truth
2025-01-21 07:00:00,7.0,Vegetative,22.7,80.22,13312.0,21.85,No Significant Environmental Stress,0.0,Low,No Significant Environmental Stress,0.0,Low,Train,Derived prototype label - NOT observed plant-stress ground truth
2025-01-21 07:30:00,7.5,Vegetative,23.73,76.65,21367.0,21.96,No Significant Environmental Stress,0.0,Low,No Significant Environmental Stress,0.0,Low,Train,Derived prototype label - NOT observed plant-stress ground truth
2025-01-21 08:00:00,8.0,Vegetative,24.71,75.7,23837.0,22.06,No Significant Environmental Stress,0.0,Low,No Significant Environmental Stress,0.0,Low,Train,Derived prototype label - NOT observed plant-stress ground truth
2025-01-21 08:30:00,8.5,Vegetative,25.62,72.54,33181.0,22.25,No Significant Environmental Stress,0.0,Low,No Significant Environmental Stress,0.0,Low,Train,Derived prototype label - NOT observed plant-stress ground truth
2025-01-21 09:00:00,9.0,Vegetative,26.45,72.12,38892.0,22.42,No Significant Environmental Stress,0.0,Low,No Significant Environmental Stress,7.5,Low,Train,Derived prototype label - NOT observed plant-stress ground truth
2025-01-21 09:30:00,9.5,Vegetative,27.17,67.76,33243.0,22.7,No Significant Environmental Stress,7.5,Low,No Significant Environmental Stress,5.9,Low,Train,Derived prototype label - NOT observed plant-stress ground truth
2025-01-21 10:00:00,10.0,Vegetative,27.78,69.73,47296.0,22.93,No Significant Environmental Stress,5.9,Low,No Significant Environmental Stress,7.9,Low,Train,Derived prototype label - NOT observed plant-stress ground truth
2025-01-21 10:30:00,10.5,Vegetative,28.26,67.56,46426.0,23.12,No Significant Environmental Stress,7.9,Low,No Significant Environmental Stress,9.7,Low,Train,Derived prototype label - NOT observed plant-stress ground truth
2025-01-21 11:00:00,11.0,Vegetative,28.61,65.26,45600.0,23.28,No Significant Environmental Stress,9.7,Low,No Significant Environmental Stress,10.5,Low,Train,Derived prototype label - NOT observed plant-stress ground truth
2025-01-21 11:30:00,11.5,Vegetative,28.83,67.89,35962.0,23.5,No Significant Environmental Stress,10.5,Low,Heat Stress,31.4,Low,Train,Derived prototype label - NOT observed plant-stress ground truth
2025-01-21 12:00:00,12.0,Vegetative,28.9,70.61,25885.0,23.8,Heat Stress,31.4,Low,Heat Stress,66.7,Moderate,Train,Derived prototype label - NOT observed plant-stress ground truth
2025-01-21 12:30:00,12.5,Vegetative,30.68,64.41,20972.0,24.48,Heat Stress,66.7,Moderate,Heat Stress,52.4,Moderate,Train,Derived prototype label - NOT observed plant-stress ground truth
2025-01-21 13:00:00,13.0,Vegetative,33.51,62.58,32764.0,25.48,Heat Stress,52.4,Moderate,No Significant Environmental Stress,7.3,Low,Train,Derived prototype label - NOT observed plant-stress ground truth
2025-01-21 13:30:00,13.5,Vegetative,32.31,65.46,40120.0,25.42,No Significant Environmental Stress,7.3,Low,No Significant Environmental Stress,0.0,Low,Train,Derived prototype label - NOT observed plant-stress ground truth
2025-01-21 14:00:00,14.0,Vegetative,28.62,67.38,42745.0,24.84,No Significant Environmental Stress,0.0,Low,No Significant Environmental Stress,0.0,Low,Train,Derived prototype label - NOT observed plant-stress ground truth
2025-01-21 14:30:00,14.5,Vegetative,27.17,70.58,39726.0,24.73,No Significant Environmental Stress,0.0,Low,No Significant Environmental Stress,0.0,Low,Train,Derived prototype label - NOT observed plant-stress ground truth
2025-01-21 15:00:00,15.0,Vegetative,26.45,74.28,32158.0,24.75,No Significant Environmental Stress,0.0,Low,No Significant Environmental Stress,0.0,Low,Train,Derived prototype label - NOT observed plant-stress ground truth
2025-01-21 15:30:00,15.5,Vegetative,25.62,73.18,30772.0,24.77,No Significant Environmental Stress,0.0,Low,No Significant Environmental Stress,1.1,Low,Train,Derived prototype label - NOT observed plant-stress ground truth
2025-01-21 16:00:00,16.0,Vegetative,24.71,74.78,23313.0,24.77,No Significant Environmental Stress,1.1,Low,No Significant Environmental Stress,0.0,Low,Train,Derived prototype label - NOT observed plant-stress ground truth
2025-01-21 16:30:00,16.5,Vegetative,23.73,80.25,18556.0,24.68,No Significant Environmental Stress,0.0,Low,Low Light Stress,36.0,Moderate,Train,Derived prototype label - NOT observed plant-stress ground truth
2025-01-21 17:00:00,17.0,Vegetative,22.7,78.57,12737.0,24.56,Low Light Stress,36.0,Moderate,High Humidity Stress,16.3,Low,Train,Derived prototype label - NOT observed plant-stress ground truth
2025-01-21 17:30:00,17.5,Vegetative,21.62,80.64,6899.0,24.31,High Humidity Stress,16.3,Low,No Significant Environmental Stress,0.0,Low,Train,Derived prototype label - NOT observed plant-stress ground truth
2025-01-21 18:00:00,18.0,Vegetative,20.03,83.57,0.0,23.99,No Significant Environmental Stress,0.0,Low,No Significant Environmental Stress,0.0,Low,Train,Derived prototype label - NOT observed plant-stress ground truth
2025-01-21 18:30:00,18.5,Vegetative,20.05,79.89,0.0,23.75,No Significant Environmental Stress,0.0,Low,No Significant Environmental Stress,0.0,Low,Train,Derived prototype label - NOT observed plant-stress ground truth
2025-01-21 19:00:00,19.0,Vegetative,20.1,78.22,0.0,23.54,No Significant Environmental Stress,0.0,Low,No Significant Environmental Stress,0.0,Low,Train,Derived prototype label - NOT observed plant-stress ground truth
2025-01-21 19:30:00,19.5,Vegetative,20.18,76.39,0.0,23.34,No Significant Environmental Stress,0.0,Low,No Significant Environmental Stress,0.0,Low,Train,Derived prototype label - NOT observed plant-stress ground truth
2025-01-21 20:00:00,20.0,Vegetative,20.28,79.35,0.0,23.1,No Significant Environmental Stress,0.0,Low,No Significant Environmental Stress,0.0,Low,Train,Derived prototype label - NOT observed plant-stress ground truth
2025-01-21 20:30:00,20.5,Vegetative,20.4,77.55,0.0,22.9,No Significant Environmental Stress,0.0,Low,No Significant Environmental Stress,0.0,Low,Train,Derived prototype label - NOT observed plant-stress ground truth
2025-01-21 21:00:00,21.0,Vegetative,20.53,78.7,0.0,22.71,No Significant Environmental Stress,0.0,Low,No Significant Environmental Stress,0.0,Low,Train,Derived prototype label - NOT observed plant-stress ground truth
2025-01-21 21:30:00,21.5,Vegetative,20.66,79.6,0.0,22.58,No Significant Environmental Stress,0.0,Low,No Significant Environmental Stress,10.9,Low,Train,Derived prototype label - NOT observed plant-stress ground truth
2025-01-21 22:00:00,22.0,Vegetative,20.78,79.67,0.0,22.47,No Significant Environmental Stress,10.9,Low,No Significant Environmental Stress,0.0,Low,Train,Derived prototype label - NOT observed plant-stress ground truth
2025-01-21 22:30:00,22.5,Vegetative,20.88,82.39,0.0,22.39,No Significant Environmental Stress,0.0,Low,No Significant Environmental Stress,1.9,Low,Train,Derived prototype label - NOT observed plant-stress ground truth
2025-01-21 23:00:00,23.0,Vegetative,20.96,76.31,0.0,22.37,No Significant Environmental Stress,1.9,Low,No Significant Environmental Stress,0.0,Low,Train,Derived prototype label - NOT observed plant-stress ground truth
2025-01-21 23:30:00,23.5,Vegetative,21.01,80.42,0.0,22.29,No Significant Environmental Stress,0.0,Low,No Significant Environmental Stress,0.0,Low,Train,Derived prototype label - NOT observed plant-stress ground truth
2025-01-22 00:00:00,0.0,Vegetative,19.92,72.51,0.0,22.17,No Significant Environmental Stress,0.0,Low,No Significant Environmental Stress,0.0,Low,Train,Derived prototype label - NOT observed plant-stress ground truth
2025-01-22 00:30:00,0.5,Vegetative,19.9,77.24,0.0,22.02,No Significant Environmental Stress,0.0,Low,No Significant Environmental Stress,0.0,Low,Train,Derived prototype label - NOT observed plant-stress ground truth
2025-01-22 01:00:00,1.0,Vegetative,19.85,73.83,0.0,21.95,No Significant Environmental Stress,0.0,Low,No Significant Environmental Stress,0.4,Low,Train,Derived prototype label - NOT observed plant-stress ground truth
2025-01-22 01:30:00,1.5,Vegetative,19.77,75.03,0.0,21.9,No Significant Environmental Stress,0.4,Low,No Significant Environmental Stress,0.0,Low,Train,Derived prototype label - NOT observed plant-stress ground truth
2025-01-22 02:00:00,2.0,Vegetative,19.67,80.09,0.0,21.92,No Significant Environmental Stress,0.0,Low,No Significant Environmental Stress,0.0,Low,Train,Derived prototype label - NOT observed plant-stress ground truth
2025-01-22 02:30:00,2.5,Vegetative,19.55,78.3,0.0,21.83,No Significant Environmental Stress,0.0,Low,No Significant Environmental Stress,0.0,Low,Train,Derived prototype label - NOT observed plant-stress ground truth
2025-01-22 03:00:00,3.0,Vegetative,19.42,78.01,0.0,21.68,No Significant Environmental Stress,0.0,Low,No Significant Environmental Stress,0.0,Low,Train,Derived prototype label - NOT observed plant-stress ground truth
2025-01-22 03:30:00,3.5,Vegetative,19.29,74.09,0.0,21.59,No Significant Environmental Stress,0.0,Low,No Significant Environmental Stress,0.0,Low,Train,Derived prototype label - NOT observed plant-stress ground truth
2025-01-22 04:00:00,4.0,Vegetative,19.17,78.65,0.0,21.55,No Significant Environmental Stress,0.0,Low,No Significant Environmental Stress,0.0,Low,Train,Derived prototype label - NOT observed plant-stress ground truth
2025-01-22 04:30:00,4.5,Vegetative,19.07,77.46,0.0,21.51,No Significant Environmental Stress,0.0,Low,No Significant Environmental Stress,11.9,Low,Train,Derived prototype label - NOT observed plant-stress ground truth
2025-01-22 05:00:00,5.0,Vegetative,18.8,77.67,0.0,21.41,No Significant Environmental Stress,11.9,Low,Combined Environmental Stress,100.0,High,Train,Derived prototype label - NOT observed plant-stress ground truth
2025-01-22 05:30:00,5.5,Vegetative,15.98,76.28,0.0,21.36,Combined Environmental Stress,100.0,High,Combined Environmental Stress,66.3,Moderate,Train,Derived prototype label - NOT observed plant-stress ground truth
2025-01-22 06:00:00,6.0,Vegetative,14.22,77.77,0.0,21.31,Combined Environmental Stress,66.3,Moderate,No Significant Environmental Stress,11.4,Low,Train,Derived prototype label - NOT observed plant-stress ground truth
2025-01-22 06:30:00,6.5,Vegetative,16.56,76.7,6632.0,21.37,No Significant Environmental Stress,11.4,Low,No Significant Environmental Stress,0.0,Low,Train,Derived prototype label - NOT observed plant-stress ground truth
2025-01-22 07:00:00,7.0,Vegetative,20.03,78.24,12355.0,21.37,No Significant Environmental Stress,0.0,Low,No Significant Environmental Stress,0.0,Low,Train,Derived prototype label - NOT observed plant-stress ground truth
2025-01-22 07:30:00,7.5,Vegetative,22.1,71.93,18940.0,21.44,No Significant Environmental Stress,0.0,Low,No Significant Environmental Stress,0.0,Low,Train,Derived prototype label - NOT observed plant-stress ground truth
2025-01-22 08:00:00,8.0,Vegetative,22.92,76.87,20484.0,21.62,No Significant Environmental Stress,0.0,Low,No Significant Environmental Stress,0.0,Low,Train,Derived prototype label - NOT observed plant-stress ground truth
2025-01-22 08:30:00,8.5,Vegetative,23.68,69.28,29915.0,21.85,No Significant Environmental Stress,0.0,Low,No Significant Environmental Stress,0.0,Low,Train,Derived prototype label - NOT observed plant-stress ground truth
2025-01-22 09:00:00,9.0,Vegetative,24.37,70.06,32638.0,21.96,No Significant Environmental Stress,0.0,Low,No Significant Environmental Stress,0.0,Low,Train,Derived prototype label - NOT observed plant-stress ground truth
2025-01-22 09:30:00,9.5,Vegetative,24.97,68.87,35524.0,22.14,No Significant Environmental Stress,0.0,Low,No Significant Environmental Stress,0.0,Low,Train,Derived prototype label - NOT observed plant-stress ground truth
2025-01-22 10:00:00,10.0,Vegetative,25.48,69.25,40464.0,22.31,No Significant Environmental Stress,0.0,Low,High Light Stress,15.2,Low,Train,Derived prototype label - NOT observed plant-stress ground truth
2025-01-22 10:30:00,10.5,Vegetative,25.88,63.77,43797.0,22.45,High Light Stress,15.2,Low,No Significant Environmental Stress,0.0,Low,Train,Derived prototype label - NOT observed plant-stress ground truth
2025-01-22 11:00:00,11.0,Vegetative,26.18,70.18,49639.0,22.65,No Significant Environmental Stress,0.0,Low,High Light Stress,16.3,Low,Train,Derived prototype label - NOT observed plant-stress ground truth
2025-01-22 11:30:00,11.5,Vegetative,26.36,67.75,43033.0,22.88,High Light Stress,16.3,Low,High Light Stress,37.3,Moderate,Train,Derived prototype label - NOT observed plant-stress ground truth
2025-01-22 12:00:00,12.0,Vegetative,26.42,68.08,49958.0,23.12,High Light Stress,37.3,Moderate,No Significant Environmental Stress,0.0,Low,Train,Derived prototype label - NOT observed plant-stress ground truth
2025-01-22 12:30:00,12.5,Vegetative,26.36,69.64,56358.0,23.32,No Significant Environmental Stress,0.0,Low,No Significant Environmental Stress,0.0,Low,Train,Derived prototype label - NOT observed plant-stress ground truth
2025-01-22 13:00:00,13.0,Vegetative,26.18,67.01,39033.0,23.46,No Significant Environmental Stress,0.0,Low,No Significant Environmental Stress,1.4,Low,Train,Derived prototype label - NOT observed plant-stress ground truth
2025-01-22 13:30:00,13.5,Vegetative,26.37,68.76,39541.0,23.83,No Significant Environmental Stress,1.4,Low,Heat Stress,20.0,Low,Train,Derived prototype label - NOT observed plant-stress ground truth
2025-01-22 14:00:00,14.0,Vegetative,28.12,62.84,42035.0,24.41,Heat Stress,20.0,Low,Heat Stress,20.9,Low,Train,Derived prototype label - NOT observed plant-stress ground truth
2025-01-22 14:30:00,14.5,Vegetative,29.69,66.38,35776.0,25.05,Heat Stress,20.9,Low,No Significant Environmental Stress,0.0,Low,Train,Derived prototype label - NOT observed plant-stress ground truth
2025-01-22 15:00:00,15.0,Vegetative,29.67,64.91,37479.0,25.3,No Significant Environmental Stress,0.0,Low,No Significant Environmental Stress,0.0,Low,Train,Derived prototype label - NOT observed plant-stress ground truth
2025-01-22 15:30:00,15.5,Vegetative,27.34,69.72,28873.0,24.81,No Significant Environmental Stress,0.0,Low,No Significant Environmental Stress,0.0,Low,Train,Derived prototype label - NOT observed plant-stress ground truth
2025-01-22 16:00:00,16.0,Vegetative,24.41,73.2,24278.0,24.27,No Significant Environmental Stress,0.0,Low,No Significant Environmental Stress,0.0,Low,Train,Derived prototype label - NOT observed plant-stress ground truth
2025-01-22 16:30:00,16.5,Vegetative,22.1,76.8,18441.0,23.78,No Significant Environmental Stress,0.0,Low,Low Light Stress,40.5,Moderate,Train,Derived prototype label - NOT observed plant-stress ground truth
2025-01-22 17:00:00,17.0,Vegetative,21.23,74.06,12624.0,23.68,Low Light Stress,40.5,Moderate,No Significant Environmental Stress,0.0,Low,Train,Derived prototype label - NOT observed plant-stress ground truth
2025-01-22 17:30:00,17.5,Vegetative,20.33,76.4,6521.0,23.52,No Significant Environmental Stress,0.0,Low,No Significant Environmental Stress,0.0,Low,Train,Derived prototype label - NOT observed plant-stress ground truth
2025-01-22 18:00:00,18.0,Vegetative,18.92,74.75,0.0,23.31,No Significant Environmental Stress,0.0,Low,No Significant Environmental Stress,0.0,Low,Train,Derived prototype label - NOT observed plant-stress ground truth
2025-01-22 18:30:00,18.5,Vegetative,18.94,76.75,0.0,23.19,No Significant Environmental Stress,0.0,Low,No Significant Environmental Stress,0.0,Low,Train,Derived prototype label - NOT observed plant-stress ground truth
2025-01-22 19:00:00,19.0,Vegetative,18.99,75.41,0.0,23.01,No Significant Environmental Stress,0.0,Low,No Significant Environmental Stress,0.0,Low,Train,Derived prototype label - NOT observed plant-stress ground truth
2025-01-22 19:30:00,19.5,Vegetative,19.07,77.06,0.0,22.88,No Significant Environmental Stress,0.0,Low,No Significant Environmental Stress,0.0,Low,Train,Derived prototype label - NOT observed plant-stress ground truth
2025-01-22 20:00:00,20.0,Vegetative,19.17,78.11,0.0,22.76,No Significant Environmental Stress,0.0,Low,No Significant Environmental Stress,0.0,Low,Train,Derived prototype label - NOT observed plant-stress ground truth
2025-01-22 20:30:00,20.5,Vegetative,19.29,75.97,0.0,22.55,No Significant Environmental Stress,0.0,Low,No Significant Environmental Stress,0.0,Low,Train,Derived prototype label - NOT observed plant-stress ground truth
2025-01-22 21:00:00,21.0,Vegetative,19.42,78.46,0.0,22.31,No Significant Environmental Stress,0.0,Low,No Significant Environmental Stress,0.0,Low,Train,Derived prototype label - NOT observed plant-stress ground truth
2025-01-22 21:30:00,21.5,Vegetative,19.55,78.44,0.0,22.17,No Significant Environmental Stress,0.0,Low,No Significant Environmental Stress,0.0,Low,Train,Derived prototype label - NOT observed plant-stress ground truth
2025-01-22 22:00:00,22.0,Vegetative,19.67,75.53,0.0,22.07,No Significant Environmental Stress,0.0,Low,No Significant Environmental Stress,0.0,Low,Train,Derived prototype label - NOT observed plant-stress ground truth
2025-01-22 22:30:00,22.5,Vegetative,19.77,77.79,0.0,22.01,No Significant Environmental Stress,0.0,Low,No Significant Environmental Stress,0.0,Low,Train,Derived prototype label - NOT observed plant-stress ground truth
2025-01-22 23:00:00,23.0,Vegetative,19.85,75.99,0.0,21.88,No Significant Environmental Stress,0.0,Low,No Significant Environmental Stress,2.0,Low,Train,Derived prototype label - NOT observed plant-stress ground truth
2025-01-22 23:30:00,23.5,Vegetative,19.9,74.56,0.0,21.83,No Significant Environmental Stress,2.0,Low,No Significant Environmental Stress,0.0,Low,Train,Derived prototype label - NOT observed plant-stress ground truth
2025-01-23 00:00:00,0.0,Vegetative,20.9,80.44,0.0,21.78,No Significant Environmental Stress,0.0,Low,High Humidity Stress,13.4,Low,Train,Derived prototype label - NOT observed plant-stress ground truth
2025-01-23 00:30:00,0.5,Vegetative,20.89,79.49,0.0,21.76,High Humidity Stress,13.4,Low,No Significant Environmental Stress,0.0,Low,Train,Derived prototype label - NOT observed plant-stress ground truth
2025-01-23 01:00:00,1.0,Vegetative,20.84,82.95,0.0,21.71,No Significant Environmental Stress,0.0,Low,No Significant Environmental Stress,4.4,Low,Train,Derived prototype label - NOT observed plant-stress ground truth
2025-01-23 01:30:00,1.5,Vegetative,20.76,77.67,0.0,21.78,No Significant Environmental Stress,4.4,Low,No Significant Environmental Stress,8.4,Low,Train,Derived prototype label - NOT observed plant-stress ground truth
2025-01-23 02:00:00,2.0,Vegetative,20.65,80.97,0.0,21.79,No Significant Environmental Stress,8.4,Low,No Significant Environmental Stress,0.0,Low,Train,Derived prototype label - NOT observed plant-stress ground truth
2025-01-23 02:30:00,2.5,Vegetative,20.53,81.84,0.0,21.82,No Significant Environmental Stress,0.0,Low,No Significant Environmental Stress,0.0,Low,Train,Derived prototype label - NOT observed plant-stress ground truth
2025-01-23 03:00:00,3.0,Vegetative,20.4,76.99,0.0,21.78,No Significant Environmental Stress,0.0,Low,No Significant Environmental Stress,0.0,Low,Train,Derived prototype label - NOT observed plant-stress ground truth
2025-01-23 03:30:00,3.5,Vegetative,20.27,76.22,0.0,21.75,No Significant Environmental Stress,0.0,Low,No Significant Environmental Stress,0.7,Low,Train,Derived prototype label - NOT observed plant-stress ground truth
2025-01-23 04:00:00,4.0,Vegetative,20.15,78.65,0.0,21.64,No Significant Environmental Stress,0.7,Low,No Significant Environmental Stress,2.3,Low,Train,Derived prototype label - NOT observed plant-stress ground truth
2025-01-23 04:30:00,4.5,Vegetative,20.05,80.16,0.0,21.65,No Significant Environmental Stress,2.3,Low,No Significant Environmental Stress,7.0,Low,Train,Derived prototype label - NOT observed plant-stress ground truth
2025-01-23 05:00:00,5.0,Vegetative,19.97,80.51,0.0,21.63,No Significant Environmental Stress,7.0,Low,Low Light Stress,87.0,High,Train,Derived prototype label - NOT observed plant-stress ground truth
2025-01-23 05:30:00,5.5,Vegetative,19.92,81.53,0.0,21.61,Low Light Stress,87.0,High,Low Light Stress,49.5,Moderate,Train,Derived prototype label - NOT observed plant-stress ground truth
2025-01-23 06:00:00,6.0,Vegetative,19.9,78.64,0.0,21.66,Low Light Stress,49.5,Moderate,No Significant Environmental Stress,12.0,Low,Train,Derived prototype label - NOT observed plant-stress ground truth
2025-01-23 06:30:00,6.5,Vegetative,21.29,79.06,4755.0,21.8,No Significant Environmental Stress,12.0,Low,No Significant Environmental Stress,0.0,Low,Train,Derived prototype label - NOT observed plant-stress ground truth
2025-01-23 07:00:00,7.0,Vegetative,22.17,76.22,10241.0,21.77,No Significant Environmental Stress,0.0,Low,No Significant Environmental Stress,0.0,Low,Train,Derived prototype label - NOT observed plant-stress ground truth
2025-01-23 07:30:00,7.5,Vegetative,23.01,77.74,14579.0,21.82,No Significant Environmental Stress,0.0,Low,No Significant Environmental Stress,0.0,Low,Train,Derived prototype label - NOT observed plant-stress ground truth
2025-01-23 08:00:00,8.0,Vegetative,23.81,76.7,16563.0,21.93,No Significant Environmental Stress,0.0,Low,No Significant Environmental Stress,0.0,Low,Train,Derived prototype label - NOT observed plant-stress ground truth
2025-01-23 08:30:00,8.5,Vegetative,24.55,72.06,25191.0,22.04,No Significant Environmental Stress,0.0,Low,No Significant Environmental Stress,0.0,Low,Train,Derived prototype label - NOT observed plant-stress ground truth
2025-01-23 09:00:00,9.0,Vegetative,25.23,71.97,28182.0,22.19,No Significant Environmental Stress,0.0,Low,No Significant Environmental Stress,0.0,Low,Train,Derived prototype label - NOT observed plant-stress ground truth
2025-01-23 09:30:00,9.5,Vegetative,25.81,75.58,26664.0,22.39,No Significant Environmental Stress,0.0,Low,No Significant Environmental Stress,0.0,Low,Train,Derived prototype label - NOT observed plant-stress ground truth
2025-01-23 10:00:00,10.0,Vegetative,26.31,71.86,31325.0,22.59,No Significant Environmental Stress,0.0,Low,No Significant Environmental Stress,0.0,Low,Train,Derived prototype label - NOT observed plant-stress ground truth
2025-01-23 10:30:00,10.5,Vegetative,26.7,71.92,37511.0,22.84,No Significant Environmental Stress,0.0,Low,No Significant Environmental Stress,0.0,Low,Train,Derived prototype label - NOT observed plant-stress ground truth
2025-01-23 11:00:00,11.0,Vegetative,26.99,71.94,34688.0,22.95,No Significant Environmental Stress,0.0,Low,No Significant Environmental Stress,0.0,Low,Train,Derived prototype label - NOT observed plant-stress ground truth
2025-01-23 11:30:00,11.5,Vegetative,27.16,67.61,39539.0,23.21,No Significant Environmental Stress,0.0,Low,No Significant Environmental Stress,0.0,Low,Train,Derived prototype label - NOT observed plant-stress ground truth
2025-01-23 12:00:00,12.0,Vegetative,27.22,67.97,42112.0,23.49,No Significant Environmental Stress,0.0,Low,No Significant Environmental Stress,0.0,Low,Train,Derived prototype label - NOT observed plant-stress ground truth
2025-01-23 12:30:00,12.5,Vegetative,27.16,71.06,43252.0,23.7,No Significant Environmental Stress,0.0,Low,No Significant Environmental Stress,0.0,Low,Train,Derived prototype label - NOT observed plant-stress ground truth
2025-01-23 13:00:00,13.0,Vegetative,26.99,66.3,39771.0,23.82,No Significant Environmental Stress,0.0,Low,No Significant Environmental Stress,0.0,Low,Train,Derived prototype label - NOT observed plant-stress ground truth
2025-01-23 13:30:00,13.5,Vegetative,26.7,71.27,35334.0,23.94,No Significant Environmental Stress,0.0,Low,No Significant Environmental Stress,0.0,Low,Train,Derived prototype label - NOT observed plant-stress ground truth
2025-01-23 14:00:00,14.0,Vegetative,26.31,70.28,33268.0,24.13,No Significant Environmental Stress,0.0,Low,No Significant Environmental Stress,0.0,Low,Train,Derived prototype label - NOT observed plant-stress ground truth
2025-01-23 14:30:00,14.5,Vegetative,25.81,68.8,32532.0,24.27,No Significant Environmental Stress,0.0,Low,No Significant Environmental Stress,0.0,Low,Train,Derived prototype label - NOT observed plant-stress ground truth
2025-01-23 15:00:00,15.0,Vegetative,25.23,73.71,25339.0,24.29,No Significant Environmental Stress,0.0,Low,No Significant Environmental Stress,0.0,Low,Train,Derived prototype label - NOT observed plant-stress ground truth
2025-01-23 15:30:00,15.5,Vegetative,24.55,78.44,24019.0,24.24,No Significant Environmental Stress,0.0,Low,No Significant Environmental Stress,0.0,Low,Train,Derived prototype label - NOT observed plant-stress ground truth
2025-01-23 16:00:00,16.0,Vegetative,23.81,72.05,17266.0,24.26,No Significant Environmental Stress,0.0,Low,Low Light Stress,30.9,Low,Train,Derived prototype label - NOT observed plant-stress ground truth
2025-01-23 16:30:00,16.5,Vegetative,23.01,75.95,14332.0,24.17,Low Light Stress,30.9,Low,Low Light Stress,44.9,Moderate,Train,Derived prototype label - NOT observed plant-stress ground truth
2025-01-23 17:00:00,17.0,Vegetative,22.17,80.99,7729.0,24.03,Low Light Stress,44.9,Moderate,No Significant Environmental Stress,0.0,Low,Train,Derived prototype label - NOT observed plant-stress ground truth
2025-01-23 17:30:00,17.5,Vegetative,21.29,78.26,5431.0,23.89,No Significant Environmental Stress,0.0,Low,No Significant Environmental Stress,3.7,Low,Train,Derived prototype label - NOT observed plant-stress ground truth
2025-01-23 18:00:00,18.0,Vegetative,19.9,78.98,0.0,23.71,No Significant Environmental Stress,3.7,Low,No Significant Environmental Stress,0.8,Low,Train,Derived prototype label - NOT observed plant-stress ground truth
2025-01-23 18:30:00,18.5,Vegetative,19.92,80.81,0.0,23.51,No Significant Environmental Stress,0.8,Low,No Significant Environmental Stress,0.9,Low,Train,Derived prototype label - NOT observed plant-stress ground truth
2025-01-23 19:00:00,19.0,Vegetative,19.97,80.17,0.0,23.34,No Significant Environmental Stress,0.9,Low,No Significant Environmental Stress,0.0,Low,Train,Derived prototype label - NOT observed plant-stress ground truth
2025-01-23 19:30:00,19.5,Vegetative,20.05,80.19,0.0,23.16,No Significant Environmental Stress,0.0,Low,No Significant Environmental Stress,0.0,Low,Train,Derived prototype label - NOT observed plant-stress ground truth
2025-01-23 20:00:00,20.0,Vegetative,20.15,76.2,0.0,22.99,No Significant Environmental Stress,0.0,Low,No Significant Environmental Stress,11.8,Low,Train,Derived prototype label - NOT observed plant-stress ground truth
2025-01-23 20:30:00,20.5,Vegetative,20.27,78.96,0.0,22.79,No Significant Environmental Stress,11.8,Low,No Significant Environmental Stress,0.0,Low,Train,Derived prototype label - NOT observed plant-stress ground truth
2025-01-23 21:00:00,21.0,Vegetative,20.4,82.6,0.0,22.66,No Significant Environmental Stress,0.0,Low,No Significant Environmental Stress,0.0,Low,Train,Derived prototype label - NOT observed plant-stress ground truth
2025-01-23 21:30:00,21.5,Vegetative,20.53,79.62,0.0,22.47,No Significant Environmental Stress,0.0,Low,No Significant Environmental Stress,0.0,Low,Train,Derived prototype label - NOT observed plant-stress ground truth
2025-01-23 22:00:00,22.0,Vegetative,20.65,77.77,0.0,22.39,No Significant Environmental Stress,0.0,Low,No Significant Environmental Stress,0.0,Low,Train,Derived prototype label - NOT observed plant-stress ground truth
2025-01-23 22:30:00,22.5,Vegetative,20.76,79.08,0.0,22.26,No Significant Environmental Stress,0.0,Low,No Significant Environmental Stress,12.9,Low,Train,Derived prototype label - NOT observed plant-stress ground truth
2025-01-23 23:00:00,23.0,Vegetative,20.84,79.27,0.0,22.16,No Significant Environmental Stress,12.9,Low,No Significant Environmental Stress,0.0,Low,Train,Derived prototype label - NOT observed plant-stress ground truth
2025-01-23 23:30:00,23.5,Vegetative,20.89,82.84,0.0,22.08,No Significant Environmental Stress,0.0,Low,No Significant Environmental Stress,0.0,Low,Train,Derived prototype label - NOT observed plant-stress ground truth
2025-01-24 00:00:00,0.0,Vegetative,20.26,77.18,0.0,22.07,No Significant Environmental Stress,0.0,Low,No Significant Environmental Stress,0.0,Low,Train,Derived prototype label - NOT observed plant-stress ground truth
2025-01-24 00:30:00,0.5,Vegetative,20.24,76.69,0.0,22.03,No Significant Environmental Stress,0.0,Low,No Significant Environmental Stress,0.0,Low,Train,Derived prototype label - NOT observed plant-stress ground truth
2025-01-24 01:00:00,1.0,Vegetative,20.19,79.05,0.0,22.0,No Significant Environmental Stress,0.0,Low,No Significant Environmental Stress,0.0,Low,Train,Derived prototype label - NOT observed plant-stress ground truth
2025-01-24 01:30:00,1.5,Vegetative,20.12,76.41,0.0,21.95,No Significant Environmental Stress,0.0,Low,No Significant Environmental Stress,0.0,Low,Train,Derived prototype label - NOT observed plant-stress ground truth
2025-01-24 02:00:00,2.0,Vegetative,20.01,75.76,0.0,21.89,No Significant Environmental Stress,0.0,Low,No Significant Environmental Stress,0.0,Low,Train,Derived prototype label - NOT observed plant-stress ground truth
2025-01-24 02:30:00,2.5,Vegetative,19.89,76.27,0.0,21.83,No Significant Environmental Stress,0.0,Low,No Significant Environmental Stress,0.0,Low,Train,Derived prototype label - NOT observed plant-stress ground truth
2025-01-24 03:00:00,3.0,Vegetative,19.76,77.36,0.0,21.81,No Significant Environmental Stress,0.0,Low,No Significant Environmental Stress,0.0,Low,Train,Derived prototype label - NOT observed plant-stress ground truth
2025-01-24 03:30:00,3.5,Vegetative,19.63,76.59,0.0,21.66,No Significant Environmental Stress,0.0,Low,No Significant Environmental Stress,0.0,Low,Train,Derived prototype label - NOT observed plant-stress ground truth
2025-01-24 04:00:00,4.0,Vegetative,19.51,77.63,0.0,21.67,No Significant Environmental Stress,0.0,Low,No Significant Environmental Stress,0.0,Low,Train,Derived prototype label - NOT observed plant-stress ground truth
2025-01-24 04:30:00,4.5,Vegetative,19.41,74.29,0.0,21.62,No Significant Environmental Stress,0.0,Low,No Significant Environmental Stress,0.0,Low,Train,Derived prototype label - NOT observed plant-stress ground truth
2025-01-24 05:00:00,5.0,Vegetative,19.33,76.82,0.0,21.53,No Significant Environmental Stress,0.0,Low,Low Light Stress,90.0,High,Train,Derived prototype label - NOT observed plant-stress ground truth
2025-01-24 05:30:00,5.5,Vegetative,19.28,78.56,0.0,21.56,Low Light Stress,90.0,High,Low Light Stress,47.3,Moderate,Train,Derived prototype label - NOT observed plant-stress ground truth
2025-01-24 06:00:00,6.0,Vegetative,19.26,77.56,0.0,21.51,Low Light Stress,47.3,Moderate,Low Light Stress,18.0,Low,Train,Derived prototype label - NOT observed plant-stress ground truth
2025-01-24 06:30:00,6.5,Vegetative,20.76,79.17,5234.0,21.58,Low Light Stress,18.0,Low,No Significant Environmental Stress,0.0,Low,Train,Derived prototype label - NOT observed plant-stress ground truth
2025-01-24 07:00:00,7.0,Vegetative,21.75,77.6,9363.0,21.62,No Significant Environmental Stress,0.0,Low,No Significant Environmental Stress,0.0,Low,Train,Derived prototype label - NOT observed plant-stress ground truth
2025-01-24 07:30:00,7.5,Vegetative,22.7,73.94,14730.0,21.64,No Significant Environmental Stress,0.0,Low,No Significant Environmental Stress,0.0,Low,Train,Derived prototype label - NOT observed plant-stress ground truth
2025-01-24 08:00:00,8.0,Vegetative,23.6,71.51,21269.0,21.84,No Significant Environmental Stress,0.0,Low,No Significant Environmental Stress,0.0,Low,Train,Derived prototype label - NOT observed plant-stress ground truth
2025-01-24 08:30:00,8.5,Vegetative,24.44,69.85,23422.0,21.96,No Significant Environmental Stress,0.0,Low,No Significant Environmental Stress,0.0,Low,Train,Derived prototype label - NOT observed plant-stress ground truth
2025-01-24 09:00:00,9.0,Vegetative,25.19,70.64,25362.0,22.1,No Significant Environmental Stress,0.0,Low,No Significant Environmental Stress,0.0,Low,Train,Derived prototype label - NOT observed plant-stress ground truth
2025-01-24 09:30:00,9.5,Vegetative,25.86,69.31,32642.0,22.26,No Significant Environmental Stress,0.0,Low,No Significant Environmental Stress,0.0,Low,Train,Derived prototype label - NOT observed plant-stress ground truth
2025-01-24 10:00:00,10.0,Vegetative,26.41,68.27,34092.0,22.48,No Significant Environmental Stress,0.0,Low,No Significant Environmental Stress,10.9,Low,Train,Derived prototype label - NOT observed plant-stress ground truth
2025-01-24 10:30:00,10.5,Vegetative,26.95,68.73,36942.0,22.79,No Significant Environmental Stress,10.9,Low,Heat Stress,40.3,Moderate,Train,Derived prototype label - NOT observed plant-stress ground truth
2025-01-24 11:00:00,11.0,Vegetative,28.93,63.65,43913.0,24.16,Heat Stress,40.3,Moderate,Heat Stress,59.7,Moderate,Train,Derived prototype label - NOT observed plant-stress ground truth
2025-01-24 11:30:00,11.5,Vegetative,30.93,55.35,41215.0,25.61,Heat Stress,59.7,Moderate,Combined Environmental Stress,84.3,High,Train,Derived prototype label - NOT observed plant-stress ground truth
2025-01-24 12:00:00,12.0,Vegetative,32.36,54.25,49403.0,26.88,Combined Environmental Stress,84.3,High,Heat Stress,50.5,Moderate,Train,Derived prototype label - NOT observed plant-stress ground truth
2025-01-24 12:30:00,12.5,Vegetative,33.88,48.74,50054.0,28.37,Heat Stress,50.5,Moderate,Heat Stress,16.3,Low,Train,Derived prototype label - NOT observed plant-stress ground truth
2025-01-24 13:00:00,13.0,Vegetative,31.73,56.32,49548.0,26.48,Heat Stress,16.3,Low,No Significant Environmental Stress,0.0,Low,Train,Derived prototype label - NOT observed plant-stress ground truth
2025-01-24 13:30:00,13.5,Vegetative,29.22,59.72,39617.0,25.43,No Significant Environmental Stress,0.0,Low,No Significant Environmental Stress,0.0,Low,Train,Derived prototype label - NOT observed plant-stress ground truth
2025-01-24 14:00:00,14.0,Vegetative,26.92,65.15,30347.0,24.53,No Significant Environmental Stress,0.0,Low,No Significant Environmental Stress,0.0,Low,Train,Derived prototype label - NOT observed plant-stress ground truth
2025-01-24 14:30:00,14.5,Vegetative,25.86,69.2,32376.0,24.21,No Significant Environmental Stress,0.0,Low,No Significant Environmental Stress,0.0,Low,Train,Derived prototype label - NOT observed plant-stress ground truth
2025-01-24 15:00:00,15.0,Vegetative,25.19,72.96,23326.0,24.28,No Significant Environmental Stress,0.0,Low,No Significant Environmental Stress,0.0,Low,Train,Derived prototype label - NOT observed plant-stress ground truth
2025-01-24 15:30:00,15.5,Vegetative,24.44,74.27,23246.0,24.3,No Significant Environmental Stress,0.0,Low,No Significant Environmental Stress,0.0,Low,Train,Derived prototype label - NOT observed plant-stress ground truth
2025-01-24 16:00:00,16.0,Vegetative,23.6,73.04,19875.0,24.32,No Significant Environmental Stress,0.0,Low,Low Light Stress,24.7,Low,Train,Derived prototype label - NOT observed plant-stress ground truth
2025-01-24 16:30:00,16.5,Vegetative,22.7,74.01,14345.0,24.15,Low Light Stress,24.7,Low,Low Light Stress,51.0,Moderate,Train,Derived prototype label - NOT observed plant-stress ground truth
2025-01-24 17:00:00,17.0,Vegetative,21.75,77.25,8384.0,24.06,Low Light Stress,51.0,Moderate,No Significant Environmental Stress,0.0,Low,Train,Derived prototype label - NOT observed plant-stress ground truth
2025-01-24 17:30:00,17.5,Vegetative,20.76,74.39,4697.0,23.89,No Significant Environmental Stress,0.0,Low,No Significant Environmental Stress,0.0,Low,Train,Derived prototype label - NOT observed plant-stress ground truth
2025-01-24 18:00:00,18.0,Vegetative,19.26,74.72,0.0,23.67,No Significant Environmental Stress,0.0,Low,No Significant Environmental Stress,2.6,Low,Train,Derived prototype label - NOT observed plant-stress ground truth
2025-01-24 18:30:00,18.5,Vegetative,19.28,75.11,0.0,23.45,No Significant Environmental Stress,2.6,Low,No Significant Environmental Stress,0.0,Low,Train,Derived prototype label - NOT observed plant-stress ground truth
2025-01-24 19:00:00,19.0,Vegetative,19.33,80.56,0.0,23.21,No Significant Environmental Stress,0.0,Low,No Significant Environmental Stress,0.0,Low,Train,Derived prototype label - NOT observed plant-stress ground truth
2025-01-24 19:30:00,19.5,Vegetative,19.41,77.77,0.0,23.05,No Significant Environmental Stress,0.0,Low,No Significant Environmental Stress,0.0,Low,Train,Derived prototype label - NOT observed plant-stress ground truth
2025-01-24 20:00:00,20.0,Vegetative,19.51,75.86,0.0,22.88,No Significant Environmental Stress,0.0,Low,No Significant Environmental Stress,0.0,Low,Train,Derived prototype label - NOT observed plant-stress ground truth
2025-01-24 20:30:00,20.5,Vegetative,19.63,77.54,0.0,22.71,No Significant Environmental Stress,0.0,Low,No Significant Environmental Stress,0.0,Low,Train,Derived prototype label - NOT observed plant-stress ground truth
2025-01-24 21:00:00,21.0,Vegetative,19.76,78.23,0.0,22.62,No Significant Environmental Stress,0.0,Low,No Significant Environmental Stress,0.0,Low,Train,Derived prototype label - NOT observed plant-stress ground truth
2025-01-24 21:30:00,21.5,Vegetative,19.89,79.64,0.0,22.45,No Significant Environmental Stress,0.0,Low,No Significant Environmental Stress,0.0,Low,Train,Derived prototype label - NOT observed plant-stress ground truth
2025-01-24 22:00:00,22.0,Vegetative,20.01,79.18,0.0,22.27,No Significant Environmental Stress,0.0,Low,No Significant Environmental Stress,0.0,Low,Train,Derived prototype label - NOT observed plant-stress ground truth
2025-01-24 22:30:00,22.5,Vegetative,20.12,77.22,0.0,22.13,No Significant Environmental Stress,0.0,Low,No Significant Environmental Stress,0.0,Low,Train,Derived prototype label - NOT observed plant-stress ground truth
2025-01-24 23:00:00,23.0,Vegetative,20.19,76.72,0.0,22.11,No Significant Environmental Stress,0.0,Low,No Significant Environmental Stress,1.3,Low,Train,Derived prototype label - NOT observed plant-stress ground truth
2025-01-24 23:30:00,23.5,Vegetative,20.24,78.52,0.0,22.05,No Significant Environmental Stress,1.3,Low,No Significant Environmental Stress,0.0,Low,Train,Derived prototype label - NOT observed plant-stress ground truth
2025-01-25 00:00:00,0.0,Vegetative,19.77,80.28,0.0,21.95,No Significant Environmental Stress,0.0,Low,No Significant Environmental Stress,0.0,Low,Train,Derived prototype label - NOT observed plant-stress ground truth
2025-01-25 00:30:00,0.5,Vegetative,19.75,78.74,0.0,21.83,No Significant Environmental Stress,0.0,Low,No Significant Environmental Stress,0.0,Low,Train,Derived prototype label - NOT observed plant-stress ground truth
2025-01-25 01:00:00,1.0,Vegetative,19.7,73.43,0.0,21.73,No Significant Environmental Stress,0.0,Low,No Significant Environmental Stress,0.0,Low,Train,Derived prototype label - NOT observed plant-stress ground truth
2025-01-25 01:30:00,1.5,Vegetative,19.62,76.03,0.0,21.66,No Significant Environmental Stress,0.0,Low,No Significant Environmental Stress,0.0,Low,Train,Derived prototype label - NOT observed plant-stress ground truth
2025-01-25 02:00:00,2.0,Vegetative,19.52,78.49,0.0,21.59,No Significant Environmental Stress,0.0,Low,No Significant Environmental Stress,0.0,Low,Train,Derived prototype label - NOT observed plant-stress ground truth
2025-01-25 02:30:00,2.5,Vegetative,19.4,72.64,0.0,21.53,No Significant Environmental Stress,0.0,Low,No Significant Environmental Stress,0.0,Low,Train,Derived prototype label - NOT observed plant-stress ground truth
2025-01-25 03:00:00,3.0,Vegetative,19.27,73.13,0.0,21.49,No Significant Environmental Stress,0.0,Low,No Significant Environmental Stress,0.0,Low,Train,Derived prototype label - NOT observed plant-stress ground truth
2025-01-25 03:30:00,3.5,Vegetative,19.14,78.85,0.0,21.43,No Significant Environmental Stress,0.0,Low,No Significant Environmental Stress,0.0,Low,Train,Derived prototype label - NOT observed plant-stress ground truth
2025-01-25 04:00:00,4.0,Vegetative,19.02,76.08,0.0,21.39,No Significant Environmental Stress,0.0,Low,No Significant Environmental Stress,0.0,Low,Train,Derived prototype label - NOT observed plant-stress ground truth
2025-01-25 04:30:00,4.5,Vegetative,18.92,76.63,0.0,21.43,No Significant Environmental Stress,0.0,Low,No Significant Environmental Stress,0.0,Low,Train,Derived prototype label - NOT observed plant-stress ground truth
2025-01-25 05:00:00,5.0,Vegetative,18.84,76.64,0.0,21.38,No Significant Environmental Stress,0.0,Low,Low Light Stress,92.2,High,Train,Derived prototype label - NOT observed plant-stress ground truth
2025-01-25 05:30:00,5.5,Vegetative,18.79,74.17,0.0,21.27,Low Light Stress,92.2,High,Low Light Stress,50.1,Moderate,Train,Derived prototype label - NOT observed plant-stress ground truth
2025-01-25 06:00:00,6.0,Vegetative,18.77,74.57,0.0,21.23,Low Light Stress,50.1,Moderate,Low Light Stress,22.6,Low,Train,Derived prototype label - NOT observed plant-stress ground truth
2025-01-25 06:30:00,6.5,Vegetative,20.42,81.35,5061.0,21.29,Low Light Stress,22.6,Low,No Significant Environmental Stress,4.8,Low,Train,Derived prototype label - NOT observed plant-stress ground truth
2025-01-25 07:00:00,7.0,Vegetative,21.55,76.82,8688.0,21.4,No Significant Environmental Stress,4.8,Low,No Significant Environmental Stress,0.0,Low,Train,Derived prototype label - NOT observed plant-stress ground truth
2025-01-25 07:30:00,7.5,Vegetative,22.64,76.99,11296.0,21.56,No Significant Environmental Stress,0.0,Low,No Significant Environmental Stress,0.0,Low,Train,Derived prototype label - NOT observed plant-stress ground truth
2025-01-25 08:00:00,8.0,Vegetative,23.67,73.84,15182.0,21.72,No Significant Environmental Stress,0.0,Low,No Significant Environmental Stress,0.0,Low,Train,Derived prototype label - NOT observed plant-stress ground truth
2025-01-25 08:30:00,8.5,Vegetative,24.63,69.89,20154.0,21.82,No Significant Environmental Stress,0.0,Low,No Significant Environmental Stress,0.0,Low,Train,Derived prototype label - NOT observed plant-stress ground truth
2025-01-25 09:00:00,9.0,Vegetative,25.49,68.61,25649.0,22.01,No Significant Environmental Stress,0.0,Low,No Significant Environmental Stress,0.0,Low,Train,Derived prototype label - NOT observed plant-stress ground truth
2025-01-25 09:30:00,9.5,Vegetative,26.25,67.31,27971.0,22.27,No Significant Environmental Stress,0.0,Low,No Significant Environmental Stress,0.0,Low,Train,Derived prototype label - NOT observed plant-stress ground truth
2025-01-25 10:00:00,10.0,Vegetative,26.89,66.5,30903.0,22.48,No Significant Environmental Stress,0.0,Low,No Significant Environmental Stress,0.0,Low,Train,Derived prototype label - NOT observed plant-stress ground truth
2025-01-25 10:30:00,10.5,Vegetative,27.4,64.89,31242.0,22.72,No Significant Environmental Stress,0.0,Low,No Significant Environmental Stress,0.0,Low,Train,Derived prototype label - NOT observed plant-stress ground truth
2025-01-25 11:00:00,11.0,Vegetative,27.77,64.84,33498.0,22.98,No Significant Environmental Stress,0.0,Low,No Significant Environmental Stress,11.0,Low,Train,Derived prototype label - NOT observed plant-stress ground truth
2025-01-25 11:30:00,11.5,Vegetative,27.99,63.0,33281.0,23.72,No Significant Environmental Stress,11.0,Low,Root-Zone Heat Stress,28.3,Low,Train,Derived prototype label - NOT observed plant-stress ground truth
2025-01-25 12:00:00,12.0,Vegetative,28.07,63.54,40952.0,25.91,Root-Zone Heat Stress,28.3,Low,Root-Zone Heat Stress,38.3,Moderate,Train,Derived prototype label - NOT observed plant-stress ground truth
2025-01-25 12:30:00,12.5,Vegetative,27.99,63.94,35848.0,27.42,Root-Zone Heat Stress,38.3,Moderate,Root-Zone Heat Stress,77.7,High,Train,Derived prototype label - NOT observed plant-stress ground truth
2025-01-25 13:00:00,13.0,Vegetative,27.77,66.01,31405.0,28.27,Root-Zone Heat Stress,77.7,High,Root-Zone Heat Stress,51.0,Moderate,Train,Derived prototype label - NOT observed plant-stress ground truth
2025-01-25 13:30:00,13.5,Vegetative,27.4,65.3,28004.0,31.63,Root-Zone Heat Stress,51.0,Moderate,Root-Zone Heat Stress,35.5,Moderate,Train,Derived prototype label - NOT observed plant-stress ground truth
2025-01-25 14:00:00,14.0,Vegetative,26.89,69.04,30616.0,29.35,Root-Zone Heat Stress,35.5,Moderate,No Significant Environmental Stress,8.8,Low,Train,Derived prototype label - NOT observed plant-stress ground truth
2025-01-25 14:30:00,14.5,Vegetative,26.25,68.16,27571.0,28.03,No Significant Environmental Stress,8.8,Low,No Significant Environmental Stress,0.0,Low,Train,Derived prototype label - NOT observed plant-stress ground truth
2025-01-25 15:00:00,15.0,Vegetative,25.49,67.86,24329.0,25.75,No Significant Environmental Stress,0.0,Low,No Significant Environmental Stress,0.0,Low,Train,Derived prototype label - NOT observed plant-stress ground truth
2025-01-25 15:30:00,15.5,Vegetative,24.63,70.47,20304.0,24.54,No Significant Environmental Stress,0.0,Low,No Significant Environmental Stress,2.9,Low,Train,Derived prototype label - NOT observed plant-stress ground truth
2025-01-25 16:00:00,16.0,Vegetative,23.67,70.88,15939.0,24.37,No Significant Environmental Stress,2.9,Low,Low Light Stress,29.1,Low,Train,Derived prototype label - NOT observed plant-stress ground truth
2025-01-25 16:30:00,16.5,Vegetative,22.64,72.9,11579.0,24.21,Low Light Stress,29.1,Low,Low Light Stress,56.7,Moderate,Train,Derived prototype label - NOT observed plant-stress ground truth
2025-01-25 17:00:00,17.0,Vegetative,21.55,75.54,7741.0,24.09,Low Light Stress,56.7,Moderate,No Significant Environmental Stress,0.0,Low,Train,Derived prototype label - NOT observed plant-stress ground truth
2025-01-25 17:30:00,17.5,Vegetative,20.42,75.57,4090.0,23.94,No Significant Environmental Stress,0.0,Low,No Significant Environmental Stress,0.0,Low,Train,Derived prototype label - NOT observed plant-stress ground truth
2025-01-25 18:00:00,18.0,Vegetative,18.77,76.12,0.0,23.67,No Significant Environmental Stress,0.0,Low,No Significant Environmental Stress,0.0,Low,Train,Derived prototype label - NOT observed plant-stress ground truth
2025-01-25 18:30:00,18.5,Vegetative,18.79,76.04,0.0,23.4,No Significant Environmental Stress,0.0,Low,No Significant Environmental Stress,0.0,Low,Train,Derived prototype label - NOT observed plant-stress ground truth
2025-01-25 19:00:00,19.0,Vegetative,18.84,73.59,0.0,23.24,No Significant Environmental Stress,0.0,Low,No Significant Environmental Stress,0.0,Low,Train,Derived prototype label - NOT observed plant-stress ground truth
2025-01-25 19:30:00,19.5,Vegetative,18.92,77.85,0.0,23.03,No Significant Environmental Stress,0.0,Low,No Significant Environmental Stress,0.0,Low,Train,Derived prototype label - NOT observed plant-stress ground truth
2025-01-25 20:00:00,20.0,Vegetative,19.02,78.88,0.0,22.83,No Significant Environmental Stress,0.0,Low,No Significant Environmental Stress,0.0,Low,Train,Derived prototype label - NOT observed plant-stress ground truth
2025-01-25 20:30:00,20.5,Vegetative,19.14,79.3,0.0,22.62,No Significant Environmental Stress,0.0,Low,No Significant Environmental Stress,0.0,Low,Train,Derived prototype label - NOT observed plant-stress ground truth
2025-01-25 21:00:00,21.0,Vegetative,19.27,78.16,0.0,22.37,No Significant Environmental Stress,0.0,Low,No Significant Environmental Stress,0.0,Low,Train,Derived prototype label - NOT observed plant-stress ground truth
2025-01-25 21:30:00,21.5,Vegetative,19.4,75.08,0.0,22.25,No Significant Environmental Stress,0.0,Low,No Significant Environmental Stress,0.0,Low,Train,Derived prototype label - NOT observed plant-stress ground truth
2025-01-25 22:00:00,22.0,Vegetative,19.52,75.2,0.0,22.08,No Significant Environmental Stress,0.0,Low,No Significant Environmental Stress,0.0,Low,Train,Derived prototype label - NOT observed plant-stress ground truth
2025-01-25 22:30:00,22.5,Vegetative,19.62,74.73,0.0,21.96,No Significant Environmental Stress,0.0,Low,No Significant Environmental Stress,0.0,Low,Train,Derived prototype label - NOT observed plant-stress ground truth
2025-01-25 23:00:00,23.0,Vegetative,19.7,75.62,0.0,21.94,No Significant Environmental Stress,0.0,Low,No Significant Environmental Stress,0.0,Low,Train,Derived prototype label - NOT observed plant-stress ground truth
2025-01-25 23:30:00,23.5,Vegetative,19.75,76.1,0.0,21.82,No Significant Environmental Stress,0.0,Low,No Significant Environmental Stress,0.0,Low,Train,Derived prototype label - NOT observed plant-stress ground truth
2025-01-26 00:00:00,0.0,Vegetative,20.8,76.77,0.0,21.86,No Significant Environmental Stress,0.0,Low,No Significant Environmental Stress,0.0,Low,Train,Derived prototype label - NOT observed plant-stress ground truth
2025-01-26 00:30:00,0.5,Vegetative,20.79,78.52,0.0,21.86,No Significant Environmental Stress,0.0,Low,No Significant Environmental Stress,3.8,Low,Train,Derived prototype label - NOT observed plant-stress ground truth
2025-01-26 01:00:00,1.0,Vegetative,20.74,77.07,0.0,21.86,No Significant Environmental Stress,3.8,Low,No Significant Environmental Stress,0.0,Low,Train,Derived prototype label - NOT observed plant-stress ground truth
2025-01-26 01:30:00,1.5,Vegetative,20.66,80.84,0.0,21.81,No Significant Environmental Stress,0.0,Low,No Significant Environmental Stress,0.0,Low,Train,Derived prototype label - NOT observed plant-stress ground truth
2025-01-26 02:00:00,2.0,Vegetative,20.55,79.3,0.0,21.79,No Significant Environmental Stress,0.0,Low,No Significant Environmental Stress,0.0,Low,Train,Derived prototype label - NOT observed plant-stress ground truth
2025-01-26 02:30:00,2.5,Vegetative,20.43,75.61,0.0,21.81,No Significant Environmental Stress,0.0,Low,No Significant Environmental Stress,0.0,Low,Train,Derived prototype label - NOT observed plant-stress ground truth
2025-01-26 03:00:00,3.0,Vegetative,20.3,75.78,0.0,21.78,No Significant Environmental Stress,0.0,Low,No Significant Environmental Stress,0.0,Low,Train,Derived prototype label - NOT observed plant-stress ground truth
2025-01-26 03:30:00,3.5,Vegetative,20.17,75.87,0.0,21.77,No Significant Environmental Stress,0.0,Low,No Significant Environmental Stress,0.0,Low,Train,Derived prototype label - NOT observed plant-stress ground truth
2025-01-26 04:00:00,4.0,Vegetative,20.05,78.48,0.0,21.71,No Significant Environmental Stress,0.0,Low,No Significant Environmental Stress,0.0,Low,Train,Derived prototype label - NOT observed plant-stress ground truth
2025-01-26 04:30:00,4.5,Vegetative,19.95,77.8,0.0,21.67,No Significant Environmental Stress,0.0,Low,No Significant Environmental Stress,0.0,Low,Train,Derived prototype label - NOT observed plant-stress ground truth
2025-01-26 05:00:00,5.0,Vegetative,19.87,79.2,0.0,21.66,No Significant Environmental Stress,0.0,Low,Low Light Stress,87.5,High,Train,Derived prototype label - NOT observed plant-stress ground truth
2025-01-26 05:30:00,5.5,Vegetative,19.82,74.27,0.0,21.62,Low Light Stress,87.5,High,Low Light Stress,53.3,Moderate,Train,Derived prototype label - NOT observed plant-stress ground truth
2025-01-26 06:00:00,6.0,Vegetative,19.8,75.75,0.0,21.59,Low Light Stress,53.3,Moderate,No Significant Environmental Stress,10.9,Low,Train,Derived prototype label - NOT observed plant-stress ground truth
2025-01-26 06:30:00,6.5,Vegetative,21.44,81.31,4546.0,21.71,No Significant Environmental Stress,10.9,Low,No Significant Environmental Stress,0.0,Low,Train,Derived prototype label - NOT observed plant-stress ground truth
2025-01-26 07:00:00,7.0,Vegetative,22.55,73.56,10403.0,21.83,No Significant Environmental Stress,0.0,Low,No Significant Environmental Stress,0.0,Low,Train,Derived prototype label - NOT observed plant-stress ground truth
2025-01-26 07:30:00,7.5,Vegetative,23.62,71.57,13597.0,21.98,No Significant Environmental Stress,0.0,Low,No Significant Environmental Stress,0.0,Low,Train,Derived prototype label - NOT observed plant-stress ground truth
2025-01-26 08:00:00,8.0,Vegetative,24.64,74.65,20281.0,22.15,No Significant Environmental Stress,0.0,Low,No Significant Environmental Stress,0.0,Low,Train,Derived prototype label - NOT observed plant-stress ground truth
2025-01-26 08:30:00,8.5,Vegetative,25.58,68.1,24569.0,22.28,No Significant Environmental Stress,0.0,Low,No Significant Environmental Stress,0.0,Low,Train,Derived prototype label - NOT observed plant-stress ground truth
2025-01-26 09:00:00,9.0,Vegetative,26.44,67.16,28441.0,22.4,No Significant Environmental Stress,0.0,Low,No Significant Environmental Stress,0.0,Low,Train,Derived prototype label - NOT observed plant-stress ground truth
2025-01-26 09:30:00,9.5,Vegetative,27.18,67.0,27504.0,22.67,No Significant Environmental Stress,0.0,Low,No Significant Environmental Stress,3.7,Low,Train,Derived prototype label - NOT observed plant-stress ground truth
2025-01-26 10:00:00,10.0,Vegetative,27.81,65.53,30432.0,22.85,No Significant Environmental Stress,3.7,Low,No Significant Environmental Stress,8.0,Low,Train,Derived prototype label - NOT observed plant-stress ground truth
2025-01-26 10:30:00,10.5,Vegetative,28.32,65.43,30378.0,23.07,No Significant Environmental Stress,8.0,Low,No Significant Environmental Stress,10.5,Low,Train,Derived prototype label - NOT observed plant-stress ground truth
2025-01-26 11:00:00,11.0,Vegetative,28.68,67.55,42562.0,23.28,No Significant Environmental Stress,10.5,Low,No Significant Environmental Stress,11.5,Low,Train,Derived prototype label - NOT observed plant-stress ground truth
2025-01-26 11:30:00,11.5,Vegetative,28.9,65.97,33364.0,23.56,No Significant Environmental Stress,11.5,Low,Heat Stress,17.8,Low,Train,Derived prototype label - NOT observed plant-stress ground truth
2025-01-26 12:00:00,12.0,Vegetative,28.98,65.22,33311.0,23.87,Heat Stress,17.8,Low,Combined Environmental Stress,58.7,Moderate,Train,Derived prototype label - NOT observed plant-stress ground truth
2025-01-26 12:30:00,12.5,Vegetative,29.52,60.79,37410.0,24.55,Combined Environmental Stress,58.7,Moderate,Combined Environmental Stress,100.0,High,Train,Derived prototype label - NOT observed plant-stress ground truth
2025-01-26 13:00:00,13.0,Vegetative,32.03,55.45,42665.0,27.51,Combined Environmental Stress,100.0,High,Heat Stress,47.6,Moderate,Train,Derived prototype label - NOT observed plant-stress ground truth
2025-01-26 13:30:00,13.5,Vegetative,35.27,44.83,42444.0,29.26,Heat Stress,47.6,Moderate,No Significant Environmental Stress,0.0,Low,Train,Derived prototype label - NOT observed plant-stress ground truth
2025-01-26 14:00:00,14.0,Vegetative,31.15,55.83,35035.0,27.33,No Significant Environmental Stress,0.0,Low,No Significant Environmental Stress,0.0,Low,Train,Derived prototype label - NOT observed plant-stress ground truth
2025-01-26 14:30:00,14.5,Vegetative,27.26,68.6,26603.0,24.84,No Significant Environmental Stress,0.0,Low,No Significant Environmental Stress,0.0,Low,Train,Derived prototype label - NOT observed plant-stress ground truth
2025-01-26 15:00:00,15.0,Vegetative,26.44,69.98,24398.0,24.88,No Significant Environmental Stress,0.0,Low,No Significant Environmental Stress,0.0,Low,Train,Derived prototype label - NOT observed plant-stress ground truth
2025-01-26 15:30:00,15.5,Vegetative,25.58,68.75,21211.0,24.88,No Significant Environmental Stress,0.0,Low,No Significant Environmental Stress,0.0,Low,Train,Derived prototype label - NOT observed plant-stress ground truth
2025-01-26 16:00:00,16.0,Vegetative,24.64,72.62,17975.0,24.84,No Significant Environmental Stress,0.0,Low,Low Light Stress,20.1,Low,Train,Derived prototype label - NOT observed plant-stress ground truth
2025-01-26 16:30:00,16.5,Vegetative,23.62,76.33,13371.0,24.83,Low Light Stress,20.1,Low,Low Light Stress,47.3,Moderate,Train,Derived prototype label - NOT observed plant-stress ground truth
2025-01-26 17:00:00,17.0,Vegetative,22.55,74.61,9064.0,24.66,Low Light Stress,47.3,Moderate,No Significant Environmental Stress,0.0,Low,Train,Derived prototype label - NOT observed plant-stress ground truth
2025-01-26 17:30:00,17.5,Vegetative,21.44,78.45,5082.0,24.47,No Significant Environmental Stress,0.0,Low,No Significant Environmental Stress,0.0,Low,Train,Derived prototype label - NOT observed plant-stress ground truth
2025-01-26 18:00:00,18.0,Vegetative,19.8,77.03,0.0,24.19,No Significant Environmental Stress,0.0,Low,No Significant Environmental Stress,0.0,Low,Train,Derived prototype label - NOT observed plant-stress ground truth
2025-01-26 18:30:00,18.5,Vegetative,19.82,74.52,0.0,23.98,No Significant Environmental Stress,0.0,Low,No Significant Environmental Stress,0.0,Low,Train,Derived prototype label - NOT observed plant-stress ground truth
2025-01-26 19:00:00,19.0,Vegetative,19.87,79.6,0.0,23.74,No Significant Environmental Stress,0.0,Low,No Significant Environmental Stress,0.0,Low,Train,Derived prototype label - NOT observed plant-stress ground truth
2025-01-26 19:30:00,19.5,Vegetative,19.95,79.94,0.0,23.57,No Significant Environmental Stress,0.0,Low,No Significant Environmental Stress,0.0,Low,Train,Derived prototype label - NOT observed plant-stress ground truth
2025-01-26 20:00:00,20.0,Vegetative,20.05,77.9,0.0,23.34,No Significant Environmental Stress,0.0,Low,No Significant Environmental Stress,0.0,Low,Train,Derived prototype label - NOT observed plant-stress ground truth
2025-01-26 20:30:00,20.5,Vegetative,20.17,75.96,0.0,23.16,No Significant Environmental Stress,0.0,Low,No Significant Environmental Stress,0.0,Low,Train,Derived prototype label - NOT observed plant-stress ground truth
2025-01-26 21:00:00,21.0,Vegetative,20.3,78.99,0.0,22.92,No Significant Environmental Stress,0.0,Low,No Significant Environmental Stress,1.2,Low,Train,Derived prototype label - NOT observed plant-stress ground truth
2025-01-26 21:30:00,21.5,Vegetative,20.43,76.52,0.0,22.72,No Significant Environmental Stress,1.2,Low,No Significant Environmental Stress,2.9,Low,Train,Derived prototype label - NOT observed plant-stress ground truth
2025-01-26 22:00:00,22.0,Vegetative,20.55,80.26,0.0,22.55,No Significant Environmental Stress,2.9,Low,No Significant Environmental Stress,0.0,Low,Train,Derived prototype label - NOT observed plant-stress ground truth
2025-01-26 22:30:00,22.5,Vegetative,20.66,80.63,0.0,22.42,No Significant Environmental Stress,0.0,Low,No Significant Environmental Stress,0.0,Low,Train,Derived prototype label - NOT observed plant-stress ground truth
2025-01-26 23:00:00,23.0,Vegetative,20.74,74.45,0.0,22.37,No Significant Environmental Stress,0.0,Low,High Humidity Stress,19.8,Low,Train,Derived prototype label - NOT observed plant-stress ground truth
2025-01-26 23:30:00,23.5,Vegetative,20.79,76.59,0.0,22.29,High Humidity Stress,19.8,Low,High Humidity Stress,20.3,Low,Train,Derived prototype label - NOT observed plant-stress ground truth
2025-01-27 00:00:00,0.0,Vegetative,20.27,84.34,0.0,22.16,High Humidity Stress,20.3,Low,No Significant Environmental Stress,0.0,Low,Train,Derived prototype label - NOT observed plant-stress ground truth
2025-01-27 00:30:00,0.5,Vegetative,20.25,84.45,0.0,22.1,No Significant Environmental Stress,0.0,Low,High Humidity Stress,18.6,Low,Train,Derived prototype label - NOT observed plant-stress ground truth
2025-01-27 01:00:00,1.0,Vegetative,20.2,79.18,0.0,22.03,High Humidity Stress,18.6,Low,High Humidity Stress,17.3,Low,Train,Derived prototype label - NOT observed plant-stress ground truth
2025-01-27 01:30:00,1.5,Vegetative,20.12,84.08,0.0,21.93,High Humidity Stress,17.3,Low,High Humidity Stress,21.5,Low,Train,Derived prototype label - NOT observed plant-stress ground truth
2025-01-27 02:00:00,2.0,Vegetative,20.02,83.79,0.0,21.88,High Humidity Stress,21.5,Low,No Significant Environmental Stress,3.7,Low,Train,Derived prototype label - NOT observed plant-stress ground truth
2025-01-27 02:30:00,2.5,Vegetative,19.9,84.71,0.0,21.76,No Significant Environmental Stress,3.7,Low,No Significant Environmental Stress,9.7,Low,Train,Derived prototype label - NOT observed plant-stress ground truth
2025-01-27 03:00:00,3.0,Vegetative,19.77,80.82,0.0,21.77,No Significant Environmental Stress,9.7,Low,High Humidity Stress,14.6,Low,Train,Derived prototype label - NOT observed plant-stress ground truth
2025-01-27 03:30:00,3.5,Vegetative,19.64,82.12,0.0,21.73,High Humidity Stress,14.6,Low,No Significant Environmental Stress,4.8,Low,Train,Derived prototype label - NOT observed plant-stress ground truth
2025-01-27 04:00:00,4.0,Vegetative,19.52,83.21,0.0,21.65,No Significant Environmental Stress,4.8,Low,High Humidity Stress,14.8,Low,Train,Derived prototype label - NOT observed plant-stress ground truth
2025-01-27 04:30:00,4.5,Vegetative,19.42,81.06,0.0,21.59,High Humidity Stress,14.8,Low,No Significant Environmental Stress,9.2,Low,Train,Derived prototype label - NOT observed plant-stress ground truth
2025-01-27 05:00:00,5.0,Vegetative,19.34,83.24,0.0,21.55,No Significant Environmental Stress,9.2,Low,Low Light Stress,90.1,High,Train,Derived prototype label - NOT observed plant-stress ground truth
2025-01-27 05:30:00,5.5,Vegetative,19.29,82.01,0.0,21.54,Low Light Stress,90.1,High,Low Light Stress,38.2,Moderate,Train,Derived prototype label - NOT observed plant-stress ground truth
2025-01-27 06:00:00,6.0,Vegetative,19.27,84.56,0.0,21.45,Low Light Stress,38.2,Moderate,No Significant Environmental Stress,8.2,Low,Train,Derived prototype label - NOT observed plant-stress ground truth
2025-01-27 06:30:00,6.5,Vegetative,20.91,82.92,7170.0,21.44,No Significant Environmental Stress,8.2,Low,No Significant Environmental Stress,0.6,Low,Train,Derived prototype label - NOT observed plant-stress ground truth
2025-01-27 07:00:00,7.0,Vegetative,22.02,81.79,13797.0,21.53,No Significant Environmental Stress,0.6,Low,No Significant Environmental Stress,0.0,Low,Train,Derived prototype label - NOT observed plant-stress ground truth
2025-01-27 07:30:00,7.5,Vegetative,23.1,80.14,19705.0,21.65,No Significant Environmental Stress,0.0,Low,No Significant Environmental Stress,0.0,Low,Train,Derived prototype label - NOT observed plant-stress ground truth
2025-01-27 08:00:00,8.0,Vegetative,24.12,77.37,25917.0,21.78,No Significant Environmental Stress,0.0,Low,No Significant Environmental Stress,0.0,Low,Train,Derived prototype label - NOT observed plant-stress ground truth
2025-01-27 08:30:00,8.5,Vegetative,25.06,78.3,31428.0,21.97,No Significant Environmental Stress,0.0,Low,No Significant Environmental Stress,0.8,Low,Train,Derived prototype label - NOT observed plant-stress ground truth
2025-01-27 09:00:00,9.0,Vegetative,25.92,75.48,38800.0,22.2,No Significant Environmental Stress,0.8,Low,No Significant Environmental Stress,0.0,Low,Train,Derived prototype label - NOT observed plant-stress ground truth
2025-01-27 09:30:00,9.5,Vegetative,26.66,74.33,45238.0,22.4,No Significant Environmental Stress,0.0,Low,No Significant Environmental Stress,8.3,Low,Train,Derived prototype label - NOT observed plant-stress ground truth
2025-01-27 10:00:00,10.0,Vegetative,27.3,74.88,38719.0,22.65,No Significant Environmental Stress,8.3,Low,High Light Stress,17.2,Low,Train,Derived prototype label - NOT observed plant-stress ground truth
2025-01-27 10:30:00,10.5,Vegetative,27.8,75.49,47530.0,22.94,High Light Stress,17.2,Low,High Light Stress,36.8,Moderate,Train,Derived prototype label - NOT observed plant-stress ground truth
2025-01-27 11:00:00,11.0,Vegetative,28.16,71.98,50010.0,23.2,High Light Stress,36.8,Moderate,No Significant Environmental Stress,6.5,Low,Train,Derived prototype label - NOT observed plant-stress ground truth
2025-01-27 11:30:00,11.5,Vegetative,28.39,71.88,55678.0,23.4,No Significant Environmental Stress,6.5,Low,High Light Stress,23.7,Low,Train,Derived prototype label - NOT observed plant-stress ground truth
2025-01-27 12:00:00,12.0,Vegetative,28.46,69.51,45862.0,23.65,High Light Stress,23.7,Low,No Significant Environmental Stress,9.4,Low,Train,Derived prototype label - NOT observed plant-stress ground truth
2025-01-27 12:30:00,12.5,Vegetative,28.39,70.68,51686.0,23.83,No Significant Environmental Stress,9.4,Low,No Significant Environmental Stress,0.0,Low,Train,Derived prototype label - NOT observed plant-stress ground truth
2025-01-27 13:00:00,13.0,Vegetative,28.16,74.05,47634.0,24.05,No Significant Environmental Stress,0.0,Low,High Light Stress,16.8,Low,Train,Derived prototype label - NOT observed plant-stress ground truth
2025-01-27 13:30:00,13.5,Vegetative,27.8,74.75,44694.0,24.22,High Light Stress,16.8,Low,No Significant Environmental Stress,10.3,Low,Train,Derived prototype label - NOT observed plant-stress ground truth
2025-01-27 14:00:00,14.0,Vegetative,27.3,69.95,50127.0,24.43,No Significant Environmental Stress,10.3,Low,No Significant Environmental Stress,0.0,Low,Train,Derived prototype label - NOT observed plant-stress ground truth
2025-01-27 14:30:00,14.5,Vegetative,26.66,73.93,48132.0,24.56,No Significant Environmental Stress,0.0,Low,No Significant Environmental Stress,0.0,Low,Train,Derived prototype label - NOT observed plant-stress ground truth
2025-01-27 15:00:00,15.0,Vegetative,25.92,74.19,36213.0,24.62,No Significant Environmental Stress,0.0,Low,No Significant Environmental Stress,0.0,Low,Train,Derived prototype label - NOT observed plant-stress ground truth
2025-01-27 15:30:00,15.5,Vegetative,25.06,75.16,31248.0,24.55,No Significant Environmental Stress,0.0,Low,No Significant Environmental Stress,4.2,Low,Train,Derived prototype label - NOT observed plant-stress ground truth
2025-01-27 16:00:00,16.0,Vegetative,24.12,77.38,28587.0,24.54,No Significant Environmental Stress,4.2,Low,High Humidity Stress,18.3,Low,Train,Derived prototype label - NOT observed plant-stress ground truth
2025-01-27 16:30:00,16.5,Vegetative,23.1,80.92,22173.0,24.39,High Humidity Stress,18.3,Low,Low Light Stress,30.8,Low,Train,Derived prototype label - NOT observed plant-stress ground truth
2025-01-27 17:00:00,17.0,Vegetative,22.02,84.02,13530.0,24.29,Low Light Stress,30.8,Low,No Significant Environmental Stress,5.9,Low,Train,Derived prototype label - NOT observed plant-stress ground truth
2025-01-27 17:30:00,17.5,Vegetative,20.91,82.19,8062.0,24.16,No Significant Environmental Stress,5.9,Low,No Significant Environmental Stress,12.3,Low,Train,Derived prototype label - NOT observed plant-stress ground truth
2025-01-27 18:00:00,18.0,Vegetative,19.27,81.3,0.0,23.96,No Significant Environmental Stress,12.3,Low,No Significant Environmental Stress,10.8,Low,Train,Derived prototype label - NOT observed plant-stress ground truth
2025-01-27 18:30:00,18.5,Vegetative,19.29,82.71,0.0,23.66,No Significant Environmental Stress,10.8,Low,No Significant Environmental Stress,11.2,Low,Train,Derived prototype label - NOT observed plant-stress ground truth
2025-01-27 19:00:00,19.0,Vegetative,19.34,82.37,0.0,23.48,No Significant Environmental Stress,11.2,Low,High Humidity Stress,13.4,Low,Train,Derived prototype label - NOT observed plant-stress ground truth
2025-01-27 19:30:00,19.5,Vegetative,19.42,82.46,0.0,23.23,High Humidity Stress,13.4,Low,High Humidity Stress,20.5,Low,Train,Derived prototype label - NOT observed plant-stress ground truth
2025-01-27 20:00:00,20.0,Vegetative,19.52,82.94,0.0,23.02,High Humidity Stress,20.5,Low,High Humidity Stress,25.9,Low,Train,Derived prototype label - NOT observed plant-stress ground truth
2025-01-27 20:30:00,20.5,Vegetative,19.64,84.49,0.0,22.84,High Humidity Stress,25.9,Low,No Significant Environmental Stress,4.7,Low,Train,Derived prototype label - NOT observed plant-stress ground truth
2025-01-27 21:00:00,21.0,Vegetative,19.77,85.69,0.0,22.67,No Significant Environmental Stress,4.7,Low,No Significant Environmental Stress,6.7,Low,Train,Derived prototype label - NOT observed plant-stress ground truth
2025-01-27 21:30:00,21.5,Vegetative,19.9,81.04,0.0,22.51,No Significant Environmental Stress,6.7,Low,No Significant Environmental Stress,10.3,Low,Train,Derived prototype label - NOT observed plant-stress ground truth
2025-01-27 22:00:00,22.0,Vegetative,20.02,81.47,0.0,22.39,No Significant Environmental Stress,10.3,Low,No Significant Environmental Stress,11.2,Low,Train,Derived prototype label - NOT observed plant-stress ground truth
2025-01-27 22:30:00,22.5,Vegetative,20.12,82.27,0.0,22.28,No Significant Environmental Stress,11.2,Low,No Significant Environmental Stress,0.1,Low,Train,Derived prototype label - NOT observed plant-stress ground truth
2025-01-27 23:00:00,23.0,Vegetative,20.2,82.45,0.0,22.19,No Significant Environmental Stress,0.1,Low,No Significant Environmental Stress,0.0,Low,Train,Derived prototype label - NOT observed plant-stress ground truth
2025-01-27 23:30:00,23.5,Vegetative,20.25,80.02,0.0,22.06,No Significant Environmental Stress,0.0,Low,No Significant Environmental Stress,0.1,Low,Train,Derived prototype label - NOT observed plant-stress ground truth
2025-01-28 00:00:00,0.0,Vegetative,21.01,75.26,0.0,22.05,No Significant Environmental Stress,0.1,Low,No Significant Environmental Stress,0.0,Low,Train,Derived prototype label - NOT observed plant-stress ground truth
2025-01-28 00:30:00,0.5,Vegetative,20.99,80.03,0.0,22.04,No Significant Environmental Stress,0.0,Low,No Significant Environmental Stress,0.0,Low,Train,Derived prototype label - NOT observed plant-stress ground truth
2025-01-28 01:00:00,1.0,Vegetative,20.94,76.93,0.0,21.97,No Significant Environmental Stress,0.0,Low,No Significant Environmental Stress,0.0,Low,Train,Derived prototype label - NOT observed plant-stress ground truth
2025-01-28 01:30:00,1.5,Vegetative,20.86,74.59,0.0,21.94,No Significant Environmental Stress,0.0,Low,No Significant Environmental Stress,0.0,Low,Train,Derived prototype label - NOT observed plant-stress ground truth
2025-01-28 02:00:00,2.0,Vegetative,20.76,76.68,0.0,21.97,No Significant Environmental Stress,0.0,Low,No Significant Environmental Stress,7.0,Low,Train,Derived prototype label - NOT observed plant-stress ground truth
2025-01-28 02:30:00,2.5,Vegetative,20.64,76.51,0.0,21.98,No Significant Environmental Stress,7.0,Low,No Significant Environmental Stress,1.6,Low,Train,Derived prototype label - NOT observed plant-stress ground truth
2025-01-28 03:00:00,3.0,Vegetative,20.51,81.53,0.0,21.91,No Significant Environmental Stress,1.6,Low,No Significant Environmental Stress,0.0,Low,Train,Derived prototype label - NOT observed plant-stress ground truth
2025-01-28 03:30:00,3.5,Vegetative,20.38,80.36,0.0,21.87,No Significant Environmental Stress,0.0,Low,No Significant Environmental Stress,0.0,Low,Train,Derived prototype label - NOT observed plant-stress ground truth
2025-01-28 04:00:00,4.0,Vegetative,20.26,77.57,0.0,21.74,No Significant Environmental Stress,0.0,Low,No Significant Environmental Stress,0.0,Low,Train,Derived prototype label - NOT observed plant-stress ground truth
2025-01-28 04:30:00,4.5,Vegetative,20.16,76.57,0.0,21.71,No Significant Environmental Stress,0.0,Low,No Significant Environmental Stress,0.0,Low,Train,Derived prototype label - NOT observed plant-stress ground truth
2025-01-28 05:00:00,5.0,Vegetative,20.08,75.04,0.0,21.7,No Significant Environmental Stress,0.0,Low,Low Light Stress,86.5,High,Train,Derived prototype label - NOT observed plant-stress ground truth
2025-01-28 05:30:00,5.5,Vegetative,20.03,78.6,0.0,21.69,Low Light Stress,86.5,High,Low Light Stress,41.4,Moderate,Train,Derived prototype label - NOT observed plant-stress ground truth
2025-01-28 06:00:00,6.0,Vegetative,20.01,78.41,0.0,21.64,Low Light Stress,41.4,Moderate,No Significant Environmental Stress,6.5,Low,Train,Derived prototype label - NOT observed plant-stress ground truth
2025-01-28 06:30:00,6.5,Vegetative,21.4,78.7,5947.0,21.69,No Significant Environmental Stress,6.5,Low,No Significant Environmental Stress,0.0,Low,Train,Derived prototype label - NOT observed plant-stress ground truth
2025-01-28 07:00:00,7.0,Vegetative,22.28,74.85,11055.0,21.79,No Significant Environmental Stress,0.0,Low,No Significant Environmental Stress,0.0,Low,Train,Derived prototype label - NOT observed plant-stress ground truth
2025-01-28 07:30:00,7.5,Vegetative,23.12,70.25,12992.0,21.9,No Significant Environmental Stress,0.0,Low,No Significant Environmental Stress,0.0,Low,Train,Derived prototype label - NOT observed plant-stress ground truth
2025-01-28 08:00:00,8.0,Vegetative,23.92,73.99,20790.0,21.98,No Significant Environmental Stress,0.0,Low,No Significant Environmental Stress,0.0,Low,Train,Derived prototype label - NOT observed plant-stress ground truth
2025-01-28 08:30:00,8.5,Vegetative,24.67,70.68,22840.0,22.08,No Significant Environmental Stress,0.0,Low,No Significant Environmental Stress,0.0,Low,Train,Derived prototype label - NOT observed plant-stress ground truth
2025-01-28 09:00:00,9.0,Vegetative,25.34,70.0,28025.0,22.28,No Significant Environmental Stress,0.0,Low,No Significant Environmental Stress,0.0,Low,Train,Derived prototype label - NOT observed plant-stress ground truth
2025-01-28 09:30:00,9.5,Vegetative,25.93,67.71,36402.0,22.46,No Significant Environmental Stress,0.0,Low,No Significant Environmental Stress,0.0,Low,Train,Derived prototype label - NOT observed plant-stress ground truth
2025-01-28 10:00:00,10.0,Vegetative,26.43,68.69,34606.0,22.69,No Significant Environmental Stress,0.0,Low,No Significant Environmental Stress,0.0,Low,Train,Derived prototype label - NOT observed plant-stress ground truth
2025-01-28 10:30:00,10.5,Vegetative,26.82,71.39,41497.0,22.9,No Significant Environmental Stress,0.0,Low,No Significant Environmental Stress,0.0,Low,Train,Derived prototype label - NOT observed plant-stress ground truth
2025-01-28 11:00:00,11.0,Vegetative,27.11,68.22,39832.0,23.13,No Significant Environmental Stress,0.0,Low,No Significant Environmental Stress,0.0,Low,Train,Derived prototype label - NOT observed plant-stress ground truth
2025-01-28 11:30:00,11.5,Vegetative,27.28,67.78,34326.0,23.31,No Significant Environmental Stress,0.0,Low,Heat Stress,24.4,Low,Train,Derived prototype label - NOT observed plant-stress ground truth
2025-01-28 12:00:00,12.0,Vegetative,27.57,68.06,39863.0,23.67,Heat Stress,24.4,Low,Combined Environmental Stress,52.8,Moderate,Train,Derived prototype label - NOT observed plant-stress ground truth
2025-01-28 12:30:00,12.5,Vegetative,29.75,59.57,47221.0,25.85,Combined Environmental Stress,52.8,Moderate,Combined Environmental Stress,80.0,High,Train,Derived prototype label - NOT observed plant-stress ground truth
2025-01-28 13:00:00,13.0,Vegetative,31.34,58.0,47756.0,28.0,Combined Environmental Stress,80.0,High,Heat Stress,42.7,Moderate,Train,Derived prototype label - NOT observed plant-stress ground truth
2025-01-28 13:30:00,13.5,Vegetative,32.85,49.36,44952.0,29.94,Heat Stress,42.7,Moderate,No Significant Environmental Stress,8.4,Low,Train,Derived prototype label - NOT observed plant-stress ground truth
2025-01-28 14:00:00,14.0,Vegetative,30.83,59.42,37679.0,27.09,No Significant Environmental Stress,8.4,Low,No Significant Environmental Stress,0.0,Low,Train,Derived prototype label - NOT observed plant-stress ground truth
2025-01-28 14:30:00,14.5,Vegetative,28.42,59.36,33227.0,25.55,No Significant Environmental Stress,0.0,Low,No Significant Environmental Stress,0.0,Low,Train,Derived prototype label - NOT observed plant-stress ground truth
2025-01-28 15:00:00,15.0,Vegetative,25.49,68.77,31947.0,24.33,No Significant Environmental Stress,0.0,Low,No Significant Environmental Stress,0.0,Low,Train,Derived prototype label - NOT observed plant-stress ground truth
2025-01-28 15:30:00,15.5,Vegetative,24.67,71.48,24428.0,24.24,No Significant Environmental Stress,0.0,Low,No Significant Environmental Stress,0.0,Low,Train,Derived prototype label - NOT observed plant-stress ground truth
2025-01-28 16:00:00,16.0,Vegetative,23.92,72.44,19052.0,24.15,No Significant Environmental Stress,0.0,Low,No Significant Environmental Stress,4.6,Low,Train,Derived prototype label - NOT observed plant-stress ground truth
2025-01-28 16:30:00,16.5,Vegetative,23.12,75.64,14414.0,24.12,No Significant Environmental Stress,4.6,Low,Low Light Stress,40.9,Moderate,Train,Derived prototype label - NOT observed plant-stress ground truth
2025-01-28 17:00:00,17.0,Vegetative,22.28,76.18,11326.0,24.07,Low Light Stress,40.9,Moderate,No Significant Environmental Stress,0.0,Low,Train,Derived prototype label - NOT observed plant-stress ground truth
2025-01-28 17:30:00,17.5,Vegetative,21.4,79.76,6018.0,23.98,No Significant Environmental Stress,0.0,Low,No Significant Environmental Stress,0.0,Low,Train,Derived prototype label - NOT observed plant-stress ground truth
2025-01-28 18:00:00,18.0,Vegetative,20.01,75.23,0.0,23.76,No Significant Environmental Stress,0.0,Low,No Significant Environmental Stress,0.0,Low,Train,Derived prototype label - NOT observed plant-stress ground truth
2025-01-28 18:30:00,18.5,Vegetative,20.03,76.03,0.0,23.6,No Significant Environmental Stress,0.0,Low,No Significant Environmental Stress,0.0,Low,Train,Derived prototype label - NOT observed plant-stress ground truth
2025-01-28 19:00:00,19.0,Vegetative,20.08,77.19,0.0,23.37,No Significant Environmental Stress,0.0,Low,No Significant Environmental Stress,0.0,Low,Train,Derived prototype label - NOT observed plant-stress ground truth
2025-01-28 19:30:00,19.5,Vegetative,20.16,78.8,0.0,23.22,No Significant Environmental Stress,0.0,Low,No Significant Environmental Stress,2.8,Low,Train,Derived prototype label - NOT observed plant-stress ground truth
2025-01-28 20:00:00,20.0,Vegetative,20.26,78.02,0.0,23.07,No Significant Environmental Stress,2.8,Low,No Significant Environmental Stress,0.0,Low,Train,Derived prototype label - NOT observed plant-stress ground truth
2025-01-28 20:30:00,20.5,Vegetative,20.38,80.61,0.0,22.88,No Significant Environmental Stress,0.0,Low,No Significant Environmental Stress,0.0,Low,Train,Derived prototype label - NOT observed plant-stress ground truth
2025-01-28 21:00:00,21.0,Vegetative,20.51,77.65,0.0,22.77,No Significant Environmental Stress,0.0,Low,No Significant Environmental Stress,0.0,Low,Train,Derived prototype label - NOT observed plant-stress ground truth
2025-01-28 21:30:00,21.5,Vegetative,20.64,79.96,0.0,22.59,No Significant Environmental Stress,0.0,Low,No Significant Environmental Stress,0.0,Low,Train,Derived prototype label - NOT observed plant-stress ground truth
2025-01-28 22:00:00,22.0,Vegetative,20.76,77.8,0.0,22.48,No Significant Environmental Stress,0.0,Low,No Significant Environmental Stress,0.0,Low,Train,Derived prototype label - NOT observed plant-stress ground truth
2025-01-28 22:30:00,22.5,Vegetative,20.86,76.14,0.0,22.41,No Significant Environmental Stress,0.0,Low,No Significant Environmental Stress,0.0,Low,Train,Derived prototype label - NOT observed plant-stress ground truth
2025-01-28 23:00:00,23.0,Vegetative,20.94,76.18,0.0,22.3,No Significant Environmental Stress,0.0,Low,No Significant Environmental Stress,0.0,Low,Train,Derived prototype label - NOT observed plant-stress ground truth
2025-01-28 23:30:00,23.5,Vegetative,20.99,75.66,0.0,22.21,No Significant Environmental Stress,0.0,Low,No Significant Environmental Stress,0.0,Low,Train,Derived prototype label - NOT observed plant-stress ground truth
2025-01-29 00:00:00,0.0,Vegetative,19.87,75.02,0.0,22.15,No Significant Environmental Stress,0.0,Low,No Significant Environmental Stress,0.0,Low,Train,Derived prototype label - NOT observed plant-stress ground truth
2025-01-29 00:30:00,0.5,Vegetative,19.85,75.48,0.0,22.01,No Significant Environmental Stress,0.0,Low,No Significant Environmental Stress,0.0,Low,Train,Derived prototype label - NOT observed plant-stress ground truth
2025-01-29 01:00:00,1.0,Vegetative,19.8,74.01,0.0,21.94,No Significant Environmental Stress,0.0,Low,No Significant Environmental Stress,0.0,Low,Train,Derived prototype label - NOT observed plant-stress ground truth
2025-01-29 01:30:00,1.5,Vegetative,19.72,73.57,0.0,21.87,No Significant Environmental Stress,0.0,Low,No Significant Environmental Stress,0.0,Low,Train,Derived prototype label - NOT observed plant-stress ground truth
2025-01-29 02:00:00,2.0,Vegetative,19.62,73.47,0.0,21.78,No Significant Environmental Stress,0.0,Low,No Significant Environmental Stress,0.0,Low,Train,Derived prototype label - NOT observed plant-stress ground truth
2025-01-29 02:30:00,2.5,Vegetative,19.5,75.16,0.0,21.65,No Significant Environmental Stress,0.0,Low,No Significant Environmental Stress,0.0,Low,Train,Derived prototype label - NOT observed plant-stress ground truth
2025-01-29 03:00:00,3.0,Vegetative,19.37,75.82,0.0,21.57,No Significant Environmental Stress,0.0,Low,No Significant Environmental Stress,0.0,Low,Train,Derived prototype label - NOT observed plant-stress ground truth
2025-01-29 03:30:00,3.5,Vegetative,19.24,72.34,0.0,21.5,No Significant Environmental Stress,0.0,Low,No Significant Environmental Stress,0.0,Low,Train,Derived prototype label - NOT observed plant-stress ground truth
2025-01-29 04:00:00,4.0,Vegetative,19.12,77.7,0.0,21.44,No Significant Environmental Stress,0.0,Low,No Significant Environmental Stress,0.0,Low,Train,Derived prototype label - NOT observed plant-stress ground truth
2025-01-29 04:30:00,4.5,Vegetative,19.02,72.38,0.0,21.37,No Significant Environmental Stress,0.0,Low,No Significant Environmental Stress,0.0,Low,Train,Derived prototype label - NOT observed plant-stress ground truth
2025-01-29 05:00:00,5.0,Vegetative,18.94,76.35,0.0,21.28,No Significant Environmental Stress,0.0,Low,Low Light Stress,91.7,High,Train,Derived prototype label - NOT observed plant-stress ground truth
2025-01-29 05:30:00,5.5,Vegetative,18.89,78.48,0.0,21.23,Low Light Stress,91.7,High,Low Light Stress,40.3,Moderate,Train,Derived prototype label - NOT observed plant-stress ground truth
2025-01-29 06:00:00,6.0,Vegetative,18.87,73.39,0.0,21.18,Low Light Stress,40.3,Moderate,No Significant Environmental Stress,0.0,Low,Train,Derived prototype label - NOT observed plant-stress ground truth
2025-01-29 06:30:00,6.5,Vegetative,20.43,73.34,6478.0,21.28,No Significant Environmental Stress,0.0,Low,No Significant Environmental Stress,0.0,Low,Train,Derived prototype label - NOT observed plant-stress ground truth
2025-01-29 07:00:00,7.0,Vegetative,21.46,73.95,13793.0,21.34,No Significant Environmental Stress,0.0,Low,No Significant Environmental Stress,0.0,Low,Train,Derived prototype label - NOT observed plant-stress ground truth
2025-01-29 07:30:00,7.5,Vegetative,22.47,70.71,19150.0,21.47,No Significant Environmental Stress,0.0,Low,No Significant Environmental Stress,0.0,Low,Train,Derived prototype label - NOT observed plant-stress ground truth
2025-01-29 08:00:00,8.0,Vegetative,23.41,71.77,24815.0,21.62,No Significant Environmental Stress,0.0,Low,No Significant Environmental Stress,0.0,Low,Train,Derived prototype label - NOT observed plant-stress ground truth
2025-01-29 08:30:00,8.5,Vegetative,24.29,71.06,27700.0,21.79,No Significant Environmental Stress,0.0,Low,No Significant Environmental Stress,0.0,Low,Train,Derived prototype label - NOT observed plant-stress ground truth
2025-01-29 09:00:00,9.0,Vegetative,25.09,68.23,35675.0,21.98,No Significant Environmental Stress,0.0,Low,No Significant Environmental Stress,1.1,Low,Train,Derived prototype label - NOT observed plant-stress ground truth
2025-01-29 09:30:00,9.5,Vegetative,25.79,68.25,38966.0,22.22,No Significant Environmental Stress,1.1,Low,No Significant Environmental Stress,0.0,Low,Train,Derived prototype label - NOT observed plant-stress ground truth
2025-01-29 10:00:00,10.0,Vegetative,26.38,64.58,45342.0,22.51,No Significant Environmental Stress,0.0,Low,High Light Stress,27.7,Low,Train,Derived prototype label - NOT observed plant-stress ground truth
2025-01-29 10:30:00,10.5,Vegetative,26.84,67.41,43517.0,22.79,High Light Stress,27.7,Low,High Light Stress,23.5,Low,Train,Derived prototype label - NOT observed plant-stress ground truth
2025-01-29 11:00:00,11.0,Vegetative,27.18,63.88,53432.0,22.99,High Light Stress,23.5,Low,High Light Stress,16.4,Low,Train,Derived prototype label - NOT observed plant-stress ground truth
2025-01-29 11:30:00,11.5,Vegetative,27.39,62.64,52168.0,23.22,High Light Stress,16.4,Low,No Significant Environmental Stress,0.0,Low,Train,Derived prototype label - NOT observed plant-stress ground truth
2025-01-29 12:00:00,12.0,Vegetative,27.46,62.82,49985.0,23.4,No Significant Environmental Stress,0.0,Low,No Significant Environmental Stress,0.0,Low,Train,Derived prototype label - NOT observed plant-stress ground truth
2025-01-29 12:30:00,12.5,Vegetative,27.39,64.94,36913.0,23.66,No Significant Environmental Stress,0.0,Low,No Significant Environmental Stress,0.0,Low,Train,Derived prototype label - NOT observed plant-stress ground truth
2025-01-29 13:00:00,13.0,Vegetative,27.18,65.0,20865.0,23.89,No Significant Environmental Stress,0.0,Low,No Significant Environmental Stress,0.0,Low,Train,Derived prototype label - NOT observed plant-stress ground truth
2025-01-29 13:30:00,13.5,Vegetative,26.84,65.09,31104.0,24.09,No Significant Environmental Stress,0.0,Low,No Significant Environmental Stress,0.0,Low,Train,Derived prototype label - NOT observed plant-stress ground truth
2025-01-29 14:00:00,14.0,Vegetative,26.38,61.9,39234.0,24.27,No Significant Environmental Stress,0.0,Low,No Significant Environmental Stress,0.0,Low,Train,Derived prototype label - NOT observed plant-stress ground truth
2025-01-29 14:30:00,14.5,Vegetative,25.79,68.75,43249.0,24.37,No Significant Environmental Stress,0.0,Low,No Significant Environmental Stress,0.0,Low,Train,Derived prototype label - NOT observed plant-stress ground truth
2025-01-29 15:00:00,15.0,Vegetative,25.09,67.28,38388.0,24.41,No Significant Environmental Stress,0.0,Low,No Significant Environmental Stress,0.0,Low,Train,Derived prototype label - NOT observed plant-stress ground truth
2025-01-29 15:30:00,15.5,Vegetative,24.29,68.26,30223.0,24.39,No Significant Environmental Stress,0.0,Low,No Significant Environmental Stress,0.0,Low,Train,Derived prototype label - NOT observed plant-stress ground truth
2025-01-29 16:00:00,16.0,Vegetative,23.41,69.44,27086.0,24.37,No Significant Environmental Stress,0.0,Low,No Significant Environmental Stress,1.0,Low,Train,Derived prototype label - NOT observed plant-stress ground truth
2025-01-29 16:30:00,16.5,Vegetative,22.47,73.96,16953.0,24.3,No Significant Environmental Stress,1.0,Low,Low Light Stress,41.4,Moderate,Train,Derived prototype label - NOT observed plant-stress ground truth
2025-01-29 17:00:00,17.0,Vegetative,21.46,77.02,11859.0,24.15,Low Light Stress,41.4,Moderate,No Significant Environmental Stress,0.0,Low,Train,Derived prototype label - NOT observed plant-stress ground truth
2025-01-29 17:30:00,17.5,Vegetative,20.43,74.04,6319.0,23.96,No Significant Environmental Stress,0.0,Low,No Significant Environmental Stress,0.0,Low,Train,Derived prototype label - NOT observed plant-stress ground truth
2025-01-29 18:00:00,18.0,Vegetative,18.87,76.39,0.0,23.74,No Significant Environmental Stress,0.0,Low,No Significant Environmental Stress,0.0,Low,Train,Derived prototype label - NOT observed plant-stress ground truth
2025-01-29 18:30:00,18.5,Vegetative,18.89,75.66,0.0,23.47,No Significant Environmental Stress,0.0,Low,No Significant Environmental Stress,0.0,Low,Train,Derived prototype label - NOT observed plant-stress ground truth
2025-01-29 19:00:00,19.0,Vegetative,18.94,75.5,0.0,23.25,No Significant Environmental Stress,0.0,Low,No Significant Environmental Stress,0.0,Low,Train,Derived prototype label - NOT observed plant-stress ground truth
2025-01-29 19:30:00,19.5,Vegetative,19.02,75.99,0.0,23.07,No Significant Environmental Stress,0.0,Low,No Significant Environmental Stress,0.0,Low,Train,Derived prototype label - NOT observed plant-stress ground truth
2025-01-29 20:00:00,20.0,Vegetative,19.12,75.96,0.0,22.86,No Significant Environmental Stress,0.0,Low,No Significant Environmental Stress,0.0,Low,Train,Derived prototype label - NOT observed plant-stress ground truth
2025-01-29 20:30:00,20.5,Vegetative,19.24,73.6,0.0,22.65,No Significant Environmental Stress,0.0,Low,No Significant Environmental Stress,0.0,Low,Train,Derived prototype label - NOT observed plant-stress ground truth
2025-01-29 21:00:00,21.0,Vegetative,19.37,71.91,0.0,22.49,No Significant Environmental Stress,0.0,Low,No Significant Environmental Stress,0.0,Low,Train,Derived prototype label - NOT observed plant-stress ground truth
2025-01-29 21:30:00,21.5,Vegetative,19.5,71.76,0.0,22.36,No Significant Environmental Stress,0.0,Low,No Significant Environmental Stress,0.0,Low,Train,Derived prototype label - NOT observed plant-stress ground truth
2025-01-29 22:00:00,22.0,Vegetative,19.62,76.1,0.0,22.26,No Significant Environmental Stress,0.0,Low,No Significant Environmental Stress,0.0,Low,Train,Derived prototype label - NOT observed plant-stress ground truth
2025-01-29 22:30:00,22.5,Vegetative,19.72,72.78,0.0,22.09,No Significant Environmental Stress,0.0,Low,No Significant Environmental Stress,0.0,Low,Train,Derived prototype label - NOT observed plant-stress ground truth
2025-01-29 23:00:00,23.0,Vegetative,19.8,75.14,0.0,22.01,No Significant Environmental Stress,0.0,Low,No Significant Environmental Stress,0.0,Low,Train,Derived prototype label - NOT observed plant-stress ground truth
2025-01-29 23:30:00,23.5,Vegetative,19.85,73.42,0.0,21.86,No Significant Environmental Stress,0.0,Low,No Significant Environmental Stress,0.0,Low,Train,Derived prototype label - NOT observed plant-stress ground truth
2025-01-30 00:00:00,0.0,Vegetative,21.65,77.83,0.0,21.92,No Significant Environmental Stress,0.0,Low,No Significant Environmental Stress,1.7,Low,Train,Derived prototype label - NOT observed plant-stress ground truth
2025-01-30 00:30:00,0.5,Vegetative,21.63,79.09,0.0,21.97,No Significant Environmental Stress,1.7,Low,No Significant Environmental Stress,5.3,Low,Train,Derived prototype label - NOT observed plant-stress ground truth
2025-01-30 01:00:00,1.0,Vegetative,21.58,80.37,0.0,21.93,No Significant Environmental Stress,5.3,Low,No Significant Environmental Stress,11.6,Low,Train,Derived prototype label - NOT observed plant-stress ground truth
2025-01-30 01:30:00,1.5,Vegetative,21.5,81.16,0.0,21.91,No Significant Environmental Stress,11.6,Low,No Significant Environmental Stress,0.0,Low,Train,Derived prototype label - NOT observed plant-stress ground truth
2025-01-30 02:00:00,2.0,Vegetative,21.4,82.55,0.0,21.9,No Significant Environmental Stress,0.0,Low,No Significant Environmental Stress,2.6,Low,Train,Derived prototype label - NOT observed plant-stress ground truth
2025-01-30 02:30:00,2.5,Vegetative,21.28,79.59,0.0,21.86,No Significant Environmental Stress,2.6,Low,No Significant Environmental Stress,1.5,Low,Train,Derived prototype label - NOT observed plant-stress ground truth
2025-01-30 03:00:00,3.0,Vegetative,21.15,80.57,0.0,21.78,No Significant Environmental Stress,1.5,Low,No Significant Environmental Stress,9.6,Low,Train,Derived prototype label - NOT observed plant-stress ground truth
2025-01-30 03:30:00,3.5,Vegetative,21.02,80.34,0.0,21.68,No Significant Environmental Stress,9.6,Low,No Significant Environmental Stress,0.0,Low,Train,Derived prototype label - NOT observed plant-stress ground truth
2025-01-30 04:00:00,4.0,Vegetative,20.9,82.11,0.0,21.64,No Significant Environmental Stress,0.0,Low,No Significant Environmental Stress,0.0,Low,Train,Derived prototype label - NOT observed plant-stress ground truth
2025-01-30 04:30:00,4.5,Vegetative,20.8,77.68,0.0,21.66,No Significant Environmental Stress,0.0,Low,No Significant Environmental Stress,8.2,Low,Train,Derived prototype label - NOT observed plant-stress ground truth
2025-01-30 05:00:00,5.0,Vegetative,20.72,79.68,0.0,21.63,No Significant Environmental Stress,8.2,Low,Low Light Stress,83.6,High,Train,Derived prototype label - NOT observed plant-stress ground truth
2025-01-30 05:30:00,5.5,Vegetative,20.67,81.79,0.0,21.57,Low Light Stress,83.6,High,Low Light Stress,51.7,Moderate,Train,Derived prototype label - NOT observed plant-stress ground truth
2025-01-30 06:00:00,6.0,Vegetative,20.65,80.02,0.0,21.62,Low Light Stress,51.7,Moderate,Low Light Stress,14.7,Low,Train,Derived prototype label - NOT observed plant-stress ground truth
2025-01-30 06:30:00,6.5,Vegetative,22.04,79.56,4441.0,21.7,Low Light Stress,14.7,Low,No Significant Environmental Stress,0.0,Low,Train,Derived prototype label - NOT observed plant-stress ground truth
2025-01-30 07:00:00,7.0,Vegetative,22.91,78.58,9846.0,21.82,No Significant Environmental Stress,0.0,Low,No Significant Environmental Stress,0.0,Low,Train,Derived prototype label - NOT observed plant-stress ground truth
2025-01-30 07:30:00,7.5,Vegetative,23.76,76.34,14139.0,21.91,No Significant Environmental Stress,0.0,Low,No Significant Environmental Stress,0.0,Low,Train,Derived prototype label - NOT observed plant-stress ground truth
2025-01-30 08:00:00,8.0,Vegetative,24.56,75.58,19493.0,22.03,No Significant Environmental Stress,0.0,Low,No Significant Environmental Stress,0.0,Low,Train,Derived prototype label - NOT observed plant-stress ground truth
2025-01-30 08:30:00,8.5,Vegetative,25.3,73.34,24547.0,22.23,No Significant Environmental Stress,0.0,Low,No Significant Environmental Stress,0.0,Low,Train,Derived prototype label - NOT observed plant-stress ground truth
2025-01-30 09:00:00,9.0,Vegetative,25.97,71.29,20271.0,22.42,No Significant Environmental Stress,0.0,Low,No Significant Environmental Stress,0.0,Low,Train,Derived prototype label - NOT observed plant-stress ground truth
2025-01-30 09:30:00,9.5,Vegetative,26.55,68.84,26794.0,22.62,No Significant Environmental Stress,0.0,Low,No Significant Environmental Stress,0.0,Low,Train,Derived prototype label - NOT observed plant-stress ground truth
2025-01-30 10:00:00,10.0,Vegetative,27.05,68.67,24003.0,22.89,No Significant Environmental Stress,0.0,Low,No Significant Environmental Stress,0.0,Low,Train,Derived prototype label - NOT observed plant-stress ground truth
2025-01-30 10:30:00,10.5,Vegetative,27.44,69.32,31541.0,23.06,No Significant Environmental Stress,0.0,Low,No Significant Environmental Stress,0.0,Low,Train,Derived prototype label - NOT observed plant-stress ground truth
2025-01-30 11:00:00,11.0,Vegetative,27.73,67.56,28691.0,23.29,No Significant Environmental Stress,0.0,Low,No Significant Environmental Stress,0.0,Low,Train,Derived prototype label - NOT observed plant-stress ground truth
2025-01-30 11:30:00,11.5,Vegetative,27.9,70.84,36099.0,23.56,No Significant Environmental Stress,0.0,Low,No Significant Environmental Stress,0.0,Low,Train,Derived prototype label - NOT observed plant-stress ground truth
2025-01-30 12:00:00,12.0,Vegetative,27.96,70.67,38365.0,23.78,No Significant Environmental Stress,0.0,Low,No Significant Environmental Stress,0.0,Low,Train,Derived prototype label - NOT observed plant-stress ground truth
2025-01-30 12:30:00,12.5,Vegetative,27.9,69.85,35610.0,23.97,No Significant Environmental Stress,0.0,Low,No Significant Environmental Stress,0.0,Low,Train,Derived prototype label - NOT observed plant-stress ground truth
2025-01-30 13:00:00,13.0,Vegetative,27.73,65.82,35062.0,24.14,No Significant Environmental Stress,0.0,Low,No Significant Environmental Stress,1.9,Low,Train,Derived prototype label - NOT observed plant-stress ground truth
2025-01-30 13:30:00,13.5,Vegetative,27.44,70.79,34961.0,24.36,No Significant Environmental Stress,1.9,Low,Heat Stress,30.8,Low,Train,Derived prototype label - NOT observed plant-stress ground truth
2025-01-30 14:00:00,14.0,Vegetative,28.16,70.16,29378.0,24.77,Heat Stress,30.8,Low,Heat Stress,48.8,Moderate,Train,Derived prototype label - NOT observed plant-stress ground truth
2025-01-30 14:30:00,14.5,Vegetative,30.44,66.53,28680.0,25.49,Heat Stress,48.8,Moderate,No Significant Environmental Stress,3.3,Low,Train,Derived prototype label - NOT observed plant-stress ground truth
2025-01-30 15:00:00,15.0,Vegetative,31.84,67.37,24367.0,25.84,No Significant Environmental Stress,3.3,Low,No Significant Environmental Stress,0.0,Low,Train,Derived prototype label - NOT observed plant-stress ground truth
2025-01-30 15:30:00,15.5,Vegetative,28.22,72.76,20389.0,25.16,No Significant Environmental Stress,0.0,Low,No Significant Environmental Stress,0.0,Low,Train,Derived prototype label - NOT observed plant-stress ground truth
2025-01-30 16:00:00,16.0,Vegetative,24.63,73.33,13352.0,24.42,No Significant Environmental Stress,0.0,Low,Low Light Stress,20.3,Low,Train,Derived prototype label - NOT observed plant-stress ground truth
2025-01-30 16:30:00,16.5,Vegetative,23.76,77.02,12717.0,24.34,Low Light Stress,20.3,Low,Low Light Stress,53.5,Moderate,Train,Derived prototype label - NOT observed plant-stress ground truth
2025-01-30 17:00:00,17.0,Vegetative,22.91,76.7,9023.0,24.26,Low Light Stress,53.5,Moderate,No Significant Environmental Stress,5.3,Low,Train,Derived prototype label - NOT observed plant-stress ground truth
2025-01-30 17:30:00,17.5,Vegetative,22.04,77.81,4164.0,24.11,No Significant Environmental Stress,5.3,Low,No Significant Environmental Stress,0.0,Low,Train,Derived prototype label - NOT observed plant-stress ground truth
2025-01-30 18:00:00,18.0,Vegetative,20.65,81.17,0.0,23.94,No Significant Environmental Stress,0.0,Low,No Significant Environmental Stress,0.0,Low,Train,Derived prototype label - NOT observed plant-stress ground truth
2025-01-30 18:30:00,18.5,Vegetative,20.67,79.21,0.0,23.82,No Significant Environmental Stress,0.0,Low,No Significant Environmental Stress,9.1,Low,Train,Derived prototype label - NOT observed plant-stress ground truth
2025-01-30 19:00:00,19.0,Vegetative,20.72,79.99,0.0,23.67,No Significant Environmental Stress,9.1,Low,No Significant Environmental Stress,0.0,Low,Train,Derived prototype label - NOT observed plant-stress ground truth
2025-01-30 19:30:00,19.5,Vegetative,20.8,81.99,0.0,23.52,No Significant Environmental Stress,0.0,Low,No Significant Environmental Stress,5.0,Low,Train,Derived prototype label - NOT observed plant-stress ground truth
2025-01-30 20:00:00,20.0,Vegetative,20.9,75.11,0.0,23.31,No Significant Environmental Stress,5.0,Low,No Significant Environmental Stress,0.0,Low,Train,Derived prototype label - NOT observed plant-stress ground truth
2025-01-30 20:30:00,20.5,Vegetative,21.02,81.09,0.0,23.18,No Significant Environmental Stress,0.0,Low,No Significant Environmental Stress,7.0,Low,Train,Derived prototype label - NOT observed plant-stress ground truth
2025-01-30 21:00:00,21.0,Vegetative,21.15,77.96,0.0,23.01,No Significant Environmental Stress,7.0,Low,No Significant Environmental Stress,0.0,Low,Train,Derived prototype label - NOT observed plant-stress ground truth
2025-01-30 21:30:00,21.5,Vegetative,21.28,81.54,0.0,22.87,No Significant Environmental Stress,0.0,Low,No Significant Environmental Stress,2.3,Low,Train,Derived prototype label - NOT observed plant-stress ground truth
2025-01-30 22:00:00,22.0,Vegetative,21.4,78.08,0.0,22.72,No Significant Environmental Stress,2.3,Low,No Significant Environmental Stress,1.5,Low,Train,Derived prototype label - NOT observed plant-stress ground truth
2025-01-30 22:30:00,22.5,Vegetative,21.5,80.5,0.0,22.65,No Significant Environmental Stress,1.5,Low,High Humidity Stress,20.1,Low,Train,Derived prototype label - NOT observed plant-stress ground truth
2025-01-30 23:00:00,23.0,Vegetative,21.58,80.34,0.0,22.58,High Humidity Stress,20.1,Low,No Significant Environmental Stress,1.5,Low,Train,Derived prototype label - NOT observed plant-stress ground truth
2025-01-30 23:30:00,23.5,Vegetative,21.63,84.41,0.0,22.54,No Significant Environmental Stress,1.5,Low,High Humidity Stress,18.4,Low,Train,Derived prototype label - NOT observed plant-stress ground truth
2025-01-31 00:00:00,0.0,Vegetative,21.73,80.34,0.0,22.53,High Humidity Stress,18.4,Low,No Significant Environmental Stress,0.0,Low,Train,Derived prototype label - NOT observed plant-stress ground truth
2025-01-31 00:30:00,0.5,Vegetative,21.71,84.05,0.0,22.43,No Significant Environmental Stress,0.0,Low,No Significant Environmental Stress,0.0,Low,Train,Derived prototype label - NOT observed plant-stress ground truth
2025-01-31 01:00:00,1.0,Vegetative,21.66,76.85,0.0,22.35,No Significant Environmental Stress,0.0,Low,No Significant Environmental Stress,13.1,Low,Train,Derived prototype label - NOT observed plant-stress ground truth
2025-01-31 01:30:00,1.5,Vegetative,21.58,78.25,0.0,22.33,No Significant Environmental Stress,13.1,Low,No Significant Environmental Stress,0.0,Low,Train,Derived prototype label - NOT observed plant-stress ground truth
2025-01-31 02:00:00,2.0,Vegetative,21.48,82.87,0.0,22.29,No Significant Environmental Stress,0.0,Low,No Significant Environmental Stress,7.8,Low,Train,Derived prototype label - NOT observed plant-stress ground truth
2025-01-31 02:30:00,2.5,Vegetative,21.36,79.56,0.0,22.27,No Significant Environmental Stress,7.8,Low,No Significant Environmental Stress,0.0,Low,Train,Derived prototype label - NOT observed plant-stress ground truth
2025-01-31 03:00:00,3.0,Vegetative,21.23,81.72,0.0,22.21,No Significant Environmental Stress,0.0,Low,No Significant Environmental Stress,2.4,Low,Train,Derived prototype label - NOT observed plant-stress ground truth
2025-01-31 03:30:00,3.5,Vegetative,21.1,79.76,0.0,22.13,No Significant Environmental Stress,2.4,Low,High Humidity Stress,23.3,Low,Train,Derived prototype label - NOT observed plant-stress ground truth
2025-01-31 04:00:00,4.0,Vegetative,20.98,80.52,0.0,22.05,High Humidity Stress,23.3,Low,No Significant Environmental Stress,12.0,Low,Train,Derived prototype label - NOT observed plant-stress ground truth
2025-01-31 04:30:00,4.5,Vegetative,20.87,85.12,0.0,22.05,No Significant Environmental Stress,12.0,Low,No Significant Environmental Stress,8.1,Low,Train,Derived prototype label - NOT observed plant-stress ground truth
2025-01-31 05:00:00,5.0,Vegetative,20.79,82.63,0.0,22.03,No Significant Environmental Stress,8.1,Low,Low Light Stress,83.7,High,Train,Derived prototype label - NOT observed plant-stress ground truth
2025-01-31 05:30:00,5.5,Vegetative,20.74,81.77,0.0,22.02,Low Light Stress,83.7,High,Low Light Stress,56.3,Moderate,Train,Derived prototype label - NOT observed plant-stress ground truth
2025-01-31 06:00:00,6.0,Vegetative,20.73,80.97,0.0,21.99,Low Light Stress,56.3,Moderate,Low Light Stress,31.6,Low,Train,Derived prototype label - NOT observed plant-stress ground truth
2025-01-31 06:30:00,6.5,Vegetative,21.86,78.76,3759.0,22.01,Low Light Stress,31.6,Low,No Significant Environmental Stress,1.1,Low,Train,Derived prototype label - NOT observed plant-stress ground truth
2025-01-31 07:00:00,7.0,Vegetative,22.49,78.62,7374.0,22.05,No Significant Environmental Stress,1.1,Low,No Significant Environmental Stress,0.0,Low,Train,Derived prototype label - NOT observed plant-stress ground truth
2025-01-31 07:30:00,7.5,Vegetative,23.09,76.21,11837.0,22.18,No Significant Environmental Stress,0.0,Low,No Significant Environmental Stress,0.0,Low,Train,Derived prototype label - NOT observed plant-stress ground truth
2025-01-31 08:00:00,8.0,Vegetative,23.66,73.95,13951.0,22.16,No Significant Environmental Stress,0.0,Low,No Significant Environmental Stress,0.0,Low,Train,Derived prototype label - NOT observed plant-stress ground truth
2025-01-31 08:30:00,8.5,Vegetative,24.19,72.73,16311.0,22.29,No Significant Environmental Stress,0.0,Low,No Significant Environmental Stress,0.0,Low,Train,Derived prototype label - NOT observed plant-stress ground truth
2025-01-31 09:00:00,9.0,Vegetative,24.67,76.95,19235.0,22.42,No Significant Environmental Stress,0.0,Low,No Significant Environmental Stress,0.0,Low,Train,Derived prototype label - NOT observed plant-stress ground truth
2025-01-31 09:30:00,9.5,Vegetative,25.09,74.09,22349.0,22.52,No Significant Environmental Stress,0.0,Low,No Significant Environmental Stress,0.0,Low,Train,Derived prototype label - NOT observed plant-stress ground truth
2025-01-31 10:00:00,10.0,Vegetative,25.45,73.19,24602.0,22.7,No Significant Environmental Stress,0.0,Low,No Significant Environmental Stress,0.0,Low,Train,Derived prototype label - NOT observed plant-stress ground truth
2025-01-31 10:30:00,10.5,Vegetative,25.73,71.29,26814.0,22.86,No Significant Environmental Stress,0.0,Low,No Significant Environmental Stress,0.0,Low,Train,Derived prototype label - NOT observed plant-stress ground truth
2025-01-31 11:00:00,11.0,Vegetative,25.94,71.07,29032.0,22.96,No Significant Environmental Stress,0.0,Low,Heat Stress,21.0,Low,Train,Derived prototype label - NOT observed plant-stress ground truth
2025-01-31 11:30:00,11.5,Vegetative,27.6,70.01,28080.0,23.51,Heat Stress,21.0,Low,Heat Stress,50.0,Moderate,Train,Derived prototype label - NOT observed plant-stress ground truth
2025-01-31 12:00:00,12.0,Vegetative,29.79,69.15,31536.0,24.26,Heat Stress,50.0,Moderate,No Significant Environmental Stress,12.9,Low,Train,Derived prototype label - NOT observed plant-stress ground truth
2025-01-31 12:30:00,12.5,Vegetative,32.27,64.96,29807.0,24.92,No Significant Environmental Stress,12.9,Low,No Significant Environmental Stress,0.0,Low,Train,Derived prototype label - NOT observed plant-stress ground truth
2025-01-31 13:00:00,13.0,Vegetative,29.1,67.21,27763.0,24.39,No Significant Environmental Stress,0.0,Low,No Significant Environmental Stress,0.0,Low,Train,Derived prototype label - NOT observed plant-stress ground truth
2025-01-31 13:30:00,13.5,Vegetative,26.45,71.65,22279.0,23.93,No Significant Environmental Stress,0.0,Low,No Significant Environmental Stress,0.0,Low,Train,Derived prototype label - NOT observed plant-stress ground truth
2025-01-31 14:00:00,14.0,Vegetative,25.45,71.38,21732.0,23.88,No Significant Environmental Stress,0.0,Low,No Significant Environmental Stress,0.0,Low,Train,Derived prototype label - NOT observed plant-stress ground truth
2025-01-31 14:30:00,14.5,Vegetative,25.09,73.23,21650.0,24.0,No Significant Environmental Stress,0.0,Low,No Significant Environmental Stress,0.0,Low,Train,Derived prototype label - NOT observed plant-stress ground truth
2025-01-31 15:00:00,15.0,Vegetative,24.67,75.73,20852.0,24.04,No Significant Environmental Stress,0.0,Low,No Significant Environmental Stress,0.0,Low,Train,Derived prototype label - NOT observed plant-stress ground truth
2025-01-31 15:30:00,15.5,Vegetative,24.19,73.49,17464.0,24.03,No Significant Environmental Stress,0.0,Low,No Significant Environmental Stress,6.9,Low,Train,Derived prototype label - NOT observed plant-stress ground truth
2025-01-31 16:00:00,16.0,Vegetative,23.66,78.78,13067.0,24.09,No Significant Environmental Stress,6.9,Low,Low Light Stress,30.5,Low,Train,Derived prototype label - NOT observed plant-stress ground truth
2025-01-31 16:30:00,16.5,Vegetative,23.09,77.59,10985.0,24.03,Low Light Stress,30.5,Low,Low Light Stress,58.0,Moderate,Train,Derived prototype label - NOT observed plant-stress ground truth
2025-01-31 17:00:00,17.0,Vegetative,22.49,81.53,7930.0,23.93,Low Light Stress,58.0,Moderate,No Significant Environmental Stress,0.0,Low,Train,Derived prototype label - NOT observed plant-stress ground truth
2025-01-31 17:30:00,17.5,Vegetative,21.86,81.35,3863.0,23.8,No Significant Environmental Stress,0.0,Low,No Significant Environmental Stress,0.0,Low,Train,Derived prototype label - NOT observed plant-stress ground truth
2025-01-31 18:00:00,18.0,Vegetative,20.73,78.59,0.0,23.66,No Significant Environmental Stress,0.0,Low,No Significant Environmental Stress,9.2,Low,Train,Derived prototype label - NOT observed plant-stress ground truth
2025-01-31 18:30:00,18.5,Vegetative,20.74,79.99,0.0,23.47,No Significant Environmental Stress,9.2,Low,No Significant Environmental Stress,7.4,Low,Train,Derived prototype label - NOT observed plant-stress ground truth
2025-01-31 19:00:00,19.0,Vegetative,20.79,82.01,0.0,23.29,No Significant Environmental Stress,7.4,Low,No Significant Environmental Stress,9.9,Low,Train,Derived prototype label - NOT observed plant-stress ground truth
2025-01-31 19:30:00,19.5,Vegetative,20.87,81.62,0.0,23.16,No Significant Environmental Stress,9.9,Low,No Significant Environmental Stress,2.9,Low,Train,Derived prototype label - NOT observed plant-stress ground truth
2025-01-31 20:00:00,20.0,Vegetative,20.98,82.17,0.0,22.99,No Significant Environmental Stress,2.9,Low,No Significant Environmental Stress,4.3,Low,Train,Derived prototype label - NOT observed plant-stress ground truth
2025-01-31 20:30:00,20.5,Vegetative,21.1,80.64,0.0,22.91,No Significant Environmental Stress,4.3,Low,No Significant Environmental Stress,0.0,Low,Train,Derived prototype label - NOT observed plant-stress ground truth
2025-01-31 21:00:00,21.0,Vegetative,21.23,80.94,0.0,22.83,No Significant Environmental Stress,0.0,Low,No Significant Environmental Stress,5.0,Low,Train,Derived prototype label - NOT observed plant-stress ground truth
2025-01-31 21:30:00,21.5,Vegetative,21.36,78.96,0.0,22.77,No Significant Environmental Stress,5.0,Low,No Significant Environmental Stress,4.2,Low,Train,Derived prototype label - NOT observed plant-stress ground truth
2025-01-31 22:00:00,22.0,Vegetative,21.48,81.1,0.0,22.67,No Significant Environmental Stress,4.2,Low,No Significant Environmental Stress,0.0,Low,Train,Derived prototype label - NOT observed plant-stress ground truth
2025-01-31 22:30:00,22.5,Vegetative,21.58,80.92,0.0,22.67,No Significant Environmental Stress,0.0,Low,No Significant Environmental Stress,7.5,Low,Train,Derived prototype label - NOT observed plant-stress ground truth
2025-01-31 23:00:00,23.0,Vegetative,21.66,79.79,0.0,22.62,No Significant Environmental Stress,7.5,Low,No Significant Environmental Stress,0.0,Low,Train,Derived prototype label - NOT observed plant-stress ground truth
2025-01-31 23:30:00,23.5,Vegetative,21.71,81.64,0.0,22.6,No Significant Environmental Stress,0.0,Low,No Significant Environmental Stress,3.6,Low,Train,Derived prototype label - NOT observed plant-stress ground truth
2025-02-01 00:00:00,0.0,Vegetative,19.89,75.21,0.0,22.42,No Significant Environmental Stress,3.6,Low,No Significant Environmental Stress,0.0,Low,Train,Derived prototype label - NOT observed plant-stress ground truth
2025-02-01 00:30:00,0.5,Vegetative,19.87,80.8,0.0,22.28,No Significant Environmental Stress,0.0,Low,No Significant Environmental Stress,0.0,Low,Train,Derived prototype label - NOT observed plant-stress ground truth
2025-02-01 01:00:00,1.0,Vegetative,19.82,76.45,0.0,22.24,No Significant Environmental Stress,0.0,Low,No Significant Environmental Stress,0.0,Low,Train,Derived prototype label - NOT observed plant-stress ground truth
2025-02-01 01:30:00,1.5,Vegetative,19.74,79.82,0.0,22.12,No Significant Environmental Stress,0.0,Low,No Significant Environmental Stress,0.0,Low,Train,Derived prototype label - NOT observed plant-stress ground truth
2025-02-01 02:00:00,2.0,Vegetative,19.64,78.11,0.0,22.01,No Significant Environmental Stress,0.0,Low,No Significant Environmental Stress,0.0,Low,Train,Derived prototype label - NOT observed plant-stress ground truth
2025-02-01 02:30:00,2.5,Vegetative,19.52,73.98,0.0,21.88,No Significant Environmental Stress,0.0,Low,No Significant Environmental Stress,0.0,Low,Train,Derived prototype label - NOT observed plant-stress ground truth
2025-02-01 03:00:00,3.0,Vegetative,19.39,77.85,0.0,21.79,No Significant Environmental Stress,0.0,Low,No Significant Environmental Stress,0.0,Low,Train,Derived prototype label - NOT observed plant-stress ground truth
2025-02-01 03:30:00,3.5,Vegetative,19.26,79.53,0.0,21.72,No Significant Environmental Stress,0.0,Low,No Significant Environmental Stress,0.0,Low,Train,Derived prototype label - NOT observed plant-stress ground truth
2025-02-01 04:00:00,4.0,Vegetative,19.14,77.93,0.0,21.62,No Significant Environmental Stress,0.0,Low,No Significant Environmental Stress,0.0,Low,Train,Derived prototype label - NOT observed plant-stress ground truth
2025-02-01 04:30:00,4.5,Vegetative,19.03,76.9,0.0,21.55,No Significant Environmental Stress,0.0,Low,No Significant Environmental Stress,2.3,Low,Train,Derived prototype label - NOT observed plant-stress ground truth
2025-02-01 05:00:00,5.0,Vegetative,18.95,77.11,0.0,21.52,No Significant Environmental Stress,2.3,Low,Low Light Stress,91.6,High,Train,Derived prototype label - NOT observed plant-stress ground truth
2025-02-01 05:30:00,5.5,Vegetative,18.9,80.5,0.0,21.41,Low Light Stress,91.6,High,Low Light Stress,58.7,Moderate,Train,Derived prototype label - NOT observed plant-stress ground truth
2025-02-01 06:00:00,6.0,Vegetative,18.89,80.23,0.0,21.42,Low Light Stress,58.7,Moderate,Low Light Stress,20.6,Low,Train,Derived prototype label - NOT observed plant-stress ground truth
2025-02-01 06:30:00,6.5,Vegetative,20.51,82.18,3973.0,21.44,Low Light Stress,20.6,Low,No Significant Environmental Stress,0.0,Low,Train,Derived prototype label - NOT observed plant-stress ground truth
2025-02-01 07:00:00,7.0,Vegetative,21.62,78.9,8981.0,21.49,No Significant Environmental Stress,0.0,Low,No Significant Environmental Stress,0.0,Low,Train,Derived prototype label - NOT observed plant-stress ground truth
2025-02-01 07:30:00,7.5,Vegetative,22.69,73.69,14712.0,21.55,No Significant Environmental Stress,0.0,Low,No Significant Environmental Stress,0.0,Low,Train,Derived prototype label - NOT observed plant-stress ground truth
2025-02-01 08:00:00,8.0,Vegetative,23.7,72.0,17842.0,21.72,No Significant Environmental Stress,0.0,Low,No Significant Environmental Stress,0.0,Low,Train,Derived prototype label - NOT observed plant-stress ground truth
2025-02-01 08:30:00,8.5,Vegetative,24.64,71.96,20102.0,21.88,No Significant Environmental Stress,0.0,Low,No Significant Environmental Stress,0.0,Low,Train,Derived prototype label - NOT observed plant-stress ground truth
2025-02-01 09:00:00,9.0,Vegetative,25.48,69.42,25542.0,22.06,No Significant Environmental Stress,0.0,Low,No Significant Environmental Stress,0.0,Low,Train,Derived prototype label - NOT observed plant-stress ground truth
2025-02-01 09:30:00,9.5,Vegetative,26.23,71.5,31299.0,22.29,No Significant Environmental Stress,0.0,Low,No Significant Environmental Stress,0.0,Low,Train,Derived prototype label - NOT observed plant-stress ground truth
2025-02-01 10:00:00,10.0,Vegetative,26.85,69.18,30311.0,22.54,No Significant Environmental Stress,0.0,Low,No Significant Environmental Stress,0.0,Low,Train,Derived prototype label - NOT observed plant-stress ground truth
2025-02-01 10:30:00,10.5,Vegetative,27.35,71.27,29585.0,22.78,No Significant Environmental Stress,0.0,Low,No Significant Environmental Stress,0.0,Low,Train,Derived prototype label - NOT observed plant-stress ground truth
2025-02-01 11:00:00,11.0,Vegetative,27.72,65.14,35921.0,23.11,No Significant Environmental Stress,0.0,Low,No Significant Environmental Stress,8.9,Low,Train,Derived prototype label - NOT observed plant-stress ground truth
2025-02-01 11:30:00,11.5,Vegetative,27.94,63.61,37530.0,23.33,No Significant Environmental Stress,8.9,Low,Low Humidity Stress,30.4,Low,Train,Derived prototype label - NOT observed plant-stress ground truth
2025-02-01 12:00:00,12.0,Vegetative,28.01,57.31,31980.0,23.57,Low Humidity Stress,30.4,Low,Low Humidity Stress,42.1,Moderate,Train,Derived prototype label - NOT observed plant-stress ground truth
2025-02-01 12:30:00,12.5,Vegetative,27.94,50.73,32461.0,23.8,Low Humidity Stress,42.1,Moderate,Low Humidity Stress,35.9,Moderate,Train,Derived prototype label - NOT observed plant-stress ground truth
2025-02-01 13:00:00,13.0,Vegetative,27.72,47.17,36828.0,24.04,Low Humidity Stress,35.9,Moderate,No Significant Environmental Stress,1.4,Low,Train,Derived prototype label - NOT observed plant-stress ground truth
2025-02-01 13:30:00,13.5,Vegetative,27.35,49.06,33091.0,24.14,No Significant Environmental Stress,1.4,Low,No Significant Environmental Stress,0.0,Low,Train,Derived prototype label - NOT observed plant-stress ground truth
2025-02-01 14:00:00,14.0,Vegetative,26.85,59.56,34782.0,24.24,No Significant Environmental Stress,0.0,Low,No Significant Environmental Stress,0.0,Low,Train,Derived prototype label - NOT observed plant-stress ground truth
2025-02-01 14:30:00,14.5,Vegetative,26.23,64.25,28637.0,24.27,No Significant Environmental Stress,0.0,Low,No Significant Environmental Stress,0.0,Low,Train,Derived prototype label - NOT observed plant-stress ground truth
2025-02-01 15:00:00,15.0,Vegetative,25.48,67.58,26221.0,24.29,No Significant Environmental Stress,0.0,Low,No Significant Environmental Stress,0.0,Low,Train,Derived prototype label - NOT observed plant-stress ground truth
2025-02-01 15:30:00,15.5,Vegetative,24.64,73.37,18718.0,24.27,No Significant Environmental Stress,0.0,Low,No Significant Environmental Stress,0.0,Low,Train,Derived prototype label - NOT observed plant-stress ground truth
2025-02-01 16:00:00,16.0,Vegetative,23.7,71.77,16174.0,24.25,No Significant Environmental Stress,0.0,Low,Low Light Stress,19.8,Low,Train,Derived prototype label - NOT observed plant-stress ground truth
2025-02-01 16:30:00,16.5,Vegetative,22.69,75.82,14112.0,24.18,Low Light Stress,19.8,Low,Low Light Stress,49.4,Moderate,Train,Derived prototype label - NOT observed plant-stress ground truth
2025-02-01 17:00:00,17.0,Vegetative,21.62,76.3,9104.0,23.94,Low Light Stress,49.4,Moderate,No Significant Environmental Stress,0.0,Low,Train,Derived prototype label - NOT observed plant-stress ground truth
2025-02-01 17:30:00,17.5,Vegetative,20.51,75.11,5102.0,23.75,No Significant Environmental Stress,0.0,Low,No Significant Environmental Stress,0.0,Low,Train,Derived prototype label - NOT observed plant-stress ground truth
2025-02-01 18:00:00,18.0,Vegetative,18.89,76.65,0.0,23.52,No Significant Environmental Stress,0.0,Low,No Significant Environmental Stress,0.0,Low,Train,Derived prototype label - NOT observed plant-stress ground truth
2025-02-01 18:30:00,18.5,Vegetative,18.9,78.9,0.0,23.23,No Significant Environmental Stress,0.0,Low,No Significant Environmental Stress,0.0,Low,Train,Derived prototype label - NOT observed plant-stress ground truth
2025-02-01 19:00:00,19.0,Vegetative,18.95,74.76,0.0,23.03,No Significant Environmental Stress,0.0,Low,No Significant Environmental Stress,0.0,Low,Train,Derived prototype label - NOT observed plant-stress ground truth
2025-02-01 19:30:00,19.5,Vegetative,19.03,79.7,0.0,22.8,No Significant Environmental Stress,0.0,Low,No Significant Environmental Stress,0.0,Low,Train,Derived prototype label - NOT observed plant-stress ground truth
2025-02-01 20:00:00,20.0,Vegetative,19.14,78.68,0.0,22.61,No Significant Environmental Stress,0.0,Low,No Significant Environmental Stress,0.0,Low,Train,Derived prototype label - NOT observed plant-stress ground truth
2025-02-01 20:30:00,20.5,Vegetative,19.26,76.86,0.0,22.45,No Significant Environmental Stress,0.0,Low,No Significant Environmental Stress,7.1,Low,Train,Derived prototype label - NOT observed plant-stress ground truth
2025-02-01 21:00:00,21.0,Vegetative,19.39,79.69,0.0,22.27,No Significant Environmental Stress,7.1,Low,No Significant Environmental Stress,0.0,Low,Train,Derived prototype label - NOT observed plant-stress ground truth
2025-02-01 21:30:00,21.5,Vegetative,19.52,81.55,0.0,22.18,No Significant Environmental Stress,0.0,Low,No Significant Environmental Stress,0.0,Low,Train,Derived prototype label - NOT observed plant-stress ground truth
2025-02-01 22:00:00,22.0,Vegetative,19.64,78.14,0.0,22.1,No Significant Environmental Stress,0.0,Low,No Significant Environmental Stress,0.0,Low,Train,Derived prototype label - NOT observed plant-stress ground truth
2025-02-01 22:30:00,22.5,Vegetative,19.74,79.73,0.0,21.98,No Significant Environmental Stress,0.0,Low,No Significant Environmental Stress,0.0,Low,Train,Derived prototype label - NOT observed plant-stress ground truth
2025-02-01 23:00:00,23.0,Vegetative,19.82,75.47,0.0,21.94,No Significant Environmental Stress,0.0,Low,No Significant Environmental Stress,0.0,Low,Train,Derived prototype label - NOT observed plant-stress ground truth
2025-02-01 23:30:00,23.5,Vegetative,19.87,77.13,0.0,21.89,No Significant Environmental Stress,0.0,Low,No Significant Environmental Stress,0.0,Low,Train,Derived prototype label - NOT observed plant-stress ground truth
2025-02-02 00:00:00,0.0,Vegetative,19.85,77.99,0.0,21.8,No Significant Environmental Stress,0.0,Low,No Significant Environmental Stress,0.0,Low,Train,Derived prototype label - NOT observed plant-stress ground truth
2025-02-02 00:30:00,0.5,Vegetative,19.83,77.66,0.0,21.67,No Significant Environmental Stress,0.0,Low,No Significant Environmental Stress,0.0,Low,Train,Derived prototype label - NOT observed plant-stress ground truth
2025-02-02 01:00:00,1.0,Vegetative,19.78,76.71,0.0,21.63,No Significant Environmental Stress,0.0,Low,No Significant Environmental Stress,0.0,Low,Train,Derived prototype label - NOT observed plant-stress ground truth
2025-02-02 01:30:00,1.5,Vegetative,19.7,79.66,0.0,21.68,No Significant Environmental Stress,0.0,Low,No Significant Environmental Stress,0.0,Low,Train,Derived prototype label - NOT observed plant-stress ground truth
2025-02-02 02:00:00,2.0,Vegetative,19.6,77.61,0.0,21.69,No Significant Environmental Stress,0.0,Low,No Significant Environmental Stress,3.6,Low,Train,Derived prototype label - NOT observed plant-stress ground truth
2025-02-02 02:30:00,2.5,Vegetative,19.47,77.57,0.0,21.64,No Significant Environmental Stress,3.6,Low,No Significant Environmental Stress,0.0,Low,Train,Derived prototype label - NOT observed plant-stress ground truth
2025-02-02 03:00:00,3.0,Vegetative,19.35,80.8,0.0,21.53,No Significant Environmental Stress,0.0,Low,No Significant Environmental Stress,0.0,Low,Train,Derived prototype label - NOT observed plant-stress ground truth
2025-02-02 03:30:00,3.5,Vegetative,19.22,78.49,0.0,21.53,No Significant Environmental Stress,0.0,Low,No Significant Environmental Stress,0.0,Low,Train,Derived prototype label - NOT observed plant-stress ground truth
2025-02-02 04:00:00,4.0,Vegetative,19.1,77.8,0.0,21.44,No Significant Environmental Stress,0.0,Low,No Significant Environmental Stress,0.0,Low,Train,Derived prototype label - NOT observed plant-stress ground truth
2025-02-02 04:30:00,4.5,Vegetative,18.99,76.21,0.0,21.41,No Significant Environmental Stress,0.0,Low,No Significant Environmental Stress,0.0,Low,Train,Derived prototype label - NOT observed plant-stress ground truth
2025-02-02 05:00:00,5.0,Vegetative,18.91,78.58,0.0,21.3,No Significant Environmental Stress,0.0,Low,Low Light Stress,91.8,High,Train,Derived prototype label - NOT observed plant-stress ground truth
2025-02-02 05:30:00,5.5,Vegetative,18.86,77.93,0.0,21.24,Low Light Stress,91.8,High,Low Light Stress,39.5,Moderate,Train,Derived prototype label - NOT observed plant-stress ground truth
2025-02-02 06:00:00,6.0,Vegetative,18.85,80.45,0.0,21.17,Low Light Stress,39.5,Moderate,No Significant Environmental Stress,0.0,Low,Train,Derived prototype label - NOT observed plant-stress ground truth
2025-02-02 06:30:00,6.5,Vegetative,20.52,79.49,6546.0,21.21,No Significant Environmental Stress,0.0,Low,No Significant Environmental Stress,0.0,Low,Train,Derived prototype label - NOT observed plant-stress ground truth
2025-02-02 07:00:00,7.0,Vegetative,21.67,74.83,12238.0,21.32,No Significant Environmental Stress,0.0,Low,No Significant Environmental Stress,0.0,Low,Train,Derived prototype label - NOT observed plant-stress ground truth
2025-02-02 07:30:00,7.5,Vegetative,22.78,74.73,18990.0,21.44,No Significant Environmental Stress,0.0,Low,No Significant Environmental Stress,0.0,Low,Train,Derived prototype label - NOT observed plant-stress ground truth
2025-02-02 08:00:00,8.0,Vegetative,23.84,72.9,21849.0,21.54,No Significant Environmental Stress,0.0,Low,No Significant Environmental Stress,0.0,Low,Train,Derived prototype label - NOT observed plant-stress ground truth
2025-02-02 08:30:00,8.5,Vegetative,24.82,71.25,26765.0,21.74,No Significant Environmental Stress,0.0,Low,No Significant Environmental Stress,0.0,Low,Train,Derived prototype label - NOT observed plant-stress ground truth
2025-02-02 09:00:00,9.0,Vegetative,25.7,69.58,29769.0,21.96,No Significant Environmental Stress,0.0,Low,No Significant Environmental Stress,0.0,Low,Train,Derived prototype label - NOT observed plant-stress ground truth
2025-02-02 09:30:00,9.5,Vegetative,26.48,69.81,35754.0,22.22,No Significant Environmental Stress,0.0,Low,No Significant Environmental Stress,0.0,Low,Train,Derived prototype label - NOT observed plant-stress ground truth
2025-02-02 10:00:00,10.0,Vegetative,27.13,71.63,41920.0,22.45,No Significant Environmental Stress,0.0,Low,No Significant Environmental Stress,0.4,Low,Train,Derived prototype label - NOT observed plant-stress ground truth
2025-02-02 10:30:00,10.5,Vegetative,27.65,66.87,44861.0,22.73,No Significant Environmental Stress,0.4,Low,No Significant Environmental Stress,6.6,Low,Train,Derived prototype label - NOT observed plant-stress ground truth
2025-02-02 11:00:00,11.0,Vegetative,28.03,66.01,44477.0,23.05,No Significant Environmental Stress,6.6,Low,No Significant Environmental Stress,4.5,Low,Train,Derived prototype label - NOT observed plant-stress ground truth
2025-02-02 11:30:00,11.5,Vegetative,28.26,67.83,46664.0,23.34,No Significant Environmental Stress,4.5,Low,No Significant Environmental Stress,3.0,Low,Train,Derived prototype label - NOT observed plant-stress ground truth
2025-02-02 12:00:00,12.0,Vegetative,28.33,66.02,45475.0,23.65,No Significant Environmental Stress,3.0,Low,No Significant Environmental Stress,0.4,Low,Train,Derived prototype label - NOT observed plant-stress ground truth
2025-02-02 12:30:00,12.5,Vegetative,28.26,64.51,38889.0,23.86,No Significant Environmental Stress,0.4,Low,High Light Stress,14.0,Low,Train,Derived prototype label - NOT observed plant-stress ground truth
2025-02-02 13:00:00,13.0,Vegetative,28.03,68.98,42995.0,24.09,High Light Stress,14.0,Low,No Significant Environmental Stress,0.0,Low,Train,Derived prototype label - NOT observed plant-stress ground truth
2025-02-02 13:30:00,13.5,Vegetative,27.65,68.24,49268.0,24.25,No Significant Environmental Stress,0.0,Low,No Significant Environmental Stress,0.0,Low,Train,Derived prototype label - NOT observed plant-stress ground truth
2025-02-02 14:00:00,14.0,Vegetative,27.13,67.14,39701.0,24.36,No Significant Environmental Stress,0.0,Low,No Significant Environmental Stress,0.0,Low,Train,Derived prototype label - NOT observed plant-stress ground truth
2025-02-02 14:30:00,14.5,Vegetative,26.48,67.42,36016.0,24.36,No Significant Environmental Stress,0.0,Low,No Significant Environmental Stress,0.0,Low,Train,Derived prototype label - NOT observed plant-stress ground truth
2025-02-02 15:00:00,15.0,Vegetative,25.7,71.09,30890.0,24.4,No Significant Environmental Stress,0.0,Low,No Significant Environmental Stress,0.0,Low,Train,Derived prototype label - NOT observed plant-stress ground truth
2025-02-02 15:30:00,15.5,Vegetative,24.82,74.74,27768.0,24.42,No Significant Environmental Stress,0.0,Low,No Significant Environmental Stress,0.0,Low,Train,Derived prototype label - NOT observed plant-stress ground truth
2025-02-02 16:00:00,16.0,Vegetative,23.84,74.41,21614.0,24.32,No Significant Environmental Stress,0.0,Low,No Significant Environmental Stress,6.9,Low,Train,Derived prototype label - NOT observed plant-stress ground truth
2025-02-02 16:30:00,16.5,Vegetative,22.78,73.93,14994.0,24.19,No Significant Environmental Stress,6.9,Low,Low Light Stress,46.4,Moderate,Train,Derived prototype label - NOT observed plant-stress ground truth
2025-02-02 17:00:00,17.0,Vegetative,21.67,76.66,10988.0,24.01,Low Light Stress,46.4,Moderate,No Significant Environmental Stress,0.0,Low,Train,Derived prototype label - NOT observed plant-stress ground truth
2025-02-02 17:30:00,17.5,Vegetative,20.52,82.53,5875.0,23.77,No Significant Environmental Stress,0.0,Low,No Significant Environmental Stress,0.0,Low,Train,Derived prototype label - NOT observed plant-stress ground truth
2025-02-02 18:00:00,18.0,Vegetative,18.85,76.53,0.0,23.58,No Significant Environmental Stress,0.0,Low,No Significant Environmental Stress,0.0,Low,Train,Derived prototype label - NOT observed plant-stress ground truth
2025-02-02 18:30:00,18.5,Vegetative,18.86,79.58,0.0,23.42,No Significant Environmental Stress,0.0,Low,No Significant Environmental Stress,0.0,Low,Train,Derived prototype label - NOT observed plant-stress ground truth
2025-02-02 19:00:00,19.0,Vegetative,18.91,77.07,0.0,23.15,No Significant Environmental Stress,0.0,Low,No Significant Environmental Stress,0.0,Low,Train,Derived prototype label - NOT observed plant-stress ground truth
2025-02-02 19:30:00,19.5,Vegetative,18.99,79.53,0.0,22.94,No Significant Environmental Stress,0.0,Low,No Significant Environmental Stress,0.0,Low,Train,Derived prototype label - NOT observed plant-stress ground truth
2025-02-02 20:00:00,20.0,Vegetative,19.1,77.38,0.0,22.76,No Significant Environmental Stress,0.0,Low,No Significant Environmental Stress,9.8,Low,Train,Derived prototype label - NOT observed plant-stress ground truth
2025-02-02 20:30:00,20.5,Vegetative,19.22,77.62,0.0,22.53,No Significant Environmental Stress,9.8,Low,No Significant Environmental Stress,0.0,Low,Train,Derived prototype label - NOT observed plant-stress ground truth
2025-02-02 21:00:00,21.0,Vegetative,19.35,82.16,0.0,22.41,No Significant Environmental Stress,0.0,Low,No Significant Environmental Stress,0.0,Low,Train,Derived prototype label - NOT observed plant-stress ground truth
2025-02-02 21:30:00,21.5,Vegetative,19.47,78.74,0.0,22.26,No Significant Environmental Stress,0.0,Low,No Significant Environmental Stress,0.0,Low,Train,Derived prototype label - NOT observed plant-stress ground truth
2025-02-02 22:00:00,22.0,Vegetative,19.6,76.88,0.0,22.18,No Significant Environmental Stress,0.0,Low,No Significant Environmental Stress,0.0,Low,Train,Derived prototype label - NOT observed plant-stress ground truth
2025-02-02 22:30:00,22.5,Vegetative,19.7,78.54,0.0,22.09,No Significant Environmental Stress,0.0,Low,No Significant Environmental Stress,0.0,Low,Train,Derived prototype label - NOT observed plant-stress ground truth
2025-02-02 23:00:00,23.0,Vegetative,19.78,79.06,0.0,22.01,No Significant Environmental Stress,0.0,Low,No Significant Environmental Stress,0.0,Low,Train,Derived prototype label - NOT observed plant-stress ground truth
2025-02-02 23:30:00,23.5,Vegetative,19.83,76.61,0.0,21.96,No Significant Environmental Stress,0.0,Low,No Significant Environmental Stress,0.0,Low,Train,Derived prototype label - NOT observed plant-stress ground truth
2025-02-03 00:00:00,0.0,Vegetative,21.11,77.87,0.0,21.96,No Significant Environmental Stress,0.0,Low,No Significant Environmental Stress,0.0,Low,Train,Derived prototype label - NOT observed plant-stress ground truth
2025-02-03 00:30:00,0.5,Vegetative,21.09,76.85,0.0,21.92,No Significant Environmental Stress,0.0,Low,No Significant Environmental Stress,0.0,Low,Train,Derived prototype label - NOT observed plant-stress ground truth
2025-02-03 01:00:00,1.0,Vegetative,21.04,79.89,0.0,21.9,No Significant Environmental Stress,0.0,Low,No Significant Environmental Stress,0.0,Low,Train,Derived prototype label - NOT observed plant-stress ground truth
2025-02-03 01:30:00,1.5,Vegetative,20.96,76.01,0.0,21.91,No Significant Environmental Stress,0.0,Low,No Significant Environmental Stress,0.0,Low,Train,Derived prototype label - NOT observed plant-stress ground truth
2025-02-03 02:00:00,2.0,Vegetative,20.86,77.72,0.0,21.94,No Significant Environmental Stress,0.0,Low,No Significant Environmental Stress,0.0,Low,Train,Derived prototype label - NOT observed plant-stress ground truth
2025-02-03 02:30:00,2.5,Vegetative,20.74,78.63,0.0,21.94,No Significant Environmental Stress,0.0,Low,No Significant Environmental Stress,0.0,Low,Train,Derived prototype label - NOT observed plant-stress ground truth
2025-02-03 03:00:00,3.0,Vegetative,20.61,79.61,0.0,21.92,No Significant Environmental Stress,0.0,Low,No Significant Environmental Stress,0.0,Low,Train,Derived prototype label - NOT observed plant-stress ground truth
2025-02-03 03:30:00,3.5,Vegetative,20.48,79.95,0.0,21.92,No Significant Environmental Stress,0.0,Low,No Significant Environmental Stress,0.0,Low,Train,Derived prototype label - NOT observed plant-stress ground truth
2025-02-03 04:00:00,4.0,Vegetative,20.36,75.13,0.0,21.86,No Significant Environmental Stress,0.0,Low,No Significant Environmental Stress,0.0,Low,Train,Derived prototype label - NOT observed plant-stress ground truth
2025-02-03 04:30:00,4.5,Vegetative,20.25,79.04,0.0,21.8,No Significant Environmental Stress,0.0,Low,No Significant Environmental Stress,0.0,Low,Train,Derived prototype label - NOT observed plant-stress ground truth
2025-02-03 05:00:00,5.0,Vegetative,20.17,75.63,0.0,21.77,No Significant Environmental Stress,0.0,Low,Low Light Stress,86.1,High,Train,Derived prototype label - NOT observed plant-stress ground truth
2025-02-03 05:30:00,5.5,Vegetative,20.12,78.33,0.0,21.73,Low Light Stress,86.1,High,Low Light Stress,47.5,Moderate,Train,Derived prototype label - NOT observed plant-stress ground truth
2025-02-03 06:00:00,6.0,Vegetative,20.11,79.61,0.0,21.7,Low Light Stress,47.5,Moderate,Low Light Stress,18.0,Low,Train,Derived prototype label - NOT observed plant-stress ground truth
2025-02-03 06:30:00,6.5,Vegetative,21.48,79.59,5045.0,21.67,Low Light Stress,18.0,Low,No Significant Environmental Stress,0.0,Low,Train,Derived prototype label - NOT observed plant-stress ground truth
2025-02-03 07:00:00,7.0,Vegetative,22.34,77.41,9361.0,21.71,No Significant Environmental Stress,0.0,Low,No Significant Environmental Stress,0.0,Low,Train,Derived prototype label - NOT observed plant-stress ground truth
2025-02-03 07:30:00,7.5,Vegetative,23.17,74.08,14073.0,21.75,No Significant Environmental Stress,0.0,Low,No Significant Environmental Stress,0.0,Low,Train,Derived prototype label - NOT observed plant-stress ground truth
2025-02-03 08:00:00,8.0,Vegetative,23.95,79.18,19051.0,21.9,No Significant Environmental Stress,0.0,Low,No Significant Environmental Stress,0.0,Low,Train,Derived prototype label - NOT observed plant-stress ground truth
2025-02-03 08:30:00,8.5,Vegetative,24.68,73.87,22232.0,22.09,No Significant Environmental Stress,0.0,Low,No Significant Environmental Stress,0.0,Low,Train,Derived prototype label - NOT observed plant-stress ground truth
2025-02-03 09:00:00,9.0,Vegetative,25.33,70.36,23704.0,22.24,No Significant Environmental Stress,0.0,Low,No Significant Environmental Stress,0.0,Low,Train,Derived prototype label - NOT observed plant-stress ground truth
2025-02-03 09:30:00,9.5,Vegetative,25.91,72.57,29321.0,22.39,No Significant Environmental Stress,0.0,Low,No Significant Environmental Stress,0.0,Low,Train,Derived prototype label - NOT observed plant-stress ground truth
2025-02-03 10:00:00,10.0,Vegetative,26.4,68.28,30311.0,22.6,No Significant Environmental Stress,0.0,Low,No Significant Environmental Stress,0.0,Low,Train,Derived prototype label - NOT observed plant-stress ground truth
2025-02-03 10:30:00,10.5,Vegetative,26.78,70.81,40312.0,22.87,No Significant Environmental Stress,0.0,Low,No Significant Environmental Stress,0.0,Low,Train,Derived prototype label - NOT observed plant-stress ground truth
2025-02-03 11:00:00,11.0,Vegetative,27.07,65.87,36416.0,23.13,No Significant Environmental Stress,0.0,Low,No Significant Environmental Stress,0.0,Low,Train,Derived prototype label - NOT observed plant-stress ground truth
2025-02-03 11:30:00,11.5,Vegetative,27.24,70.69,40981.0,23.27,No Significant Environmental Stress,0.0,Low,No Significant Environmental Stress,0.0,Low,Train,Derived prototype label - NOT observed plant-stress ground truth
2025-02-03 12:00:00,12.0,Vegetative,27.29,65.81,38724.0,23.46,No Significant Environmental Stress,0.0,Low,No Significant Environmental Stress,0.0,Low,Train,Derived prototype label - NOT observed plant-stress ground truth
2025-02-03 12:30:00,12.5,Vegetative,27.24,67.94,37638.0,23.61,No Significant Environmental Stress,0.0,Low,No Significant Environmental Stress,0.0,Low,Train,Derived prototype label - NOT observed plant-stress ground truth
2025-02-03 13:00:00,13.0,Vegetative,27.07,66.22,37898.0,23.81,No Significant Environmental Stress,0.0,Low,No Significant Environmental Stress,0.0,Low,Train,Derived prototype label - NOT observed plant-stress ground truth
2025-02-03 13:30:00,13.5,Vegetative,26.78,66.64,32245.0,23.92,No Significant Environmental Stress,0.0,Low,No Significant Environmental Stress,0.0,Low,Train,Derived prototype label - NOT observed plant-stress ground truth
2025-02-03 14:00:00,14.0,Vegetative,26.4,71.27,30293.0,24.05,No Significant Environmental Stress,0.0,Low,No Significant Environmental Stress,0.0,Low,Train,Derived prototype label - NOT observed plant-stress ground truth
2025-02-03 14:30:00,14.5,Vegetative,25.91,70.96,33861.0,24.21,No Significant Environmental Stress,0.0,Low,No Significant Environmental Stress,0.0,Low,Train,Derived prototype label - NOT observed plant-stress ground truth
2025-02-03 15:00:00,15.0,Vegetative,25.33,73.44,26759.0,24.21,No Significant Environmental Stress,0.0,Low,No Significant Environmental Stress,0.0,Low,Train,Derived prototype label - NOT observed plant-stress ground truth
2025-02-03 15:30:00,15.5,Vegetative,24.68,74.12,22032.0,24.28,No Significant Environmental Stress,0.0,Low,No Significant Environmental Stress,0.0,Low,Train,Derived prototype label - NOT observed plant-stress ground truth
2025-02-03 16:00:00,16.0,Vegetative,23.95,78.03,19519.0,24.22,No Significant Environmental Stress,0.0,Low,Low Light Stress,16.9,Low,Train,Derived prototype label - NOT observed plant-stress ground truth
2025-02-03 16:30:00,16.5,Vegetative,23.17,75.13,14591.0,24.14,Low Light Stress,16.9,Low,Low Light Stress,49.6,Moderate,Train,Derived prototype label - NOT observed plant-stress ground truth
2025-02-03 17:00:00,17.0,Vegetative,22.34,76.99,9529.0,24.03,Low Light Stress,49.6,Moderate,No Significant Environmental Stress,0.0,Low,Train,Derived prototype label - NOT observed plant-stress ground truth
2025-02-03 17:30:00,17.5,Vegetative,21.48,77.79,4747.0,23.91,No Significant Environmental Stress,0.0,Low,No Significant Environmental Stress,2.4,Low,Train,Derived prototype label - NOT observed plant-stress ground truth
2025-02-03 18:00:00,18.0,Vegetative,20.11,78.01,0.0,23.71,No Significant Environmental Stress,2.4,Low,No Significant Environmental Stress,0.0,Low,Train,Derived prototype label - NOT observed plant-stress ground truth
2025-02-03 18:30:00,18.5,Vegetative,20.12,80.53,0.0,23.44,No Significant Environmental Stress,0.0,Low,No Significant Environmental Stress,0.0,Low,Train,Derived prototype label - NOT observed plant-stress ground truth
2025-02-03 19:00:00,19.0,Vegetative,20.17,79.03,0.0,23.23,No Significant Environmental Stress,0.0,Low,No Significant Environmental Stress,0.6,Low,Train,Derived prototype label - NOT observed plant-stress ground truth
2025-02-03 19:30:00,19.5,Vegetative,20.25,79.86,0.0,23.09,No Significant Environmental Stress,0.6,Low,No Significant Environmental Stress,2.0,Low,Train,Derived prototype label - NOT observed plant-stress ground truth
2025-02-03 20:00:00,20.0,Vegetative,20.36,80.13,0.0,22.94,No Significant Environmental Stress,2.0,Low,No Significant Environmental Stress,0.0,Low,Train,Derived prototype label - NOT observed plant-stress ground truth
2025-02-03 20:30:00,20.5,Vegetative,20.48,80.44,0.0,22.84,No Significant Environmental Stress,0.0,Low,No Significant Environmental Stress,10.6,Low,Train,Derived prototype label - NOT observed plant-stress ground truth
2025-02-03 21:00:00,21.0,Vegetative,20.61,78.24,0.0,22.68,No Significant Environmental Stress,10.6,Low,No Significant Environmental Stress,4.9,Low,Train,Derived prototype label - NOT observed plant-stress ground truth
2025-02-03 21:30:00,21.5,Vegetative,20.74,82.32,0.0,22.59,No Significant Environmental Stress,4.9,Low,No Significant Environmental Stress,0.0,Low,Train,Derived prototype label - NOT observed plant-stress ground truth
2025-02-03 22:00:00,22.0,Vegetative,20.86,81.08,0.0,22.5,No Significant Environmental Stress,0.0,Low,No Significant Environmental Stress,10.7,Low,Train,Derived prototype label - NOT observed plant-stress ground truth
2025-02-03 22:30:00,22.5,Vegetative,20.96,78.78,0.0,22.34,No Significant Environmental Stress,10.7,Low,No Significant Environmental Stress,0.0,Low,Train,Derived prototype label - NOT observed plant-stress ground truth
2025-02-03 23:00:00,23.0,Vegetative,21.04,82.35,0.0,22.36,No Significant Environmental Stress,0.0,Low,No Significant Environmental Stress,0.0,Low,Train,Derived prototype label - NOT observed plant-stress ground truth
2025-02-03 23:30:00,23.5,Vegetative,21.09,77.53,0.0,22.3,No Significant Environmental Stress,0.0,Low,No Significant Environmental Stress,0.0,Low,Train,Derived prototype label - NOT observed plant-stress ground truth
2025-02-04 00:00:00,0.0,Vegetative,21.98,77.51,0.0,22.22,No Significant Environmental Stress,0.0,Low,No Significant Environmental Stress,0.0,Low,Train,Derived prototype label - NOT observed plant-stress ground truth
2025-02-04 00:30:00,0.5,Vegetative,21.96,77.62,0.0,22.25,No Significant Environmental Stress,0.0,Low,No Significant Environmental Stress,0.0,Low,Train,Derived prototype label - NOT observed plant-stress ground truth
2025-02-04 01:00:00,1.0,Vegetative,21.91,77.69,0.0,22.26,No Significant Environmental Stress,0.0,Low,No Significant Environmental Stress,0.0,Low,Train,Derived prototype label - NOT observed plant-stress ground truth
2025-02-04 01:30:00,1.5,Vegetative,21.83,78.77,0.0,22.23,No Significant Environmental Stress,0.0,Low,No Significant Environmental Stress,0.0,Low,Train,Derived prototype label - NOT observed plant-stress ground truth
2025-02-04 02:00:00,2.0,Vegetative,21.73,78.37,0.0,22.25,No Significant Environmental Stress,0.0,Low,No Significant Environmental Stress,0.0,Low,Train,Derived prototype label - NOT observed plant-stress ground truth
2025-02-04 02:30:00,2.5,Vegetative,21.61,73.37,0.0,22.22,No Significant Environmental Stress,0.0,Low,No Significant Environmental Stress,0.0,Low,Train,Derived prototype label - NOT observed plant-stress ground truth
2025-02-04 03:00:00,3.0,Vegetative,21.48,75.5,0.0,22.18,No Significant Environmental Stress,0.0,Low,No Significant Environmental Stress,0.0,Low,Train,Derived prototype label - NOT observed plant-stress ground truth
2025-02-04 03:30:00,3.5,Vegetative,21.35,75.72,0.0,22.07,No Significant Environmental Stress,0.0,Low,No Significant Environmental Stress,0.0,Low,Train,Derived prototype label - NOT observed plant-stress ground truth
2025-02-04 04:00:00,4.0,Vegetative,21.23,78.49,0.0,22.06,No Significant Environmental Stress,0.0,Low,No Significant Environmental Stress,0.0,Low,Train,Derived prototype label - NOT observed plant-stress ground truth
2025-02-04 04:30:00,4.5,Vegetative,21.12,78.51,0.0,22.1,No Significant Environmental Stress,0.0,Low,No Significant Environmental Stress,0.0,Low,Train,Derived prototype label - NOT observed plant-stress ground truth
2025-02-04 05:00:00,5.0,Vegetative,21.05,75.29,0.0,21.99,No Significant Environmental Stress,0.0,Low,Low Light Stress,82.1,High,Train,Derived prototype label - NOT observed plant-stress ground truth
2025-02-04 05:30:00,5.5,Vegetative,21.0,75.92,0.0,21.99,Low Light Stress,82.1,High,Low Light Stress,42.9,Moderate,Train,Derived prototype label - NOT observed plant-stress ground truth
2025-02-04 06:00:00,6.0,Vegetative,20.98,74.38,0.0,21.97,Low Light Stress,42.9,Moderate,No Significant Environmental Stress,6.0,Low,Train,Derived prototype label - NOT observed plant-stress ground truth
2025-02-04 06:30:00,6.5,Vegetative,22.32,77.29,5727.0,21.98,No Significant Environmental Stress,6.0,Low,No Significant Environmental Stress,0.0,Low,Train,Derived prototype label - NOT observed plant-stress ground truth
2025-02-04 07:00:00,7.0,Vegetative,23.14,74.94,11115.0,22.14,No Significant Environmental Stress,0.0,Low,No Significant Environmental Stress,0.0,Low,Train,Derived prototype label - NOT observed plant-stress ground truth
2025-02-04 07:30:00,7.5,Vegetative,23.94,71.49,15231.0,22.24,No Significant Environmental Stress,0.0,Low,No Significant Environmental Stress,0.0,Low,Train,Derived prototype label - NOT observed plant-stress ground truth
2025-02-04 08:00:00,8.0,Vegetative,24.69,67.98,21453.0,22.35,No Significant Environmental Stress,0.0,Low,No Significant Environmental Stress,0.0,Low,Train,Derived prototype label - NOT observed plant-stress ground truth
2025-02-04 08:30:00,8.5,Vegetative,25.39,66.44,26387.0,22.51,No Significant Environmental Stress,0.0,Low,No Significant Environmental Stress,0.0,Low,Train,Derived prototype label - NOT observed plant-stress ground truth
2025-02-04 09:00:00,9.0,Vegetative,26.03,67.81,28078.0,22.66,No Significant Environmental Stress,0.0,Low,No Significant Environmental Stress,0.0,Low,Train,Derived prototype label - NOT observed plant-stress ground truth
2025-02-04 09:30:00,9.5,Vegetative,26.58,67.25,31188.0,22.81,No Significant Environmental Stress,0.0,Low,No Significant Environmental Stress,0.0,Low,Train,Derived prototype label - NOT observed plant-stress ground truth
2025-02-04 10:00:00,10.0,Vegetative,27.05,67.12,29486.0,22.96,No Significant Environmental Stress,0.0,Low,No Significant Environmental Stress,0.0,Low,Train,Derived prototype label - NOT observed plant-stress ground truth
2025-02-04 10:30:00,10.5,Vegetative,27.42,67.35,36145.0,23.16,No Significant Environmental Stress,0.0,Low,No Significant Environmental Stress,0.0,Low,Train,Derived prototype label - NOT observed plant-stress ground truth
2025-02-04 11:00:00,11.0,Vegetative,27.69,66.67,35282.0,23.43,No Significant Environmental Stress,0.0,Low,No Significant Environmental Stress,0.0,Low,Train,Derived prototype label - NOT observed plant-stress ground truth
2025-02-04 11:30:00,11.5,Vegetative,27.86,64.69,38504.0,23.64,No Significant Environmental Stress,0.0,Low,No Significant Environmental Stress,0.0,Low,Train,Derived prototype label - NOT observed plant-stress ground truth
2025-02-04 12:00:00,12.0,Vegetative,27.91,68.13,43266.0,23.78,No Significant Environmental Stress,0.0,Low,No Significant Environmental Stress,0.0,Low,Train,Derived prototype label - NOT observed plant-stress ground truth
2025-02-04 12:30:00,12.5,Vegetative,27.86,64.69,40426.0,23.98,No Significant Environmental Stress,0.0,Low,No Significant Environmental Stress,0.0,Low,Train,Derived prototype label - NOT observed plant-stress ground truth
2025-02-04 13:00:00,13.0,Vegetative,27.69,65.9,38887.0,24.09,No Significant Environmental Stress,0.0,Low,No Significant Environmental Stress,0.0,Low,Train,Derived prototype label - NOT observed plant-stress ground truth
2025-02-04 13:30:00,13.5,Vegetative,27.42,70.16,39756.0,24.2,No Significant Environmental Stress,0.0,Low,No Significant Environmental Stress,0.0,Low,Train,Derived prototype label - NOT observed plant-stress ground truth
2025-02-04 14:00:00,14.0,Vegetative,27.05,65.96,35368.0,24.28,No Significant Environmental Stress,0.0,Low,No Significant Environmental Stress,0.0,Low,Train,Derived prototype label - NOT observed plant-stress ground truth
2025-02-04 14:30:00,14.5,Vegetative,26.58,68.34,30214.0,24.37,No Significant Environmental Stress,0.0,Low,No Significant Environmental Stress,0.0,Low,Train,Derived prototype label - NOT observed plant-stress ground truth
2025-02-04 15:00:00,15.0,Vegetative,26.03,64.51,26746.0,24.5,No Significant Environmental Stress,0.0,Low,No Significant Environmental Stress,0.0,Low,Train,Derived prototype label - NOT observed plant-stress ground truth
2025-02-04 15:30:00,15.5,Vegetative,25.39,69.23,25405.0,24.55,No Significant Environmental Stress,0.0,Low,No Significant Environmental Stress,0.0,Low,Train,Derived prototype label - NOT observed plant-stress ground truth
2025-02-04 16:00:00,16.0,Vegetative,24.69,74.71,18215.0,24.54,No Significant Environmental Stress,0.0,Low,No Significant Environmental Stress,0.0,Low,Train,Derived prototype label - NOT observed plant-stress ground truth
2025-02-04 16:30:00,16.5,Vegetative,23.94,69.79,15661.0,24.49,No Significant Environmental Stress,0.0,Low,Low Light Stress,47.9,Moderate,Train,Derived prototype label - NOT observed plant-stress ground truth
2025-02-04 17:00:00,17.0,Vegetative,23.14,77.69,12605.0,24.39,Low Light Stress,47.9,Moderate,No Significant Environmental Stress,0.0,Low,Train,Derived prototype label - NOT observed plant-stress ground truth
2025-02-04 17:30:00,17.5,Vegetative,22.32,78.4,4991.0,24.26,No Significant Environmental Stress,0.0,Low,No Significant Environmental Stress,0.0,Low,Train,Derived prototype label - NOT observed plant-stress ground truth
2025-02-04 18:00:00,18.0,Vegetative,20.98,75.77,0.0,24.04,No Significant Environmental Stress,0.0,Low,No Significant Environmental Stress,0.0,Low,Train,Derived prototype label - NOT observed plant-stress ground truth
2025-02-04 18:30:00,18.5,Vegetative,21.0,79.3,0.0,23.85,No Significant Environmental Stress,0.0,Low,No Significant Environmental Stress,0.0,Low,Train,Derived prototype label - NOT observed plant-stress ground truth
2025-02-04 19:00:00,19.0,Vegetative,21.05,76.5,0.0,23.72,No Significant Environmental Stress,0.0,Low,No Significant Environmental Stress,0.0,Low,Train,Derived prototype label - NOT observed plant-stress ground truth
2025-02-04 19:30:00,19.5,Vegetative,21.12,75.27,0.0,23.57,No Significant Environmental Stress,0.0,Low,No Significant Environmental Stress,0.0,Low,Train,Derived prototype label - NOT observed plant-stress ground truth
2025-02-04 20:00:00,20.0,Vegetative,21.23,75.79,0.0,23.32,No Significant Environmental Stress,0.0,Low,No Significant Environmental Stress,0.0,Low,Train,Derived prototype label - NOT observed plant-stress ground truth
2025-02-04 20:30:00,20.5,Vegetative,21.35,73.67,0.0,23.15,No Significant Environmental Stress,0.0,Low,No Significant Environmental Stress,0.0,Low,Train,Derived prototype label - NOT observed plant-stress ground truth
2025-02-04 21:00:00,21.0,Vegetative,21.48,77.46,0.0,23.06,No Significant Environmental Stress,0.0,Low,No Significant Environmental Stress,0.0,Low,Train,Derived prototype label - NOT observed plant-stress ground truth
2025-02-04 21:30:00,21.5,Vegetative,21.61,76.37,0.0,22.98,No Significant Environmental Stress,0.0,Low,No Significant Environmental Stress,0.0,Low,Train,Derived prototype label - NOT observed plant-stress ground truth
2025-02-04 22:00:00,22.0,Vegetative,21.73,77.55,0.0,22.96,No Significant Environmental Stress,0.0,Low,No Significant Environmental Stress,0.0,Low,Train,Derived prototype label - NOT observed plant-stress ground truth
2025-02-04 22:30:00,22.5,Vegetative,21.83,74.15,0.0,22.79,No Significant Environmental Stress,0.0,Low,No Significant Environmental Stress,0.0,Low,Train,Derived prototype label - NOT observed plant-stress ground truth
2025-02-04 23:00:00,23.0,Vegetative,21.91,75.12,0.0,22.68,No Significant Environmental Stress,0.0,Low,No Significant Environmental Stress,0.0,Low,Train,Derived prototype label - NOT observed plant-stress ground truth
2025-02-04 23:30:00,23.5,Vegetative,21.96,74.99,0.0,22.73,No Significant Environmental Stress,0.0,Low,No Significant Environmental Stress,2.3,Low,Train,Derived prototype label - NOT observed plant-stress ground truth
2025-02-05 00:00:00,0.0,Flowering,20.66,74.36,0.0,22.62,No Significant Environmental Stress,2.3,Low,No Significant Environmental Stress,1.1,Low,Train,Derived prototype label - NOT observed plant-stress ground truth
2025-02-05 00:30:00,0.5,Flowering,20.64,75.51,0.0,22.55,No Significant Environmental Stress,1.1,Low,No Significant Environmental Stress,0.0,Low,Train,Derived prototype label - NOT observed plant-stress ground truth
2025-02-05 01:00:00,1.0,Flowering,20.59,75.25,0.0,22.42,No Significant Environmental Stress,0.0,Low,No Significant Environmental Stress,2.2,Low,Train,Derived prototype label - NOT observed plant-stress ground truth
2025-02-05 01:30:00,1.5,Flowering,20.51,72.93,0.0,22.27,No Significant Environmental Stress,2.2,Low,No Significant Environmental Stress,0.0,Low,Train,Derived prototype label - NOT observed plant-stress ground truth
2025-02-05 02:00:00,2.0,Flowering,20.41,75.49,0.0,22.21,No Significant Environmental Stress,0.0,Low,No Significant Environmental Stress,3.7,Low,Train,Derived prototype label - NOT observed plant-stress ground truth
2025-02-05 02:30:00,2.5,Flowering,20.29,74.82,0.0,22.14,No Significant Environmental Stress,3.7,Low,No Significant Environmental Stress,7.2,Low,Train,Derived prototype label - NOT observed plant-stress ground truth
2025-02-05 03:00:00,3.0,Flowering,20.16,75.82,0.0,22.06,No Significant Environmental Stress,7.2,Low,No Significant Environmental Stress,0.6,Low,Train,Derived prototype label - NOT observed plant-stress ground truth
2025-02-05 03:30:00,3.5,Flowering,20.03,76.57,0.0,22.04,No Significant Environmental Stress,0.6,Low,No Significant Environmental Stress,0.0,Low,Train,Derived prototype label - NOT observed plant-stress ground truth
2025-02-05 04:00:00,4.0,Flowering,19.91,75.13,0.0,21.98,No Significant Environmental Stress,0.0,Low,No Significant Environmental Stress,11.3,Low,Train,Derived prototype label - NOT observed plant-stress ground truth
2025-02-05 04:30:00,4.5,Flowering,19.81,74.07,0.0,21.89,No Significant Environmental Stress,11.3,Low,No Significant Environmental Stress,7.6,Low,Train,Derived prototype label - NOT observed plant-stress ground truth
2025-02-05 05:00:00,5.0,Flowering,19.73,77.48,0.0,21.82,No Significant Environmental Stress,7.6,Low,Low Light Stress,88.5,High,Train,Derived prototype label - NOT observed plant-stress ground truth
2025-02-05 05:30:00,5.5,Flowering,19.68,76.67,0.0,21.72,Low Light Stress,88.5,High,Low Light Stress,51.4,Moderate,Train,Derived prototype label - NOT observed plant-stress ground truth
2025-02-05 06:00:00,6.0,Flowering,19.66,78.63,0.0,21.67,Low Light Stress,51.4,Moderate,Low Light Stress,26.5,Low,Train,Derived prototype label - NOT observed plant-stress ground truth
2025-02-05 06:30:00,6.5,Flowering,21.21,75.2,5657.0,21.72,Low Light Stress,26.5,Low,No Significant Environmental Stress,0.0,Low,Train,Derived prototype label - NOT observed plant-stress ground truth
2025-02-05 07:00:00,7.0,Flowering,22.24,71.74,10149.0,21.79,No Significant Environmental Stress,0.0,Low,No Significant Environmental Stress,0.0,Low,Train,Derived prototype label - NOT observed plant-stress ground truth
2025-02-05 07:30:00,7.5,Flowering,23.24,70.41,18179.0,21.92,No Significant Environmental Stress,0.0,Low,No Significant Environmental Stress,0.0,Low,Train,Derived prototype label - NOT observed plant-stress ground truth
2025-02-05 08:00:00,8.0,Flowering,24.19,67.51,20683.0,22.01,No Significant Environmental Stress,0.0,Low,No Significant Environmental Stress,0.0,Low,Train,Derived prototype label - NOT observed plant-stress ground truth
2025-02-05 08:30:00,8.5,Flowering,25.06,69.0,31571.0,22.14,No Significant Environmental Stress,0.0,Low,No Significant Environmental Stress,0.0,Low,Train,Derived prototype label - NOT observed plant-stress ground truth
2025-02-05 09:00:00,9.0,Flowering,25.85,68.3,33761.0,22.23,No Significant Environmental Stress,0.0,Low,No Significant Environmental Stress,1.5,Low,Train,Derived prototype label - NOT observed plant-stress ground truth
2025-02-05 09:30:00,9.5,Flowering,26.55,68.06,33345.0,22.43,No Significant Environmental Stress,1.5,Low,No Significant Environmental Stress,7.0,Low,Train,Derived prototype label - NOT observed plant-stress ground truth
2025-02-05 10:00:00,10.0,Flowering,27.13,67.14,41571.0,22.74,No Significant Environmental Stress,7.0,Low,No Significant Environmental Stress,13.9,Low,Train,Derived prototype label - NOT observed plant-stress ground truth
2025-02-05 10:30:00,10.5,Flowering,27.6,61.97,40366.0,22.99,No Significant Environmental Stress,13.9,Low,Heat Stress,13.4,Low,Train,Derived prototype label - NOT observed plant-stress ground truth
2025-02-05 11:00:00,11.0,Flowering,27.94,63.07,52295.0,23.25,Heat Stress,13.4,Low,Heat Stress,14.2,Low,Train,Derived prototype label - NOT observed plant-stress ground truth
2025-02-05 11:30:00,11.5,Flowering,28.14,64.17,43188.0,23.51,Heat Stress,14.2,Low,Heat Stress,13.4,Low,Train,Derived prototype label - NOT observed plant-stress ground truth
2025-02-05 12:00:00,12.0,Flowering,28.21,60.75,38496.0,23.76,Heat Stress,13.4,Low,No Significant Environmental Stress,11.0,Low,Train,Derived prototype label - NOT observed plant-stress ground truth
2025-02-05 12:30:00,12.5,Flowering,28.14,63.49,46807.0,23.94,No Significant Environmental Stress,11.0,Low,No Significant Environmental Stress,7.0,Low,Train,Derived prototype label - NOT observed plant-stress ground truth
2025-02-05 13:00:00,13.0,Flowering,27.94,65.58,43289.0,24.12,No Significant Environmental Stress,7.0,Low,No Significant Environmental Stress,1.5,Low,Train,Derived prototype label - NOT observed plant-stress ground truth
2025-02-05 13:30:00,13.5,Flowering,27.6,66.77,41855.0,24.31,No Significant Environmental Stress,1.5,Low,No Significant Environmental Stress,0.0,Low,Train,Derived prototype label - NOT observed plant-stress ground truth
2025-02-05 14:00:00,14.0,Flowering,27.13,67.09,37484.0,24.41,No Significant Environmental Stress,0.0,Low,No Significant Environmental Stress,0.0,Low,Train,Derived prototype label - NOT observed plant-stress ground truth
2025-02-05 14:30:00,14.5,Flowering,26.55,65.04,39129.0,24.49,No Significant Environmental Stress,0.0,Low,No Significant Environmental Stress,0.0,Low,Train,Derived prototype label - NOT observed plant-stress ground truth
2025-02-05 15:00:00,15.0,Flowering,25.85,67.91,29850.0,24.51,No Significant Environmental Stress,0.0,Low,No Significant Environmental Stress,0.0,Low,Train,Derived prototype label - NOT observed plant-stress ground truth
2025-02-05 15:30:00,15.5,Flowering,25.06,67.7,28133.0,24.57,No Significant Environmental Stress,0.0,Low,No Significant Environmental Stress,0.0,Low,Train,Derived prototype label - NOT observed plant-stress ground truth
2025-02-05 16:00:00,16.0,Flowering,24.19,71.39,23785.0,24.55,No Significant Environmental Stress,0.0,Low,No Significant Environmental Stress,12.5,Low,Train,Derived prototype label - NOT observed plant-stress ground truth
2025-02-05 16:30:00,16.5,Flowering,23.24,70.99,17963.0,24.46,No Significant Environmental Stress,12.5,Low,Low Light Stress,53.4,Moderate,Train,Derived prototype label - NOT observed plant-stress ground truth
2025-02-05 17:00:00,17.0,Flowering,22.24,73.77,12714.0,24.33,Low Light Stress,53.4,Moderate,No Significant Environmental Stress,0.4,Low,Train,Derived prototype label - NOT observed plant-stress ground truth
2025-02-05 17:30:00,17.5,Flowering,21.21,77.91,6175.0,24.23,No Significant Environmental Stress,0.4,Low,No Significant Environmental Stress,4.4,Low,Train,Derived prototype label - NOT observed plant-stress ground truth
2025-02-05 18:00:00,18.0,Flowering,19.66,75.08,0.0,23.9,No Significant Environmental Stress,4.4,Low,No Significant Environmental Stress,12.0,Low,Train,Derived prototype label - NOT observed plant-stress ground truth
2025-02-05 18:30:00,18.5,Flowering,19.68,75.96,0.0,23.73,No Significant Environmental Stress,12.0,Low,No Significant Environmental Stress,0.0,Low,Train,Derived prototype label - NOT observed plant-stress ground truth
2025-02-05 19:00:00,19.0,Flowering,19.73,77.63,0.0,23.53,No Significant Environmental Stress,0.0,Low,No Significant Environmental Stress,0.0,Low,Train,Derived prototype label - NOT observed plant-stress ground truth
2025-02-05 19:30:00,19.5,Flowering,19.81,74.71,0.0,23.26,No Significant Environmental Stress,0.0,Low,No Significant Environmental Stress,0.0,Low,Train,Derived prototype label - NOT observed plant-stress ground truth
2025-02-05 20:00:00,20.0,Flowering,19.91,74.34,0.0,23.12,No Significant Environmental Stress,0.0,Low,High Humidity Stress,14.2,Low,Train,Derived prototype label - NOT observed plant-stress ground truth
2025-02-05 20:30:00,20.5,Flowering,20.03,71.95,0.0,22.97,High Humidity Stress,14.2,Low,No Significant Environmental Stress,0.0,Low,Train,Derived prototype label - NOT observed plant-stress ground truth
2025-02-05 21:00:00,21.0,Flowering,20.16,78.11,0.0,22.77,No Significant Environmental Stress,0.0,Low,No Significant Environmental Stress,0.0,Low,Train,Derived prototype label - NOT observed plant-stress ground truth
2025-02-05 21:30:00,21.5,Flowering,20.29,74.98,0.0,22.67,No Significant Environmental Stress,0.0,Low,No Significant Environmental Stress,7.2,Low,Train,Derived prototype label - NOT observed plant-stress ground truth
2025-02-05 22:00:00,22.0,Flowering,20.41,73.54,0.0,22.55,No Significant Environmental Stress,7.2,Low,No Significant Environmental Stress,0.0,Low,Train,Derived prototype label - NOT observed plant-stress ground truth
2025-02-05 22:30:00,22.5,Flowering,20.51,76.57,0.0,22.42,No Significant Environmental Stress,0.0,Low,No Significant Environmental Stress,0.0,Low,Train,Derived prototype label - NOT observed plant-stress ground truth
2025-02-05 23:00:00,23.0,Flowering,20.59,74.14,0.0,22.34,No Significant Environmental Stress,0.0,Low,High Humidity Stress,33.1,Low,Train,Derived prototype label - NOT observed plant-stress ground truth
2025-02-05 23:30:00,23.5,Flowering,20.64,73.61,0.0,22.22,High Humidity Stress,33.1,Low,High Humidity Stress,27.9,Low,Train,Derived prototype label - NOT observed plant-stress ground truth
2025-02-06 00:00:00,0.0,Flowering,21.99,82.26,0.0,22.23,High Humidity Stress,27.9,Low,High Humidity Stress,34.7,Low,Train,Derived prototype label - NOT observed plant-stress ground truth
2025-02-06 00:30:00,0.5,Flowering,21.97,81.13,0.0,22.13,High Humidity Stress,34.7,Low,High Humidity Stress,19.3,Low,Train,Derived prototype label - NOT observed plant-stress ground truth
2025-02-06 01:00:00,1.0,Flowering,21.92,82.62,0.0,22.14,High Humidity Stress,19.3,Low,High Humidity Stress,43.9,Moderate,Train,Derived prototype label - NOT observed plant-stress ground truth
2025-02-06 01:30:00,1.5,Flowering,21.84,79.23,0.0,22.19,High Humidity Stress,43.9,Moderate,High Humidity Stress,30.9,Low,Train,Derived prototype label - NOT observed plant-stress ground truth
2025-02-06 02:00:00,2.0,Flowering,21.74,84.63,0.0,22.15,High Humidity Stress,30.9,Low,High Humidity Stress,33.9,Low,Train,Derived prototype label - NOT observed plant-stress ground truth
2025-02-06 02:30:00,2.5,Flowering,21.62,81.78,0.0,22.16,High Humidity Stress,33.9,Low,High Humidity Stress,40.0,Moderate,Train,Derived prototype label - NOT observed plant-stress ground truth
2025-02-06 03:00:00,3.0,Flowering,21.49,82.45,0.0,22.17,High Humidity Stress,40.0,Moderate,High Humidity Stress,22.7,Low,Train,Derived prototype label - NOT observed plant-stress ground truth
2025-02-06 03:30:00,3.5,Flowering,21.36,83.78,0.0,22.15,High Humidity Stress,22.7,Low,High Humidity Stress,50.7,Moderate,Train,Derived prototype label - NOT observed plant-stress ground truth
2025-02-06 04:00:00,4.0,Flowering,21.24,79.99,0.0,22.08,High Humidity Stress,50.7,Moderate,High Humidity Stress,21.1,Low,Train,Derived prototype label - NOT observed plant-stress ground truth
2025-02-06 04:30:00,4.5,Flowering,21.13,86.13,0.0,22.06,High Humidity Stress,21.1,Low,High Humidity Stress,39.1,Moderate,Train,Derived prototype label - NOT observed plant-stress ground truth
2025-02-06 05:00:00,5.0,Flowering,21.05,79.64,0.0,22.03,High Humidity Stress,39.1,Moderate,Combined Environmental Stress,96.9,High,Train,Derived prototype label - NOT observed plant-stress ground truth
2025-02-06 05:30:00,5.5,Flowering,21.0,83.58,0.0,21.96,Combined Environmental Stress,96.9,High,Combined Environmental Stress,64.9,Moderate,Train,Derived prototype label - NOT observed plant-stress ground truth
2025-02-06 06:00:00,6.0,Flowering,20.99,83.38,0.0,21.98,Combined Environmental Stress,64.9,Moderate,High Humidity Stress,35.7,Moderate,Train,Derived prototype label - NOT observed plant-stress ground truth
2025-02-06 06:30:00,6.5,Flowering,22.1,82.23,5482.0,22.03,High Humidity Stress,35.7,Moderate,No Significant Environmental Stress,7.1,Low,Train,Derived prototype label - NOT observed plant-stress ground truth
2025-02-06 07:00:00,7.0,Flowering,22.71,81.37,11882.0,22.07,No Significant Environmental Stress,7.1,Low,High Humidity Stress,18.7,Low,Train,Derived prototype label - NOT observed plant-stress ground truth
2025-02-06 07:30:00,7.5,Flowering,23.29,76.56,15533.0,22.11,High Humidity Stress,18.7,Low,High Humidity Stress,21.3,Low,Train,Derived prototype label - NOT observed plant-stress ground truth
2025-02-06 08:00:00,8.0,Flowering,23.85,79.1,20560.0,22.2,High Humidity Stress,21.3,Low,No Significant Environmental Stress,0.0,Low,Train,Derived prototype label - NOT observed plant-stress ground truth
2025-02-06 08:30:00,8.5,Flowering,24.36,79.67,25380.0,22.38,No Significant Environmental Stress,0.0,Low,No Significant Environmental Stress,8.1,Low,Train,Derived prototype label - NOT observed plant-stress ground truth
2025-02-06 09:00:00,9.0,Flowering,24.83,74.15,29914.0,22.5,No Significant Environmental Stress,8.1,Low,No Significant Environmental Stress,6.9,Low,Train,Derived prototype label - NOT observed plant-stress ground truth
2025-02-06 09:30:00,9.5,Flowering,25.23,76.78,38747.0,22.6,No Significant Environmental Stress,6.9,Low,No Significant Environmental Stress,1.7,Low,Train,Derived prototype label - NOT observed plant-stress ground truth
2025-02-06 10:00:00,10.0,Flowering,25.58,76.52,34739.0,22.73,No Significant Environmental Stress,1.7,Low,Heat Stress,18.2,Low,Train,Derived prototype label - NOT observed plant-stress ground truth
2025-02-06 10:30:00,10.5,Flowering,26.89,75.38,42838.0,23.07,Heat Stress,18.2,Low,Heat Stress,37.3,Moderate,Train,Derived prototype label - NOT observed plant-stress ground truth
2025-02-06 11:00:00,11.0,Flowering,28.55,68.03,41802.0,23.67,Heat Stress,37.3,Moderate,Heat Stress,67.6,Moderate,Train,Derived prototype label - NOT observed plant-stress ground truth
2025-02-06 11:30:00,11.5,Flowering,30.18,69.59,40987.0,24.24,Heat Stress,67.6,Moderate,Heat Stress,47.0,Moderate,Train,Derived prototype label - NOT observed plant-stress ground truth
2025-02-06 12:00:00,12.0,Flowering,32.77,68.8,37602.0,24.83,Heat Stress,47.0,Moderate,Heat Stress,30.6,Low,Train,Derived prototype label - NOT observed plant-stress ground truth
2025-02-06 12:30:00,12.5,Flowering,31.01,68.66,40509.0,24.72,Heat Stress,30.6,Low,No Significant Environmental Stress,7.5,Low,Train,Derived prototype label - NOT observed plant-stress ground truth
2025-02-06 13:00:00,13.0,Flowering,29.61,68.31,39308.0,24.52,No Significant Environmental Stress,7.5,Low,No Significant Environmental Stress,2.7,Low,Train,Derived prototype label - NOT observed plant-stress ground truth
2025-02-06 13:30:00,13.5,Flowering,27.64,70.35,41686.0,24.27,No Significant Environmental Stress,2.7,Low,No Significant Environmental Stress,3.0,Low,Train,Derived prototype label - NOT observed plant-stress ground truth
2025-02-06 14:00:00,14.0,Flowering,25.58,75.59,35583.0,23.99,No Significant Environmental Stress,3.0,Low,High Humidity Stress,15.5,Low,Train,Derived prototype label - NOT observed plant-stress ground truth
2025-02-06 14:30:00,14.5,Flowering,25.23,75.66,32376.0,24.1,High Humidity Stress,15.5,Low,No Significant Environmental Stress,12.8,Low,Train,Derived prototype label - NOT observed plant-stress ground truth
2025-02-06 15:00:00,15.0,Flowering,24.83,78.41,29776.0,24.09,No Significant Environmental Stress,12.8,Low,High Humidity Stress,19.9,Low,Train,Derived prototype label - NOT observed plant-stress ground truth
2025-02-06 15:30:00,15.5,Flowering,24.36,77.81,24657.0,24.11,High Humidity Stress,19.9,Low,High Humidity Stress,23.6,Low,Train,Derived prototype label - NOT observed plant-stress ground truth
2025-02-06 16:00:00,16.0,Flowering,23.85,79.37,23612.0,24.09,High Humidity Stress,23.6,Low,Low Light Stress,36.7,Moderate,Train,Derived prototype label - NOT observed plant-stress ground truth
2025-02-06 16:30:00,16.5,Flowering,23.29,79.74,14076.0,24.03,Low Light Stress,36.7,Moderate,Combined Environmental Stress,64.4,Moderate,Train,Derived prototype label - NOT observed plant-stress ground truth
2025-02-06 17:00:00,17.0,Flowering,22.71,79.72,9828.0,23.89,Combined Environmental Stress,64.4,Moderate,High Humidity Stress,39.4,Moderate,Train,Derived prototype label - NOT observed plant-stress ground truth
2025-02-06 17:30:00,17.5,Flowering,22.1,81.68,5397.0,23.8,High Humidity Stress,39.4,Moderate,High Humidity Stress,43.8,Moderate,Train,Derived prototype label - NOT observed plant-stress ground truth
2025-02-06 18:00:00,18.0,Flowering,20.99,83.65,0.0,23.7,High Humidity Stress,43.8,Moderate,High Humidity Stress,47.0,Moderate,Train,Derived prototype label - NOT observed plant-stress ground truth
2025-02-06 18:30:00,18.5,Flowering,21.0,84.61,0.0,23.52,High Humidity Stress,47.0,Moderate,High Humidity Stress,31.8,Low,Train,Derived prototype label - NOT observed plant-stress ground truth
2025-02-06 19:00:00,19.0,Flowering,21.05,85.31,0.0,23.46,High Humidity Stress,31.8,Low,High Humidity Stress,32.5,Low,Train,Derived prototype label - NOT observed plant-stress ground truth
2025-02-06 19:30:00,19.5,Flowering,21.13,81.97,0.0,23.25,High Humidity Stress,32.5,Low,High Humidity Stress,27.9,Low,Train,Derived prototype label - NOT observed plant-stress ground truth
2025-02-06 20:00:00,20.0,Flowering,21.24,82.13,0.0,23.12,High Humidity Stress,27.9,Low,High Humidity Stress,51.6,Moderate,Train,Derived prototype label - NOT observed plant-stress ground truth
2025-02-06 20:30:00,20.5,Flowering,21.36,81.12,0.0,23.06,High Humidity Stress,51.6,Moderate,High Humidity Stress,26.9,Low,Train,Derived prototype label - NOT observed plant-stress ground truth
2025-02-06 21:00:00,21.0,Flowering,21.49,86.32,0.0,22.89,High Humidity Stress,26.9,Low,High Humidity Stress,52.3,Moderate,Train,Derived prototype label - NOT observed plant-stress ground truth
2025-02-06 21:30:00,21.5,Flowering,21.62,80.91,0.0,22.75,High Humidity Stress,52.3,Moderate,High Humidity Stress,28.3,Low,Train,Derived prototype label - NOT observed plant-stress ground truth
2025-02-06 22:00:00,22.0,Flowering,21.74,86.47,0.0,22.68,High Humidity Stress,28.3,Low,High Humidity Stress,43.3,Moderate,Train,Derived prototype label - NOT observed plant-stress ground truth
2025-02-06 22:30:00,22.5,Flowering,21.84,81.21,0.0,22.63,High Humidity Stress,43.3,Moderate,High Humidity Stress,37.2,Moderate,Train,Derived prototype label - NOT observed plant-stress ground truth
2025-02-06 23:00:00,23.0,Flowering,21.92,84.5,0.0,22.56,High Humidity Stress,37.2,Moderate,No Significant Environmental Stress,6.9,Low,Train,Derived prototype label - NOT observed plant-stress ground truth
2025-02-06 23:30:00,23.5,Flowering,21.97,83.17,0.0,22.53,No Significant Environmental Stress,6.9,Low,No Significant Environmental Stress,6.7,Low,Train,Derived prototype label - NOT observed plant-stress ground truth
2025-02-07 00:00:00,0.0,Flowering,20.32,76.52,0.0,22.39,No Significant Environmental Stress,6.7,Low,No Significant Environmental Stress,1.9,Low,Train,Derived prototype label - NOT observed plant-stress ground truth
2025-02-07 00:30:00,0.5,Flowering,20.3,76.47,0.0,22.26,No Significant Environmental Stress,1.9,Low,No Significant Environmental Stress,4.4,Low,Train,Derived prototype label - NOT observed plant-stress ground truth
2025-02-07 01:00:00,1.0,Flowering,20.25,75.41,0.0,22.19,No Significant Environmental Stress,4.4,Low,No Significant Environmental Stress,0.0,Low,Train,Derived prototype label - NOT observed plant-stress ground truth
2025-02-07 01:30:00,1.5,Flowering,20.17,75.97,0.0,22.11,No Significant Environmental Stress,0.0,Low,No Significant Environmental Stress,12.1,Low,Train,Derived prototype label - NOT observed plant-stress ground truth
2025-02-07 02:00:00,2.0,Flowering,20.07,71.42,0.0,22.08,No Significant Environmental Stress,12.1,Low,No Significant Environmental Stress,5.7,Low,Train,Derived prototype label - NOT observed plant-stress ground truth
2025-02-07 02:30:00,2.5,Flowering,19.94,77.66,0.0,21.98,No Significant Environmental Stress,5.7,Low,No Significant Environmental Stress,11.7,Low,Train,Derived prototype label - NOT observed plant-stress ground truth
2025-02-07 03:00:00,3.0,Flowering,19.82,76.26,0.0,21.94,No Significant Environmental Stress,11.7,Low,High Humidity Stress,14.0,Low,Train,Derived prototype label - NOT observed plant-stress ground truth
2025-02-07 03:30:00,3.5,Flowering,19.69,77.56,0.0,21.81,High Humidity Stress,14.0,Low,No Significant Environmental Stress,0.0,Low,Train,Derived prototype label - NOT observed plant-stress ground truth
2025-02-07 04:00:00,4.0,Flowering,19.57,78.07,0.0,21.83,No Significant Environmental Stress,0.0,Low,No Significant Environmental Stress,1.0,Low,Train,Derived prototype label - NOT observed plant-stress ground truth
2025-02-07 04:30:00,4.5,Flowering,19.46,74.39,0.0,21.66,No Significant Environmental Stress,1.0,Low,No Significant Environmental Stress,2.1,Low,Train,Derived prototype label - NOT observed plant-stress ground truth
2025-02-07 05:00:00,5.0,Flowering,19.38,75.22,0.0,21.66,No Significant Environmental Stress,2.1,Low,Low Light Stress,89.7,High,Train,Derived prototype label - NOT observed plant-stress ground truth
2025-02-07 05:30:00,5.5,Flowering,19.33,75.46,0.0,21.6,Low Light Stress,89.7,High,Low Light Stress,60.0,Moderate,Train,Derived prototype label - NOT observed plant-stress ground truth
2025-02-07 06:00:00,6.0,Flowering,19.32,76.14,0.0,21.54,Low Light Stress,60.0,Moderate,Low Light Stress,35.2,Moderate,Train,Derived prototype label - NOT observed plant-stress ground truth
2025-02-07 06:30:00,6.5,Flowering,20.67,74.27,4303.0,21.54,Low Light Stress,35.2,Moderate,High Humidity Stress,15.6,Low,Train,Derived prototype label - NOT observed plant-stress ground truth
2025-02-07 07:00:00,7.0,Flowering,21.5,74.45,8565.0,21.59,High Humidity Stress,15.6,Low,No Significant Environmental Stress,0.0,Low,Train,Derived prototype label - NOT observed plant-stress ground truth
2025-02-07 07:30:00,7.5,Flowering,22.31,78.2,14529.0,21.72,No Significant Environmental Stress,0.0,Low,No Significant Environmental Stress,0.0,Low,Train,Derived prototype label - NOT observed plant-stress ground truth
2025-02-07 08:00:00,8.0,Flowering,23.07,72.77,17718.0,21.84,No Significant Environmental Stress,0.0,Low,No Significant Environmental Stress,0.0,Low,Train,Derived prototype label - NOT observed plant-stress ground truth
2025-02-07 08:30:00,8.5,Flowering,23.78,72.53,21528.0,21.96,No Significant Environmental Stress,0.0,Low,No Significant Environmental Stress,0.0,Low,Train,Derived prototype label - NOT observed plant-stress ground truth
2025-02-07 09:00:00,9.0,Flowering,24.42,69.92,22740.0,22.02,No Significant Environmental Stress,0.0,Low,No Significant Environmental Stress,0.0,Low,Train,Derived prototype label - NOT observed plant-stress ground truth
2025-02-07 09:30:00,9.5,Flowering,24.98,65.92,28930.0,22.18,No Significant Environmental Stress,0.0,Low,No Significant Environmental Stress,0.0,Low,Train,Derived prototype label - NOT observed plant-stress ground truth
2025-02-07 10:00:00,10.0,Flowering,25.45,69.76,33161.0,22.35,No Significant Environmental Stress,0.0,Low,Combined Environmental Stress,61.9,Moderate,Train,Derived prototype label - NOT observed plant-stress ground truth
2025-02-07 10:30:00,10.5,Flowering,26.47,64.79,34990.0,23.08,Combined Environmental Stress,61.9,Moderate,Heat Stress,50.5,Moderate,Train,Derived prototype label - NOT observed plant-stress ground truth
2025-02-07 11:00:00,11.0,Flowering,31.19,49.97,45822.0,26.28,Heat Stress,50.5,Moderate,No Significant Environmental Stress,0.0,Low,Train,Derived prototype label - NOT observed plant-stress ground truth
2025-02-07 11:30:00,11.5,Flowering,30.4,51.65,44033.0,26.48,No Significant Environmental Stress,0.0,Low,No Significant Environmental Stress,0.0,Low,Train,Derived prototype label - NOT observed plant-stress ground truth
2025-02-07 12:00:00,12.0,Flowering,26.33,70.98,37316.0,23.23,No Significant Environmental Stress,0.0,Low,No Significant Environmental Stress,0.0,Low,Train,Derived prototype label - NOT observed plant-stress ground truth
2025-02-07 12:30:00,12.5,Flowering,26.56,68.22,42404.0,23.45,No Significant Environmental Stress,0.0,Low,High Light Stress,14.3,Low,Train,Derived prototype label - NOT observed plant-stress ground truth
2025-02-07 13:00:00,13.0,Flowering,26.94,70.12,48824.0,23.69,High Light Stress,14.3,Low,No Significant Environmental Stress,0.0,Low,Train,Derived prototype label - NOT observed plant-stress ground truth
2025-02-07 13:30:00,13.5,Flowering,26.85,69.16,54361.0,23.87,No Significant Environmental Stress,0.0,Low,No Significant Environmental Stress,0.0,Low,Train,Derived prototype label - NOT observed plant-stress ground truth
2025-02-07 14:00:00,14.0,Flowering,25.93,67.19,37670.0,24.01,No Significant Environmental Stress,0.0,Low,No Significant Environmental Stress,0.0,Low,Train,Derived prototype label - NOT observed plant-stress ground truth
2025-02-07 14:30:00,14.5,Flowering,24.98,67.36,30503.0,24.12,No Significant Environmental Stress,0.0,Low,No Significant Environmental Stress,0.0,Low,Train,Derived prototype label - NOT observed plant-stress ground truth
2025-02-07 15:00:00,15.0,Flowering,24.42,69.75,24718.0,24.11,No Significant Environmental Stress,0.0,Low,No Significant Environmental Stress,0.0,Low,Train,Derived prototype label - NOT observed plant-stress ground truth
2025-02-07 15:30:00,15.5,Flowering,23.78,68.24,21472.0,24.16,No Significant Environmental Stress,0.0,Low,No Significant Environmental Stress,2.1,Low,Train,Derived prototype label - NOT observed plant-stress ground truth
2025-02-07 16:00:00,16.0,Flowering,23.07,72.51,18967.0,24.19,No Significant Environmental Stress,2.1,Low,Low Light Stress,23.0,Low,Train,Derived prototype label - NOT observed plant-stress ground truth
2025-02-07 16:30:00,16.5,Flowering,22.31,74.69,14616.0,24.18,Low Light Stress,23.0,Low,Low Light Stress,55.9,Moderate,Train,Derived prototype label - NOT observed plant-stress ground truth
2025-02-07 17:00:00,17.0,Flowering,21.5,74.69,10795.0,24.06,Low Light Stress,55.9,Moderate,No Significant Environmental Stress,6.1,Low,Train,Derived prototype label - NOT observed plant-stress ground truth
2025-02-07 17:30:00,17.5,Flowering,20.67,73.99,5044.0,23.88,No Significant Environmental Stress,6.1,Low,No Significant Environmental Stress,7.9,Low,Train,Derived prototype label - NOT observed plant-stress ground truth
2025-02-07 18:00:00,18.0,Flowering,19.32,76.33,0.0,23.68,No Significant Environmental Stress,7.9,Low,No Significant Environmental Stress,2.0,Low,Train,Derived prototype label - NOT observed plant-stress ground truth
2025-02-07 18:30:00,18.5,Flowering,19.33,76.74,0.0,23.47,No Significant Environmental Stress,2.0,Low,High Humidity Stress,13.7,Low,Train,Derived prototype label - NOT observed plant-stress ground truth
2025-02-07 19:00:00,19.0,Flowering,19.38,75.43,0.0,23.33,High Humidity Stress,13.7,Low,No Significant Environmental Stress,4.6,Low,Train,Derived prototype label - NOT observed plant-stress ground truth
2025-02-07 19:30:00,19.5,Flowering,19.46,78.0,0.0,23.16,No Significant Environmental Stress,4.6,Low,No Significant Environmental Stress,5.3,Low,Train,Derived prototype label - NOT observed plant-stress ground truth
2025-02-07 20:00:00,20.0,Flowering,19.57,76.01,0.0,22.97,No Significant Environmental Stress,5.3,Low,No Significant Environmental Stress,7.2,Low,Train,Derived prototype label - NOT observed plant-stress ground truth
2025-02-07 20:30:00,20.5,Flowering,19.69,76.17,0.0,22.8,No Significant Environmental Stress,7.2,Low,No Significant Environmental Stress,0.9,Low,Train,Derived prototype label - NOT observed plant-stress ground truth
2025-02-07 21:00:00,21.0,Flowering,19.82,76.59,0.0,22.59,No Significant Environmental Stress,0.9,Low,No Significant Environmental Stress,0.0,Low,Train,Derived prototype label - NOT observed plant-stress ground truth
2025-02-07 21:30:00,21.5,Flowering,19.94,75.19,0.0,22.43,No Significant Environmental Stress,0.0,Low,High Humidity Stress,13.3,Low,Train,Derived prototype label - NOT observed plant-stress ground truth
2025-02-07 22:00:00,22.0,Flowering,20.07,73.81,0.0,22.35,High Humidity Stress,13.3,Low,No Significant Environmental Stress,12.7,Low,Train,Derived prototype label - NOT observed plant-stress ground truth
2025-02-07 22:30:00,22.5,Flowering,20.17,77.93,0.0,22.31,No Significant Environmental Stress,12.7,Low,No Significant Environmental Stress,4.7,Low,Train,Derived prototype label - NOT observed plant-stress ground truth
2025-02-07 23:00:00,23.0,Flowering,20.25,77.78,0.0,22.16,No Significant Environmental Stress,4.7,Low,High Humidity Stress,26.5,Low,Train,Derived prototype label - NOT observed plant-stress ground truth
2025-02-07 23:30:00,23.5,Flowering,20.3,76.03,0.0,22.05,High Humidity Stress,26.5,Low,High Humidity Stress,28.4,Low,Train,Derived prototype label - NOT observed plant-stress ground truth
2025-02-08 00:00:00,0.0,Flowering,20.71,80.81,0.0,21.95,High Humidity Stress,28.4,Low,High Humidity Stress,27.5,Low,Train,Derived prototype label - NOT observed plant-stress ground truth
2025-02-08 00:30:00,0.5,Flowering,20.69,81.24,0.0,21.83,High Humidity Stress,27.5,Low,High Humidity Stress,41.0,Moderate,Train,Derived prototype label - NOT observed plant-stress ground truth
2025-02-08 01:00:00,1.0,Flowering,20.64,81.03,0.0,21.79,High Humidity Stress,41.0,Moderate,High Humidity Stress,38.5,Moderate,Train,Derived prototype label - NOT observed plant-stress ground truth
2025-02-08 01:30:00,1.5,Flowering,20.56,84.0,0.0,21.84,High Humidity Stress,38.5,Moderate,High Humidity Stress,26.9,Low,Train,Derived prototype label - NOT observed plant-stress ground truth
2025-02-08 02:00:00,2.0,Flowering,20.46,83.45,0.0,21.78,High Humidity Stress,26.9,Low,High Humidity Stress,23.1,Low,Train,Derived prototype label - NOT observed plant-stress ground truth
2025-02-08 02:30:00,2.5,Flowering,20.34,80.91,0.0,21.74,High Humidity Stress,23.1,Low,High Humidity Stress,44.0,Moderate,Train,Derived prototype label - NOT observed plant-stress ground truth
2025-02-08 03:00:00,3.0,Flowering,20.21,80.07,0.0,21.74,High Humidity Stress,44.0,Moderate,High Humidity Stress,41.2,Moderate,Train,Derived prototype label - NOT observed plant-stress ground truth
2025-02-08 03:30:00,3.5,Flowering,20.08,84.66,0.0,21.66,High Humidity Stress,41.2,Moderate,High Humidity Stress,33.5,Low,Train,Derived prototype label - NOT observed plant-stress ground truth
2025-02-08 04:00:00,4.0,Flowering,19.96,84.04,0.0,21.65,High Humidity Stress,33.5,Low,High Humidity Stress,35.6,Moderate,Train,Derived prototype label - NOT observed plant-stress ground truth
2025-02-08 04:30:00,4.5,Flowering,19.86,82.35,0.0,21.64,High Humidity Stress,35.6,Moderate,High Humidity Stress,38.9,Moderate,Train,Derived prototype label - NOT observed plant-stress ground truth
2025-02-08 05:00:00,5.0,Flowering,19.78,82.82,0.0,21.58,High Humidity Stress,38.9,Moderate,Combined Environmental Stress,96.4,High,Train,Derived prototype label - NOT observed plant-stress ground truth
2025-02-08 05:30:00,5.5,Flowering,19.73,83.53,0.0,21.48,Combined Environmental Stress,96.4,High,Combined Environmental Stress,52.1,Moderate,Train,Derived prototype label - NOT observed plant-stress ground truth
2025-02-08 06:00:00,6.0,Flowering,19.71,83.11,0.0,21.47,Combined Environmental Stress,52.1,Moderate,High Humidity Stress,33.8,Low,Train,Derived prototype label - NOT observed plant-stress ground truth
2025-02-08 06:30:00,6.5,Flowering,21.02,81.63,7621.0,21.5,High Humidity Stress,33.8,Low,High Humidity Stress,14.1,Low,Train,Derived prototype label - NOT observed plant-stress ground truth
2025-02-08 07:00:00,7.0,Flowering,21.81,81.97,14052.0,21.67,High Humidity Stress,14.1,Low,No Significant Environmental Stress,6.2,Low,Train,Derived prototype label - NOT observed plant-stress ground truth
2025-02-08 07:30:00,7.5,Flowering,22.57,78.1,21866.0,21.77,No Significant Environmental Stress,6.2,Low,No Significant Environmental Stress,10.9,Low,Train,Derived prototype label - NOT observed plant-stress ground truth
2025-02-08 08:00:00,8.0,Flowering,23.29,76.37,25055.0,21.89,No Significant Environmental Stress,10.9,Low,High Humidity Stress,24.7,Low,Train,Derived prototype label - NOT observed plant-stress ground truth
2025-02-08 08:30:00,8.5,Flowering,23.96,77.39,35444.0,21.93,High Humidity Stress,24.7,Low,No Significant Environmental Stress,5.1,Low,Train,Derived prototype label - NOT observed plant-stress ground truth
2025-02-08 09:00:00,9.0,Flowering,24.57,80.42,36750.0,22.09,No Significant Environmental Stress,5.1,Low,No Significant Environmental Stress,0.0,Low,Train,Derived prototype label - NOT observed plant-stress ground truth
2025-02-08 09:30:00,9.5,Flowering,25.1,76.11,46052.0,22.33,No Significant Environmental Stress,0.0,Low,High Light Stress,18.9,Low,Train,Derived prototype label - NOT observed plant-stress ground truth
2025-02-08 10:00:00,10.0,Flowering,25.55,73.6,47533.0,22.56,High Light Stress,18.9,Low,No Significant Environmental Stress,0.0,Low,Train,Derived prototype label - NOT observed plant-stress ground truth
2025-02-08 10:30:00,10.5,Flowering,25.91,74.25,55753.0,22.81,No Significant Environmental Stress,0.0,Low,No Significant Environmental Stress,9.5,Low,Train,Derived prototype label - NOT observed plant-stress ground truth
2025-02-08 11:00:00,11.0,Flowering,26.17,72.2,40179.0,22.97,No Significant Environmental Stress,9.5,Low,No Significant Environmental Stress,0.0,Low,Train,Derived prototype label - NOT observed plant-stress ground truth
2025-02-08 11:30:00,11.5,Flowering,26.32,77.09,33329.0,23.12,No Significant Environmental Stress,0.0,Low,No Significant Environmental Stress,0.0,Low,Train,Derived prototype label - NOT observed plant-stress ground truth
2025-02-08 12:00:00,12.0,Flowering,26.38,74.89,24207.0,23.29,No Significant Environmental Stress,0.0,Low,No Significant Environmental Stress,0.0,Low,Train,Derived prototype label - NOT observed plant-stress ground truth
2025-02-08 12:30:00,12.5,Flowering,26.32,74.65,35837.0,23.46,No Significant Environmental Stress,0.0,Low,High Light Stress,14.2,Low,Train,Derived prototype label - NOT observed plant-stress ground truth
2025-02-08 13:00:00,13.0,Flowering,26.17,71.08,42475.0,23.66,High Light Stress,14.2,Low,No Significant Environmental Stress,0.0,Low,Train,Derived prototype label - NOT observed plant-stress ground truth
2025-02-08 13:30:00,13.5,Flowering,25.91,73.74,54322.0,23.75,No Significant Environmental Stress,0.0,Low,No Significant Environmental Stress,11.6,Low,Train,Derived prototype label - NOT observed plant-stress ground truth
2025-02-08 14:00:00,14.0,Flowering,25.55,69.29,46862.0,23.89,No Significant Environmental Stress,11.6,Low,No Significant Environmental Stress,8.7,Low,Train,Derived prototype label - NOT observed plant-stress ground truth
2025-02-08 14:30:00,14.5,Flowering,25.1,77.55,45242.0,24.0,No Significant Environmental Stress,8.7,Low,No Significant Environmental Stress,4.4,Low,Train,Derived prototype label - NOT observed plant-stress ground truth
2025-02-08 15:00:00,15.0,Flowering,24.57,76.91,30981.0,24.08,No Significant Environmental Stress,4.4,Low,High Humidity Stress,13.9,Low,Train,Derived prototype label - NOT observed plant-stress ground truth
2025-02-08 15:30:00,15.5,Flowering,23.96,75.96,28022.0,24.12,High Humidity Stress,13.9,Low,No Significant Environmental Stress,5.1,Low,Train,Derived prototype label - NOT observed plant-stress ground truth
2025-02-08 16:00:00,16.0,Flowering,23.29,78.06,24706.0,24.08,No Significant Environmental Stress,5.1,Low,High Humidity Stress,26.4,Low,Train,Derived prototype label - NOT observed plant-stress ground truth
2025-02-08 16:30:00,16.5,Flowering,22.57,76.13,18364.0,24.05,High Humidity Stress,26.4,Low,Low Light Stress,53.6,Moderate,Train,Derived prototype label - NOT observed plant-stress ground truth
2025-02-08 17:00:00,17.0,Flowering,21.81,79.41,12059.0,23.94,Low Light Stress,53.6,Moderate,High Humidity Stress,14.4,Low,Train,Derived prototype label - NOT observed plant-stress ground truth
2025-02-08 17:30:00,17.5,Flowering,21.02,80.24,6891.0,23.82,High Humidity Stress,14.4,Low,High Humidity Stress,41.5,Moderate,Train,Derived prototype label - NOT observed plant-stress ground truth
2025-02-08 18:00:00,18.0,Flowering,19.71,78.16,0.0,23.63,High Humidity Stress,41.5,Moderate,High Humidity Stress,27.4,Low,Train,Derived prototype label - NOT observed plant-stress ground truth
2025-02-08 18:30:00,18.5,Flowering,19.73,84.1,0.0,23.43,High Humidity Stress,27.4,Low,High Humidity Stress,31.8,Low,Train,Derived prototype label - NOT observed plant-stress ground truth
2025-02-08 19:00:00,19.0,Flowering,19.78,81.01,0.0,23.32,High Humidity Stress,31.8,Low,High Humidity Stress,36.3,Moderate,Train,Derived prototype label - NOT observed plant-stress ground truth
2025-02-08 19:30:00,19.5,Flowering,19.86,81.99,0.0,23.11,High Humidity Stress,36.3,Moderate,High Humidity Stress,33.0,Low,Train,Derived prototype label - NOT observed plant-stress ground truth
2025-02-08 20:00:00,20.0,Flowering,19.96,82.97,0.0,22.91,High Humidity Stress,33.0,Low,High Humidity Stress,39.2,Moderate,Train,Derived prototype label - NOT observed plant-stress ground truth
2025-02-08 20:30:00,20.5,Flowering,20.08,82.24,0.0,22.73,High Humidity Stress,39.2,Moderate,High Humidity Stress,33.7,Low,Train,Derived prototype label - NOT observed plant-stress ground truth
2025-02-08 21:00:00,21.0,Flowering,20.21,83.6,0.0,22.59,High Humidity Stress,33.7,Low,High Humidity Stress,14.1,Low,Train,Derived prototype label - NOT observed plant-stress ground truth
2025-02-08 21:30:00,21.5,Flowering,20.34,82.4,0.0,22.52,High Humidity Stress,14.1,Low,High Humidity Stress,21.4,Low,Train,Derived prototype label - NOT observed plant-stress ground truth
2025-02-08 22:00:00,22.0,Flowering,20.46,78.1,0.0,22.38,High Humidity Stress,21.4,Low,High Humidity Stress,36.5,Moderate,Train,Derived prototype label - NOT observed plant-stress ground truth
2025-02-08 22:30:00,22.5,Flowering,20.56,79.7,0.0,22.26,High Humidity Stress,36.5,Moderate,High Humidity Stress,31.6,Low,Train,Derived prototype label - NOT observed plant-stress ground truth
2025-02-08 23:00:00,23.0,Flowering,20.64,83.02,0.0,22.21,High Humidity Stress,31.6,Low,High Humidity Stress,36.5,Moderate,Train,Derived prototype label - NOT observed plant-stress ground truth
2025-02-08 23:30:00,23.5,Flowering,20.69,81.94,0.0,22.17,High Humidity Stress,36.5,Moderate,High Humidity Stress,42.5,Moderate,Train,Derived prototype label - NOT observed plant-stress ground truth
2025-02-09 00:00:00,0.0,Flowering,20.36,83.01,0.0,22.14,High Humidity Stress,42.5,Moderate,High Humidity Stress,36.0,Moderate,Train,Derived prototype label - NOT observed plant-stress ground truth
2025-02-09 00:30:00,0.5,Flowering,20.35,84.34,0.0,22.1,High Humidity Stress,36.0,Moderate,High Humidity Stress,40.0,Moderate,Train,Derived prototype label - NOT observed plant-stress ground truth
2025-02-09 01:00:00,1.0,Flowering,20.3,82.9,0.0,22.0,High Humidity Stress,40.0,Moderate,High Humidity Stress,40.5,Moderate,Train,Derived prototype label - NOT observed plant-stress ground truth
2025-02-09 01:30:00,1.5,Flowering,20.22,83.77,0.0,21.86,High Humidity Stress,40.5,Moderate,High Humidity Stress,32.2,Low,Train,Derived prototype label - NOT observed plant-stress ground truth
2025-02-09 02:00:00,2.0,Flowering,20.11,83.9,0.0,21.82,High Humidity Stress,32.2,Low,High Humidity Stress,29.7,Low,Train,Derived prototype label - NOT observed plant-stress ground truth
2025-02-09 02:30:00,2.5,Flowering,19.99,82.06,0.0,21.78,High Humidity Stress,29.7,Low,High Humidity Stress,37.8,Moderate,Train,Derived prototype label - NOT observed plant-stress ground truth
2025-02-09 03:00:00,3.0,Flowering,18.58,81.51,0.0,21.77,High Humidity Stress,37.8,Moderate,Combined Environmental Stress,59.7,Moderate,Train,Derived prototype label - NOT observed plant-stress ground truth
2025-02-09 03:30:00,3.5,Flowering,17.11,82.41,0.0,21.74,Combined Environmental Stress,59.7,Moderate,Combined Environmental Stress,79.7,High,Train,Derived prototype label - NOT observed plant-stress ground truth
2025-02-09 04:00:00,4.0,Flowering,15.26,85.35,0.0,21.62,Combined Environmental Stress,79.7,High,Combined Environmental Stress,54.1,Moderate,Train,Derived prototype label - NOT observed plant-stress ground truth
2025-02-09 04:30:00,4.5,Flowering,13.0,86.9,0.0,21.56,Combined Environmental Stress,54.1,Moderate,Combined Environmental Stress,56.4,Moderate,Train,Derived prototype label - NOT observed plant-stress ground truth
2025-02-09 05:00:00,5.0,Flowering,15.05,83.91,0.0,21.47,Combined Environmental Stress,56.4,Moderate,Combined Environmental Stress,96.8,High,Train,Derived prototype label - NOT observed plant-stress ground truth
2025-02-09 05:30:00,5.5,Flowering,15.76,85.14,0.0,21.39,Combined Environmental Stress,96.8,High,Combined Environmental Stress,85.6,High,Train,Derived prototype label - NOT observed plant-stress ground truth
2025-02-09 06:00:00,6.0,Flowering,17.76,79.14,0.0,21.39,Combined Environmental Stress,85.6,High,Low Light Stress,38.5,Moderate,Train,Derived prototype label - NOT observed plant-stress ground truth
2025-02-09 06:30:00,6.5,Flowering,20.48,88.35,3687.0,21.43,Low Light Stress,38.5,Moderate,High Humidity Stress,39.0,Moderate,Train,Derived prototype label - NOT observed plant-stress ground truth
2025-02-09 07:00:00,7.0,Flowering,21.73,80.45,9730.0,21.49,High Humidity Stress,39.0,Moderate,No Significant Environmental Stress,0.0,Low,Train,Derived prototype label - NOT observed plant-stress ground truth
2025-02-09 07:30:00,7.5,Flowering,22.62,83.08,13993.0,21.58,No Significant Environmental Stress,0.0,Low,No Significant Environmental Stress,11.7,Low,Train,Derived prototype label - NOT observed plant-stress ground truth
2025-02-09 08:00:00,8.0,Flowering,23.47,74.44,20841.0,21.84,No Significant Environmental Stress,11.7,Low,High Humidity Stress,22.0,Low,Train,Derived prototype label - NOT observed plant-stress ground truth
2025-02-09 08:30:00,8.5,Flowering,24.25,77.57,21494.0,22.02,High Humidity Stress,22.0,Low,No Significant Environmental Stress,12.6,Low,Train,Derived prototype label - NOT observed plant-stress ground truth
2025-02-09 09:00:00,9.0,Flowering,24.96,79.82,26032.0,22.16,No Significant Environmental Stress,12.6,Low,No Significant Environmental Stress,0.0,Low,Train,Derived prototype label - NOT observed plant-stress ground truth
2025-02-09 09:30:00,9.5,Flowering,25.58,77.76,28376.0,22.26,No Significant Environmental Stress,0.0,Low,No Significant Environmental Stress,10.2,Low,Train,Derived prototype label - NOT observed plant-stress ground truth
2025-02-09 10:00:00,10.0,Flowering,26.11,74.33,32921.0,22.48,No Significant Environmental Stress,10.2,Low,No Significant Environmental Stress,4.3,Low,Train,Derived prototype label - NOT observed plant-stress ground truth
2025-02-09 10:30:00,10.5,Flowering,26.52,77.23,29303.0,22.7,No Significant Environmental Stress,4.3,Low,No Significant Environmental Stress,0.1,Low,Train,Derived prototype label - NOT observed plant-stress ground truth
2025-02-09 11:00:00,11.0,Flowering,26.83,75.94,34077.0,22.99,No Significant Environmental Stress,0.1,Low,No Significant Environmental Stress,0.8,Low,Train,Derived prototype label - NOT observed plant-stress ground truth
2025-02-09 11:30:00,11.5,Flowering,27.01,72.06,35712.0,23.21,No Significant Environmental Stress,0.8,Low,No Significant Environmental Stress,0.1,Low,Train,Derived prototype label - NOT observed plant-stress ground truth
2025-02-09 12:00:00,12.0,Flowering,27.07,71.86,29423.0,23.46,No Significant Environmental Stress,0.1,Low,No Significant Environmental Stress,5.8,Low,Train,Derived prototype label - NOT observed plant-stress ground truth
2025-02-09 12:30:00,12.5,Flowering,27.01,71.15,38419.0,23.59,No Significant Environmental Stress,5.8,Low,No Significant Environmental Stress,0.0,Low,Train,Derived prototype label - NOT observed plant-stress ground truth
2025-02-09 13:00:00,13.0,Flowering,26.83,76.28,36344.0,23.71,No Significant Environmental Stress,0.0,Low,High Humidity Stress,20.3,Low,Train,Derived prototype label - NOT observed plant-stress ground truth
2025-02-09 13:30:00,13.5,Flowering,26.52,74.93,33936.0,23.86,High Humidity Stress,20.3,Low,No Significant Environmental Stress,10.9,Low,Train,Derived prototype label - NOT observed plant-stress ground truth
2025-02-09 14:00:00,14.0,Flowering,26.11,79.46,36370.0,23.99,No Significant Environmental Stress,10.9,Low,No Significant Environmental Stress,5.7,Low,Train,Derived prototype label - NOT observed plant-stress ground truth
2025-02-09 14:30:00,14.5,Flowering,25.58,77.39,26260.0,24.05,No Significant Environmental Stress,5.7,Low,High Humidity Stress,21.0,Low,Train,Derived prototype label - NOT observed plant-stress ground truth
2025-02-09 15:00:00,15.0,Flowering,24.96,76.25,27246.0,24.14,High Humidity Stress,21.0,Low,No Significant Environmental Stress,7.9,Low,Train,Derived prototype label - NOT observed plant-stress ground truth
2025-02-09 15:30:00,15.5,Flowering,24.25,79.61,19378.0,24.11,No Significant Environmental Stress,7.9,Low,Low Light Stress,37.4,Moderate,Train,Derived prototype label - NOT observed plant-stress ground truth
2025-02-09 16:00:00,16.0,Flowering,23.47,76.73,19863.0,24.05,Low Light Stress,37.4,Moderate,Combined Environmental Stress,51.1,Moderate,Train,Derived prototype label - NOT observed plant-stress ground truth
2025-02-09 16:30:00,16.5,Flowering,22.62,80.81,10053.0,24.02,Combined Environmental Stress,51.1,Moderate,Combined Environmental Stress,74.3,High,Train,Derived prototype label - NOT observed plant-stress ground truth
2025-02-09 17:00:00,17.0,Flowering,21.73,82.35,8046.0,23.95,Combined Environmental Stress,74.3,High,High Humidity Stress,26.1,Low,Train,Derived prototype label - NOT observed plant-stress ground truth
2025-02-09 17:30:00,17.5,Flowering,20.8,83.06,4022.0,23.88,High Humidity Stress,26.1,Low,High Humidity Stress,48.7,Moderate,Train,Derived prototype label - NOT observed plant-stress ground truth
2025-02-09 18:00:00,18.0,Flowering,19.36,80.73,0.0,23.66,High Humidity Stress,48.7,Moderate,High Humidity Stress,53.1,Moderate,Train,Derived prototype label - NOT observed plant-stress ground truth
2025-02-09 18:30:00,18.5,Flowering,19.38,85.69,0.0,23.46,High Humidity Stress,53.1,Moderate,High Humidity Stress,35.6,Moderate,Train,Derived prototype label - NOT observed plant-stress ground truth
2025-02-09 19:00:00,19.0,Flowering,19.43,86.65,0.0,23.27,High Humidity Stress,35.6,Moderate,High Humidity Stress,40.9,Moderate,Train,Derived prototype label - NOT observed plant-stress ground truth
2025-02-09 19:30:00,19.5,Flowering,19.51,82.82,0.0,23.16,High Humidity Stress,40.9,Moderate,High Humidity Stress,55.6,Moderate,Train,Derived prototype label - NOT observed plant-stress ground truth
2025-02-09 20:00:00,20.0,Flowering,19.61,83.97,0.0,22.93,High Humidity Stress,55.6,Moderate,High Humidity Stress,44.1,Moderate,Train,Derived prototype label - NOT observed plant-stress ground truth
2025-02-09 20:30:00,20.5,Flowering,19.73,87.2,0.0,22.72,High Humidity Stress,44.1,Moderate,High Humidity Stress,46.8,Moderate,Train,Derived prototype label - NOT observed plant-stress ground truth
2025-02-09 21:00:00,21.0,Flowering,19.86,84.69,0.0,22.62,High Humidity Stress,46.8,Moderate,High Humidity Stress,49.5,Moderate,Train,Derived prototype label - NOT observed plant-stress ground truth
2025-02-09 21:30:00,21.5,Flowering,19.99,85.27,0.0,22.47,High Humidity Stress,49.5,Moderate,High Humidity Stress,32.9,Low,Train,Derived prototype label - NOT observed plant-stress ground truth
2025-02-09 22:00:00,22.0,Flowering,20.11,85.86,0.0,22.39,High Humidity Stress,32.9,Low,High Humidity Stress,28.6,Low,Train,Derived prototype label - NOT observed plant-stress ground truth
2025-02-09 22:30:00,22.5,Flowering,20.22,82.22,0.0,22.34,High Humidity Stress,28.6,Low,High Humidity Stress,30.8,Low,Train,Derived prototype label - NOT observed plant-stress ground truth
2025-02-09 23:00:00,23.0,Flowering,20.3,81.28,0.0,22.23,High Humidity Stress,30.8,Low,No Significant Environmental Stress,0.0,Low,Train,Derived prototype label - NOT observed plant-stress ground truth
2025-02-09 23:30:00,23.5,Flowering,20.35,81.77,0.0,22.2,No Significant Environmental Stress,0.0,Low,No Significant Environmental Stress,0.0,Low,Train,Derived prototype label - NOT observed plant-stress ground truth
2025-02-10 00:00:00,0.0,Flowering,20.47,72.75,0.0,22.17,No Significant Environmental Stress,0.0,Low,No Significant Environmental Stress,0.0,Low,Train,Derived prototype label - NOT observed plant-stress ground truth
2025-02-10 00:30:00,0.5,Flowering,20.45,73.9,0.0,22.06,No Significant Environmental Stress,0.0,Low,No Significant Environmental Stress,0.0,Low,Train,Derived prototype label - NOT observed plant-stress ground truth
2025-02-10 01:00:00,1.0,Flowering,20.4,71.09,0.0,22.06,No Significant Environmental Stress,0.0,Low,No Significant Environmental Stress,11.7,Low,Train,Derived prototype label - NOT observed plant-stress ground truth
2025-02-10 01:30:00,1.5,Flowering,20.32,70.56,0.0,22.0,No Significant Environmental Stress,11.7,Low,No Significant Environmental Stress,0.0,Low,Train,Derived prototype label - NOT observed plant-stress ground truth
2025-02-10 02:00:00,2.0,Flowering,20.22,77.56,0.0,21.89,No Significant Environmental Stress,0.0,Low,No Significant Environmental Stress,0.0,Low,Train,Derived prototype label - NOT observed plant-stress ground truth
2025-02-10 02:30:00,2.5,Flowering,20.1,72.91,0.0,21.88,No Significant Environmental Stress,0.0,Low,No Significant Environmental Stress,0.0,Low,Train,Derived prototype label - NOT observed plant-stress ground truth
2025-02-10 03:00:00,3.0,Flowering,19.97,73.03,0.0,21.78,No Significant Environmental Stress,0.0,Low,No Significant Environmental Stress,0.0,Low,Train,Derived prototype label - NOT observed plant-stress ground truth
2025-02-10 03:30:00,3.5,Flowering,19.84,73.82,0.0,21.78,No Significant Environmental Stress,0.0,Low,No Significant Environmental Stress,0.0,Low,Train,Derived prototype label - NOT observed plant-stress ground truth
2025-02-10 04:00:00,4.0,Flowering,19.72,71.72,0.0,21.74,No Significant Environmental Stress,0.0,Low,No Significant Environmental Stress,0.0,Low,Train,Derived prototype label - NOT observed plant-stress ground truth
2025-02-10 04:30:00,4.5,Flowering,19.62,72.66,0.0,21.65,No Significant Environmental Stress,0.0,Low,No Significant Environmental Stress,0.0,Low,Train,Derived prototype label - NOT observed plant-stress ground truth
2025-02-10 05:00:00,5.0,Flowering,19.54,73.8,0.0,21.6,No Significant Environmental Stress,0.0,Low,Low Light Stress,89.0,High,Train,Derived prototype label - NOT observed plant-stress ground truth
2025-02-10 05:30:00,5.5,Flowering,19.49,71.15,0.0,21.51,Low Light Stress,89.0,High,Low Light Stress,60.4,Moderate,Train,Derived prototype label - NOT observed plant-stress ground truth
2025-02-10 06:00:00,6.0,Flowering,19.47,76.74,0.0,21.54,Low Light Stress,60.4,Moderate,Low Light Stress,39.2,Moderate,Train,Derived prototype label - NOT observed plant-stress ground truth
2025-02-10 06:30:00,6.5,Flowering,21.01,69.64,3959.0,21.56,Low Light Stress,39.2,Moderate,No Significant Environmental Stress,11.0,Low,Train,Derived prototype label - NOT observed plant-stress ground truth
2025-02-10 07:00:00,7.0,Flowering,22.04,72.66,7836.0,21.68,No Significant Environmental Stress,11.0,Low,No Significant Environmental Stress,6.0,Low,Train,Derived prototype label - NOT observed plant-stress ground truth
2025-02-10 07:30:00,7.5,Flowering,23.03,71.09,12980.0,21.78,No Significant Environmental Stress,6.0,Low,No Significant Environmental Stress,0.0,Low,Train,Derived prototype label - NOT observed plant-stress ground truth
2025-02-10 08:00:00,8.0,Flowering,23.97,67.35,13911.0,21.91,No Significant Environmental Stress,0.0,Low,No Significant Environmental Stress,0.0,Low,Train,Derived prototype label - NOT observed plant-stress ground truth
2025-02-10 08:30:00,8.5,Flowering,24.84,69.02,18043.0,22.04,No Significant Environmental Stress,0.0,Low,No Significant Environmental Stress,0.0,Low,Train,Derived prototype label - NOT observed plant-stress ground truth
2025-02-10 09:00:00,9.0,Flowering,25.62,68.73,19987.0,22.19,No Significant Environmental Stress,0.0,Low,No Significant Environmental Stress,0.0,Low,Train,Derived prototype label - NOT observed plant-stress ground truth
2025-02-10 09:30:00,9.5,Flowering,26.31,67.28,23845.0,22.38,No Significant Environmental Stress,0.0,Low,No Significant Environmental Stress,4.2,Low,Train,Derived prototype label - NOT observed plant-stress ground truth
2025-02-10 10:00:00,10.0,Flowering,26.9,65.81,27002.0,22.66,No Significant Environmental Stress,4.2,Low,No Significant Environmental Stress,8.1,Low,Train,Derived prototype label - NOT observed plant-stress ground truth
2025-02-10 10:30:00,10.5,Flowering,27.36,62.86,30811.0,22.92,No Significant Environmental Stress,8.1,Low,No Significant Environmental Stress,10.5,Low,Train,Derived prototype label - NOT observed plant-stress ground truth
2025-02-10 11:00:00,11.0,Flowering,27.69,61.54,25913.0,23.21,No Significant Environmental Stress,10.5,Low,No Significant Environmental Stress,11.4,Low,Train,Derived prototype label - NOT observed plant-stress ground truth
2025-02-10 11:30:00,11.5,Flowering,27.9,62.79,28318.0,23.44,No Significant Environmental Stress,11.4,Low,Heat Stress,14.9,Low,Train,Derived prototype label - NOT observed plant-stress ground truth
2025-02-10 12:00:00,12.0,Flowering,27.97,62.24,27712.0,23.73,Heat Stress,14.9,Low,Heat Stress,17.7,Low,Train,Derived prototype label - NOT observed plant-stress ground truth
2025-02-10 12:30:00,12.5,Flowering,28.27,62.7,31152.0,23.88,Heat Stress,17.7,Low,Root-Zone Heat Stress,58.3,Moderate,Train,Derived prototype label - NOT observed plant-stress ground truth
2025-02-10 13:00:00,13.0,Flowering,28.43,61.41,34959.0,25.21,Root-Zone Heat Stress,58.3,Moderate,Root-Zone Heat Stress,43.0,Moderate,Train,Derived prototype label - NOT observed plant-stress ground truth
2025-02-10 13:30:00,13.5,Flowering,28.46,60.6,38201.0,29.41,Root-Zone Heat Stress,43.0,Moderate,No Significant Environmental Stress,0.0,Low,Train,Derived prototype label - NOT observed plant-stress ground truth
2025-02-10 14:00:00,14.0,Flowering,27.82,63.89,45768.0,28.35,No Significant Environmental Stress,0.0,Low,No Significant Environmental Stress,0.0,Low,Train,Derived prototype label - NOT observed plant-stress ground truth
2025-02-10 14:30:00,14.5,Flowering,26.88,62.89,27423.0,24.37,No Significant Environmental Stress,0.0,Low,No Significant Environmental Stress,0.0,Low,Train,Derived prototype label - NOT observed plant-stress ground truth
2025-02-10 15:00:00,15.0,Flowering,25.82,68.32,24911.0,24.44,No Significant Environmental Stress,0.0,Low,No Significant Environmental Stress,5.4,Low,Train,Derived prototype label - NOT observed plant-stress ground truth
2025-02-10 15:30:00,15.5,Flowering,24.84,69.07,18515.0,24.47,No Significant Environmental Stress,5.4,Low,Low Light Stress,21.4,Low,Train,Derived prototype label - NOT observed plant-stress ground truth
2025-02-10 16:00:00,16.0,Flowering,23.97,69.72,14013.0,24.42,Low Light Stress,21.4,Low,Low Light Stress,39.7,Moderate,Train,Derived prototype label - NOT observed plant-stress ground truth
2025-02-10 16:30:00,16.5,Flowering,23.03,70.37,11077.0,24.34,Low Light Stress,39.7,Moderate,Low Light Stress,61.2,Moderate,Train,Derived prototype label - NOT observed plant-stress ground truth
2025-02-10 17:00:00,17.0,Flowering,22.04,74.83,7742.0,24.22,Low Light Stress,61.2,Moderate,No Significant Environmental Stress,0.0,Low,Train,Derived prototype label - NOT observed plant-stress ground truth
2025-02-10 17:30:00,17.5,Flowering,21.01,72.32,3798.0,24.06,No Significant Environmental Stress,0.0,Low,No Significant Environmental Stress,0.0,Low,Train,Derived prototype label - NOT observed plant-stress ground truth
2025-02-10 18:00:00,18.0,Flowering,19.47,72.77,0.0,23.86,No Significant Environmental Stress,0.0,Low,No Significant Environmental Stress,0.0,Low,Train,Derived prototype label - NOT observed plant-stress ground truth
2025-02-10 18:30:00,18.5,Flowering,19.49,71.03,0.0,23.62,No Significant Environmental Stress,0.0,Low,No Significant Environmental Stress,0.0,Low,Train,Derived prototype label - NOT observed plant-stress ground truth
2025-02-10 19:00:00,19.0,Flowering,19.54,74.42,0.0,23.47,No Significant Environmental Stress,0.0,Low,No Significant Environmental Stress,0.0,Low,Train,Derived prototype label - NOT observed plant-stress ground truth
2025-02-10 19:30:00,19.5,Flowering,19.62,73.05,0.0,23.23,No Significant Environmental Stress,0.0,Low,No Significant Environmental Stress,0.0,Low,Train,Derived prototype label - NOT observed plant-stress ground truth
2025-02-10 20:00:00,20.0,Flowering,19.72,74.45,0.0,23.0,No Significant Environmental Stress,0.0,Low,No Significant Environmental Stress,0.0,Low,Train,Derived prototype label - NOT observed plant-stress ground truth
2025-02-10 20:30:00,20.5,Flowering,19.84,72.46,0.0,22.82,No Significant Environmental Stress,0.0,Low,No Significant Environmental Stress,0.0,Low,Train,Derived prototype label - NOT observed plant-stress ground truth
2025-02-10 21:00:00,21.0,Flowering,19.97,73.88,0.0,22.68,No Significant Environmental Stress,0.0,Low,No Significant Environmental Stress,0.0,Low,Train,Derived prototype label - NOT observed plant-stress ground truth
2025-02-10 21:30:00,21.5,Flowering,20.1,73.61,0.0,22.53,No Significant Environmental Stress,0.0,Low,High Humidity Stress,14.3,Low,Train,Derived prototype label - NOT observed plant-stress ground truth
2025-02-10 22:00:00,22.0,Flowering,20.22,71.97,0.0,22.37,High Humidity Stress,14.3,Low,No Significant Environmental Stress,0.0,Low,Train,Derived prototype label - NOT observed plant-stress ground truth
2025-02-10 22:30:00,22.5,Flowering,20.32,78.13,0.0,22.26,No Significant Environmental Stress,0.0,Low,No Significant Environmental Stress,5.6,Low,Train,Derived prototype label - NOT observed plant-stress ground truth
2025-02-10 23:00:00,23.0,Flowering,20.4,74.57,0.0,22.12,No Significant Environmental Stress,5.6,Low,High Humidity Stress,30.4,Low,Train,Derived prototype label - NOT observed plant-stress ground truth
2025-02-10 23:30:00,23.5,Flowering,20.45,76.23,0.0,22.08,High Humidity Stress,30.4,Low,High Humidity Stress,37.1,Moderate,Train,Derived prototype label - NOT observed plant-stress ground truth
2025-02-11 00:00:00,0.0,Flowering,20.25,81.68,0.0,21.99,High Humidity Stress,37.1,Moderate,High Humidity Stress,30.8,Low,Train,Derived prototype label - NOT observed plant-stress ground truth
2025-02-11 00:30:00,0.5,Flowering,20.23,83.14,0.0,21.93,High Humidity Stress,30.8,Low,High Humidity Stress,21.4,Low,Train,Derived prototype label - NOT observed plant-stress ground truth
2025-02-11 01:00:00,1.0,Flowering,20.18,81.77,0.0,21.83,High Humidity Stress,21.4,Low,High Humidity Stress,24.1,Low,Train,Derived prototype label - NOT observed plant-stress ground truth
2025-02-11 01:30:00,1.5,Flowering,20.1,79.69,0.0,21.75,High Humidity Stress,24.1,Low,High Humidity Stress,32.2,Low,Train,Derived prototype label - NOT observed plant-stress ground truth
2025-02-11 02:00:00,2.0,Flowering,20.0,80.28,0.0,21.73,High Humidity Stress,32.2,Low,High Humidity Stress,24.1,Low,Train,Derived prototype label - NOT observed plant-stress ground truth
2025-02-11 02:30:00,2.5,Flowering,19.88,82.07,0.0,21.69,High Humidity Stress,24.1,Low,High Humidity Stress,22.7,Low,Train,Derived prototype label - NOT observed plant-stress ground truth
2025-02-11 03:00:00,3.0,Flowering,19.75,80.29,0.0,21.69,High Humidity Stress,22.7,Low,No Significant Environmental Stress,9.1,Low,Train,Derived prototype label - NOT observed plant-stress ground truth
2025-02-11 03:30:00,3.5,Flowering,19.62,79.99,0.0,21.58,No Significant Environmental Stress,9.1,Low,High Humidity Stress,25.7,Low,Train,Derived prototype label - NOT observed plant-stress ground truth
2025-02-11 04:00:00,4.0,Flowering,19.5,77.0,0.0,21.56,High Humidity Stress,25.7,Low,High Humidity Stress,42.3,Moderate,Train,Derived prototype label - NOT observed plant-stress ground truth
2025-02-11 04:30:00,4.5,Flowering,19.4,80.64,0.0,21.56,High Humidity Stress,42.3,Moderate,High Humidity Stress,33.3,Low,Train,Derived prototype label - NOT observed plant-stress ground truth
2025-02-11 05:00:00,5.0,Flowering,19.32,84.29,0.0,21.46,High Humidity Stress,33.3,Low,Combined Environmental Stress,96.5,High,Train,Derived prototype label - NOT observed plant-stress ground truth
2025-02-11 05:30:00,5.5,Flowering,19.27,82.31,0.0,21.36,Combined Environmental Stress,96.5,High,Combined Environmental Stress,68.6,Moderate,Train,Derived prototype label - NOT observed plant-stress ground truth
2025-02-11 06:00:00,6.0,Flowering,19.25,83.16,0.0,21.34,Combined Environmental Stress,68.6,Moderate,High Humidity Stress,37.4,Moderate,Train,Derived prototype label - NOT observed plant-stress ground truth
2025-02-11 06:30:00,6.5,Flowering,20.93,82.32,4832.0,21.43,High Humidity Stress,37.4,Moderate,No Significant Environmental Stress,0.0,Low,Train,Derived prototype label - NOT observed plant-stress ground truth
2025-02-11 07:00:00,7.0,Flowering,22.09,81.01,10324.0,21.52,No Significant Environmental Stress,0.0,Low,No Significant Environmental Stress,10.2,Low,Train,Derived prototype label - NOT observed plant-stress ground truth
2025-02-11 07:30:00,7.5,Flowering,23.21,75.01,15392.0,21.75,No Significant Environmental Stress,10.2,Low,No Significant Environmental Stress,7.0,Low,Train,Derived prototype label - NOT observed plant-stress ground truth
2025-02-11 08:00:00,8.0,Flowering,24.27,77.23,22224.0,21.92,No Significant Environmental Stress,7.0,Low,No Significant Environmental Stress,0.0,Low,Train,Derived prototype label - NOT observed plant-stress ground truth
2025-02-11 08:30:00,8.5,Flowering,25.25,76.54,26880.0,22.08,No Significant Environmental Stress,0.0,Low,No Significant Environmental Stress,0.0,Low,Train,Derived prototype label - NOT observed plant-stress ground truth
2025-02-11 09:00:00,9.0,Flowering,26.14,71.88,27283.0,22.26,No Significant Environmental Stress,0.0,Low,No Significant Environmental Stress,6.8,Low,Train,Derived prototype label - NOT observed plant-stress ground truth
2025-02-11 09:30:00,9.5,Flowering,26.92,72.95,29952.0,22.56,No Significant Environmental Stress,6.8,Low,No Significant Environmental Stress,12.9,Low,Train,Derived prototype label - NOT observed plant-stress ground truth
2025-02-11 10:00:00,10.0,Flowering,27.58,70.33,35151.0,22.78,No Significant Environmental Stress,12.9,Low,Heat Stress,17.3,Low,Train,Derived prototype label - NOT observed plant-stress ground truth
2025-02-11 10:30:00,10.5,Flowering,28.1,67.29,31202.0,23.01,Heat Stress,17.3,Low,Heat Stress,20.0,Low,Train,Derived prototype label - NOT observed plant-stress ground truth
2025-02-11 11:00:00,11.0,Flowering,28.48,71.81,39872.0,23.31,Heat Stress,20.0,Low,Heat Stress,21.0,Low,Train,Derived prototype label - NOT observed plant-stress ground truth
2025-02-11 11:30:00,11.5,Flowering,28.71,72.12,44230.0,23.54,Heat Stress,21.0,Low,Heat Stress,20.0,Low,Train,Derived prototype label - NOT observed plant-stress ground truth
2025-02-11 12:00:00,12.0,Flowering,28.79,69.09,38760.0,23.82,Heat Stress,20.0,Low,Heat Stress,17.3,Low,Train,Derived prototype label - NOT observed plant-stress ground truth
2025-02-11 12:30:00,12.5,Flowering,28.71,67.22,38543.0,24.08,Heat Stress,17.3,Low,No Significant Environmental Stress,12.9,Low,Train,Derived prototype label - NOT observed plant-stress ground truth
2025-02-11 13:00:00,13.0,Flowering,28.48,69.7,43940.0,24.27,No Significant Environmental Stress,12.9,Low,No Significant Environmental Stress,8.0,Low,Train,Derived prototype label - NOT observed plant-stress ground truth
2025-02-11 13:30:00,13.5,Flowering,28.1,71.12,44602.0,24.41,No Significant Environmental Stress,8.0,Low,No Significant Environmental Stress,0.0,Low,Train,Derived prototype label - NOT observed plant-stress ground truth
2025-02-11 14:00:00,14.0,Flowering,27.58,75.66,38786.0,24.54,No Significant Environmental Stress,0.0,Low,No Significant Environmental Stress,0.0,Low,Train,Derived prototype label - NOT observed plant-stress ground truth
2025-02-11 14:30:00,14.5,Flowering,26.92,72.85,31884.0,24.64,No Significant Environmental Stress,0.0,Low,No Significant Environmental Stress,0.0,Low,Train,Derived prototype label - NOT observed plant-stress ground truth
2025-02-11 15:00:00,15.0,Flowering,26.14,72.54,28322.0,24.64,No Significant Environmental Stress,0.0,Low,No Significant Environmental Stress,1.2,Low,Train,Derived prototype label - NOT observed plant-stress ground truth
2025-02-11 15:30:00,15.5,Flowering,25.25,74.56,25962.0,24.64,No Significant Environmental Stress,1.2,Low,High Humidity Stress,30.3,Low,Train,Derived prototype label - NOT observed plant-stress ground truth
2025-02-11 16:00:00,16.0,Flowering,24.27,75.27,21381.0,24.65,High Humidity Stress,30.3,Low,High Humidity Stress,48.7,Moderate,Train,Derived prototype label - NOT observed plant-stress ground truth
2025-02-11 16:30:00,16.5,Flowering,23.21,81.65,16054.0,24.55,High Humidity Stress,48.7,Moderate,Combined Environmental Stress,69.4,Moderate,Train,Derived prototype label - NOT observed plant-stress ground truth
2025-02-11 17:00:00,17.0,Flowering,22.09,83.57,10452.0,24.33,Combined Environmental Stress,69.4,Moderate,High Humidity Stress,35.9,Moderate,Train,Derived prototype label - NOT observed plant-stress ground truth
2025-02-11 17:30:00,17.5,Flowering,20.93,83.96,5224.0,24.2,High Humidity Stress,35.9,Moderate,High Humidity Stress,32.7,Low,Train,Derived prototype label - NOT observed plant-stress ground truth
2025-02-11 18:00:00,18.0,Flowering,19.25,82.89,0.0,23.91,High Humidity Stress,32.7,Low,High Humidity Stress,25.2,Low,Train,Derived prototype label - NOT observed plant-stress ground truth
2025-02-11 18:30:00,18.5,Flowering,19.27,82.17,0.0,23.59,High Humidity Stress,25.2,Low,High Humidity Stress,30.8,Low,Train,Derived prototype label - NOT observed plant-stress ground truth
2025-02-11 19:00:00,19.0,Flowering,19.32,80.54,0.0,23.38,High Humidity Stress,30.8,Low,High Humidity Stress,26.1,Low,Train,Derived prototype label - NOT observed plant-stress ground truth
2025-02-11 19:30:00,19.5,Flowering,19.4,81.76,0.0,23.18,High Humidity Stress,26.1,Low,High Humidity Stress,39.6,Moderate,Train,Derived prototype label - NOT observed plant-stress ground truth
2025-02-11 20:00:00,20.0,Flowering,19.5,80.73,0.0,22.95,High Humidity Stress,39.6,Moderate,High Humidity Stress,29.2,Low,Train,Derived prototype label - NOT observed plant-stress ground truth
2025-02-11 20:30:00,20.5,Flowering,19.62,83.7,0.0,22.76,High Humidity Stress,29.2,Low,No Significant Environmental Stress,11.5,Low,Train,Derived prototype label - NOT observed plant-stress ground truth
2025-02-11 21:00:00,21.0,Flowering,19.75,81.41,0.0,22.56,No Significant Environmental Stress,11.5,Low,High Humidity Stress,35.1,Moderate,Train,Derived prototype label - NOT observed plant-stress ground truth
2025-02-11 21:30:00,21.5,Flowering,19.88,77.53,0.0,22.43,High Humidity Stress,35.1,Moderate,High Humidity Stress,31.1,Low,Train,Derived prototype label - NOT observed plant-stress ground truth
2025-02-11 22:00:00,22.0,Flowering,20.0,82.71,0.0,22.34,High Humidity Stress,31.1,Low,High Humidity Stress,31.6,Low,Train,Derived prototype label - NOT observed plant-stress ground truth
2025-02-11 22:30:00,22.5,Flowering,20.1,81.82,0.0,22.3,High Humidity Stress,31.6,Low,High Humidity Stress,38.9,Moderate,Train,Derived prototype label - NOT observed plant-stress ground truth
2025-02-11 23:00:00,23.0,Flowering,20.18,81.93,0.0,22.17,High Humidity Stress,38.9,Moderate,High Humidity Stress,43.2,Moderate,Train,Derived prototype label - NOT observed plant-stress ground truth
2025-02-11 23:30:00,23.5,Flowering,20.23,83.55,0.0,22.03,High Humidity Stress,43.2,Moderate,High Humidity Stress,25.3,Low,Train,Derived prototype label - NOT observed plant-stress ground truth
2025-02-12 00:00:00,0.0,Flowering,20.42,84.48,0.0,21.96,High Humidity Stress,25.3,Low,High Humidity Stress,37.5,Moderate,Train,Derived prototype label - NOT observed plant-stress ground truth
2025-02-12 00:30:00,0.5,Flowering,20.4,80.56,0.0,21.93,High Humidity Stress,37.5,Moderate,High Humidity Stress,46.0,Moderate,Train,Derived prototype label - NOT observed plant-stress ground truth
2025-02-12 01:00:00,1.0,Flowering,20.35,83.24,0.0,21.91,High Humidity Stress,46.0,Moderate,High Humidity Stress,51.1,Moderate,Train,Derived prototype label - NOT observed plant-stress ground truth
2025-02-12 01:30:00,1.5,Flowering,20.27,85.09,0.0,21.93,High Humidity Stress,51.1,Moderate,High Humidity Stress,31.0,Low,Train,Derived prototype label - NOT observed plant-stress ground truth
2025-02-12 02:00:00,2.0,Flowering,20.17,86.22,0.0,21.82,High Humidity Stress,31.0,Low,High Humidity Stress,34.3,Low,Train,Derived prototype label - NOT observed plant-stress ground truth
2025-02-12 02:30:00,2.5,Flowering,20.05,81.81,0.0,21.88,High Humidity Stress,34.3,Low,High Humidity Stress,27.1,Low,Train,Derived prototype label - NOT observed plant-stress ground truth
2025-02-12 03:00:00,3.0,Flowering,19.92,82.53,0.0,21.72,High Humidity Stress,27.1,Low,High Humidity Stress,28.0,Low,Train,Derived prototype label - NOT observed plant-stress ground truth
2025-02-12 03:30:00,3.5,Flowering,19.79,80.95,0.0,21.68,High Humidity Stress,28.0,Low,High Humidity Stress,39.8,Moderate,Train,Derived prototype label - NOT observed plant-stress ground truth
2025-02-12 04:00:00,4.0,Flowering,19.67,81.15,0.0,21.71,High Humidity Stress,39.8,Moderate,High Humidity Stress,29.8,Low,Train,Derived prototype label - NOT observed plant-stress ground truth
2025-02-12 04:30:00,4.5,Flowering,19.56,83.73,0.0,21.66,High Humidity Stress,29.8,Low,High Humidity Stress,39.5,Moderate,Train,Derived prototype label - NOT observed plant-stress ground truth
2025-02-12 05:00:00,5.0,Flowering,19.48,81.54,0.0,21.63,High Humidity Stress,39.5,Moderate,Combined Environmental Stress,95.9,High,Train,Derived prototype label - NOT observed plant-stress ground truth
2025-02-12 05:30:00,5.5,Flowering,19.43,83.66,0.0,21.59,Combined Environmental Stress,95.9,High,Combined Environmental Stress,66.1,Moderate,Train,Derived prototype label - NOT observed plant-stress ground truth
2025-02-12 06:00:00,6.0,Flowering,19.42,82.8,0.0,21.59,Combined Environmental Stress,66.1,Moderate,High Humidity Stress,44.8,Moderate,Train,Derived prototype label - NOT observed plant-stress ground truth
2025-02-12 06:30:00,6.5,Flowering,20.9,82.85,5458.0,21.59,High Humidity Stress,44.8,Moderate,High Humidity Stress,42.4,Moderate,Train,Derived prototype label - NOT observed plant-stress ground truth
2025-02-12 07:00:00,7.0,Flowering,21.86,82.7,10437.0,21.66,High Humidity Stress,42.4,Moderate,High Humidity Stress,13.8,Low,Train,Derived prototype label - NOT observed plant-stress ground truth
2025-02-12 07:30:00,7.5,Flowering,22.8,84.05,14437.0,21.77,High Humidity Stress,13.8,Low,High Humidity Stress,17.5,Low,Train,Derived prototype label - NOT observed plant-stress ground truth
2025-02-12 08:00:00,8.0,Flowering,23.68,78.03,20315.0,21.9,High Humidity Stress,17.5,Low,No Significant Environmental Stress,4.5,Low,Train,Derived prototype label - NOT observed plant-stress ground truth
2025-02-12 08:30:00,8.5,Flowering,24.5,78.85,23717.0,22.05,No Significant Environmental Stress,4.5,Low,High Humidity Stress,14.6,Low,Train,Derived prototype label - NOT observed plant-stress ground truth
2025-02-12 09:00:00,9.0,Flowering,25.24,75.98,23773.0,22.23,High Humidity Stress,14.6,Low,No Significant Environmental Stress,4.8,Low,Train,Derived prototype label - NOT observed plant-stress ground truth
2025-02-12 09:30:00,9.5,Flowering,25.89,78.21,32166.0,22.5,No Significant Environmental Stress,4.8,Low,No Significant Environmental Stress,3.6,Low,Train,Derived prototype label - NOT observed plant-stress ground truth
2025-02-12 10:00:00,10.0,Flowering,26.44,76.06,32228.0,22.69,No Significant Environmental Stress,3.6,Low,No Significant Environmental Stress,2.2,Low,Train,Derived prototype label - NOT observed plant-stress ground truth
2025-02-12 10:30:00,10.5,Flowering,26.87,75.8,36934.0,22.96,No Significant Environmental Stress,2.2,Low,No Significant Environmental Stress,4.5,Low,Train,Derived prototype label - NOT observed plant-stress ground truth
2025-02-12 11:00:00,11.0,Flowering,27.19,74.96,38165.0,23.23,No Significant Environmental Stress,4.5,Low,No Significant Environmental Stress,5.3,Low,Train,Derived prototype label - NOT observed plant-stress ground truth
2025-02-12 11:30:00,11.5,Flowering,27.38,71.25,47065.0,23.41,No Significant Environmental Stress,5.3,Low,No Significant Environmental Stress,4.5,Low,Train,Derived prototype label - NOT observed plant-stress ground truth
2025-02-12 12:00:00,12.0,Flowering,27.45,71.42,41004.0,23.61,No Significant Environmental Stress,4.5,Low,No Significant Environmental Stress,3.3,Low,Train,Derived prototype label - NOT observed plant-stress ground truth
2025-02-12 12:30:00,12.5,Flowering,27.38,72.76,39080.0,23.83,No Significant Environmental Stress,3.3,Low,No Significant Environmental Stress,3.2,Low,Train,Derived prototype label - NOT observed plant-stress ground truth
2025-02-12 13:00:00,13.0,Flowering,27.19,75.54,38297.0,23.96,No Significant Environmental Stress,3.2,Low,No Significant Environmental Stress,5.6,Low,Train,Derived prototype label - NOT observed plant-stress ground truth
2025-02-12 13:30:00,13.5,Flowering,26.87,75.7,33017.0,24.13,No Significant Environmental Stress,5.6,Low,No Significant Environmental Stress,1.6,Low,Train,Derived prototype label - NOT observed plant-stress ground truth
2025-02-12 14:00:00,14.0,Flowering,26.44,76.22,36781.0,24.3,No Significant Environmental Stress,1.6,Low,High Humidity Stress,17.9,Low,Train,Derived prototype label - NOT observed plant-stress ground truth
2025-02-12 14:30:00,14.5,Flowering,25.89,75.35,32222.0,24.42,High Humidity Stress,17.9,Low,No Significant Environmental Stress,4.8,Low,Train,Derived prototype label - NOT observed plant-stress ground truth
2025-02-12 15:00:00,15.0,Flowering,25.24,78.94,26803.0,24.4,No Significant Environmental Stress,4.8,Low,High Humidity Stress,29.8,Low,Train,Derived prototype label - NOT observed plant-stress ground truth
2025-02-12 15:30:00,15.5,Flowering,24.5,76.06,20205.0,24.38,High Humidity Stress,29.8,Low,High Humidity Stress,13.8,Low,Train,Derived prototype label - NOT observed plant-stress ground truth
2025-02-12 16:00:00,16.0,Flowering,23.68,81.54,20105.0,24.32,High Humidity Stress,13.8,Low,High Humidity Stress,42.2,Moderate,Train,Derived prototype label - NOT observed plant-stress ground truth
2025-02-12 16:30:00,16.5,Flowering,22.8,78.03,15262.0,24.23,High Humidity Stress,42.2,Moderate,Combined Environmental Stress,65.8,Moderate,Train,Derived prototype label - NOT observed plant-stress ground truth
2025-02-12 17:00:00,17.0,Flowering,21.86,82.16,10531.0,24.07,Combined Environmental Stress,65.8,Moderate,High Humidity Stress,41.4,Moderate,Train,Derived prototype label - NOT observed plant-stress ground truth
2025-02-12 17:30:00,17.5,Flowering,20.9,80.94,4892.0,23.88,High Humidity Stress,41.4,Moderate,High Humidity Stress,34.3,Low,Train,Derived prototype label - NOT observed plant-stress ground truth
2025-02-12 18:00:00,18.0,Flowering,19.42,84.08,0.0,23.65,High Humidity Stress,34.3,Low,High Humidity Stress,35.8,Moderate,Train,Derived prototype label - NOT observed plant-stress ground truth
2025-02-12 18:30:00,18.5,Flowering,19.43,82.52,0.0,23.45,High Humidity Stress,35.8,Moderate,High Humidity Stress,25.3,Low,Train,Derived prototype label - NOT observed plant-stress ground truth
2025-02-12 19:00:00,19.0,Flowering,19.48,82.86,0.0,23.26,High Humidity Stress,25.3,Low,High Humidity Stress,40.4,Moderate,Train,Derived prototype label - NOT observed plant-stress ground truth
2025-02-12 19:30:00,19.5,Flowering,19.56,80.56,0.0,23.03,High Humidity Stress,40.4,Moderate,High Humidity Stress,32.0,Low,Train,Derived prototype label - NOT observed plant-stress ground truth
2025-02-12 20:00:00,20.0,Flowering,19.67,83.87,0.0,22.91,High Humidity Stress,32.0,Low,High Humidity Stress,40.9,Moderate,Train,Derived prototype label - NOT observed plant-stress ground truth
2025-02-12 20:30:00,20.5,Flowering,19.79,82.02,0.0,22.78,High Humidity Stress,40.9,Moderate,High Humidity Stress,47.3,Moderate,Train,Derived prototype label - NOT observed plant-stress ground truth
2025-02-12 21:00:00,21.0,Flowering,19.92,83.98,0.0,22.59,High Humidity Stress,47.3,Moderate,High Humidity Stress,43.6,Moderate,Train,Derived prototype label - NOT observed plant-stress ground truth
2025-02-12 21:30:00,21.5,Flowering,20.05,85.38,0.0,22.52,High Humidity Stress,43.6,Moderate,High Humidity Stress,24.7,Low,Train,Derived prototype label - NOT observed plant-stress ground truth
2025-02-12 22:00:00,22.0,Flowering,20.17,84.56,0.0,22.37,High Humidity Stress,24.7,Low,High Humidity Stress,34.3,Low,Train,Derived prototype label - NOT observed plant-stress ground truth
2025-02-12 22:30:00,22.5,Flowering,20.27,80.42,0.0,22.27,High Humidity Stress,34.3,Low,High Humidity Stress,33.3,Low,Train,Derived prototype label - NOT observed plant-stress ground truth
2025-02-12 23:00:00,23.0,Flowering,20.35,82.53,0.0,22.25,High Humidity Stress,33.3,Low,High Humidity Stress,30.5,Low,Train,Derived prototype label - NOT observed plant-stress ground truth
2025-02-12 23:30:00,23.5,Flowering,20.4,82.32,0.0,22.14,High Humidity Stress,30.5,Low,High Humidity Stress,34.4,Low,Train,Derived prototype label - NOT observed plant-stress ground truth
2025-02-13 00:00:00,0.0,Flowering,20.07,81.69,0.0,22.08,High Humidity Stress,34.4,Low,High Humidity Stress,28.7,Low,Train,Derived prototype label - NOT observed plant-stress ground truth
2025-02-13 00:30:00,0.5,Flowering,20.05,82.56,0.0,22.05,High Humidity Stress,28.7,Low,High Humidity Stress,37.9,Moderate,Train,Derived prototype label - NOT observed plant-stress ground truth
2025-02-13 01:00:00,1.0,Flowering,20.0,81.29,0.0,22.05,High Humidity Stress,37.9,Moderate,High Humidity Stress,27.6,Low,Train,Derived prototype label - NOT observed plant-stress ground truth
2025-02-13 01:30:00,1.5,Flowering,19.92,83.31,0.0,21.91,High Humidity Stress,27.6,Low,High Humidity Stress,43.7,Moderate,Train,Derived prototype label - NOT observed plant-stress ground truth
2025-02-13 02:00:00,2.0,Flowering,19.82,81.06,0.0,21.88,High Humidity Stress,43.7,Moderate,High Humidity Stress,32.8,Low,Train,Derived prototype label - NOT observed plant-stress ground truth
2025-02-13 02:30:00,2.5,Flowering,19.7,84.59,0.0,21.8,High Humidity Stress,32.8,Low,High Humidity Stress,36.8,Moderate,Train,Derived prototype label - NOT observed plant-stress ground truth
2025-02-13 03:00:00,3.0,Flowering,19.57,82.21,0.0,21.74,High Humidity Stress,36.8,Moderate,High Humidity Stress,37.5,Moderate,Train,Derived prototype label - NOT observed plant-stress ground truth
2025-02-13 03:30:00,3.5,Flowering,19.44,83.07,0.0,21.69,High Humidity Stress,37.5,Moderate,High Humidity Stress,23.7,Low,Train,Derived prototype label - NOT observed plant-stress ground truth
2025-02-13 04:00:00,4.0,Flowering,19.32,83.23,0.0,21.61,High Humidity Stress,23.7,Low,High Humidity Stress,26.7,Low,Train,Derived prototype label - NOT observed plant-stress ground truth
2025-02-13 04:30:00,4.5,Flowering,19.21,80.21,0.0,21.53,High Humidity Stress,26.7,Low,High Humidity Stress,41.1,Moderate,Train,Derived prototype label - NOT observed plant-stress ground truth
2025-02-13 05:00:00,5.0,Flowering,19.13,80.87,0.0,21.49,High Humidity Stress,41.1,Moderate,Combined Environmental Stress,100.0,High,Train,Derived prototype label - NOT observed plant-stress ground truth
2025-02-13 05:30:00,5.5,Flowering,19.08,84.02,0.0,21.37,Combined Environmental Stress,100.0,High,Combined Environmental Stress,60.4,Moderate,Train,Derived prototype label - NOT observed plant-stress ground truth
2025-02-13 06:00:00,6.0,Flowering,19.07,85.17,0.0,21.32,Combined Environmental Stress,60.4,Moderate,High Humidity Stress,30.5,Low,Train,Derived prototype label - NOT observed plant-stress ground truth
2025-02-13 06:30:00,6.5,Flowering,20.75,82.64,6436.0,21.4,High Humidity Stress,30.5,Low,No Significant Environmental Stress,1.1,Low,Train,Derived prototype label - NOT observed plant-stress ground truth
2025-02-13 07:00:00,7.0,Flowering,21.92,80.41,12257.0,21.47,No Significant Environmental Stress,1.1,Low,No Significant Environmental Stress,0.0,Low,Train,Derived prototype label - NOT observed plant-stress ground truth
2025-02-13 07:30:00,7.5,Flowering,23.05,75.25,17555.0,21.56,No Significant Environmental Stress,0.0,Low,No Significant Environmental Stress,0.0,Low,Train,Derived prototype label - NOT observed plant-stress ground truth
2025-02-13 08:00:00,8.0,Flowering,24.11,74.49,20506.0,21.74,No Significant Environmental Stress,0.0,Low,No Significant Environmental Stress,0.0,Low,Train,Derived prototype label - NOT observed plant-stress ground truth
2025-02-13 08:30:00,8.5,Flowering,25.1,74.9,26826.0,21.9,No Significant Environmental Stress,0.0,Low,No Significant Environmental Stress,0.0,Low,Train,Derived prototype label - NOT observed plant-stress ground truth
2025-02-13 09:00:00,9.0,Flowering,26.0,74.65,38119.0,22.17,No Significant Environmental Stress,0.0,Low,No Significant Environmental Stress,5.3,Low,Train,Derived prototype label - NOT observed plant-stress ground truth
2025-02-13 09:30:00,9.5,Flowering,26.78,71.08,37791.0,22.35,No Significant Environmental Stress,5.3,Low,No Significant Environmental Stress,11.4,Low,Train,Derived prototype label - NOT observed plant-stress ground truth
2025-02-13 10:00:00,10.0,Flowering,27.45,72.66,42611.0,22.57,No Significant Environmental Stress,11.4,Low,Heat Stress,15.8,Low,Train,Derived prototype label - NOT observed plant-stress ground truth
2025-02-13 10:30:00,10.5,Flowering,27.97,73.12,42779.0,22.83,Heat Stress,15.8,Low,Heat Stress,19.2,Low,Train,Derived prototype label - NOT observed plant-stress ground truth
2025-02-13 11:00:00,11.0,Flowering,28.35,74.03,37364.0,23.13,Heat Stress,19.2,Low,Heat Stress,22.3,Low,Train,Derived prototype label - NOT observed plant-stress ground truth
2025-02-13 11:30:00,11.5,Flowering,28.59,66.31,50451.0,23.37,Heat Stress,22.3,Low,Heat Stress,18.6,Low,Train,Derived prototype label - NOT observed plant-stress ground truth
2025-02-13 12:00:00,12.0,Flowering,28.66,70.42,52233.0,23.62,Heat Stress,18.6,Low,Heat Stress,15.8,Low,Train,Derived prototype label - NOT observed plant-stress ground truth
2025-02-13 12:30:00,12.5,Flowering,28.59,72.87,48704.0,23.82,Heat Stress,15.8,Low,No Significant Environmental Stress,11.4,Low,Train,Derived prototype label - NOT observed plant-stress ground truth
2025-02-13 13:00:00,13.0,Flowering,28.35,71.57,45603.0,24.04,No Significant Environmental Stress,11.4,Low,No Significant Environmental Stress,5.3,Low,Train,Derived prototype label - NOT observed plant-stress ground truth
2025-02-13 13:30:00,13.5,Flowering,27.97,72.96,47299.0,24.17,No Significant Environmental Stress,5.3,Low,No Significant Environmental Stress,0.0,Low,Train,Derived prototype label - NOT observed plant-stress ground truth
2025-02-13 14:00:00,14.0,Flowering,27.45,74.8,41667.0,24.32,No Significant Environmental Stress,0.0,Low,No Significant Environmental Stress,0.0,Low,Train,Derived prototype label - NOT observed plant-stress ground truth
2025-02-13 14:30:00,14.5,Flowering,26.78,72.31,30083.0,24.38,No Significant Environmental Stress,0.0,Low,High Humidity Stress,15.1,Low,Train,Derived prototype label - NOT observed plant-stress ground truth
2025-02-13 15:00:00,15.0,Flowering,26.0,69.82,34026.0,24.43,High Humidity Stress,15.1,Low,No Significant Environmental Stress,2.6,Low,Train,Derived prototype label - NOT observed plant-stress ground truth
2025-02-13 15:30:00,15.5,Flowering,25.1,78.31,26067.0,24.44,No Significant Environmental Stress,2.6,Low,High Humidity Stress,22.1,Low,Train,Derived prototype label - NOT observed plant-stress ground truth
2025-02-13 16:00:00,16.0,Flowering,24.11,75.57,21910.0,24.47,High Humidity Stress,22.1,Low,High Humidity Stress,47.2,Moderate,Train,Derived prototype label - NOT observed plant-stress ground truth
2025-02-13 16:30:00,16.5,Flowering,23.05,79.85,21065.0,24.35,High Humidity Stress,47.2,Moderate,Combined Environmental Stress,61.0,Moderate,Train,Derived prototype label - NOT observed plant-stress ground truth
2025-02-13 17:00:00,17.0,Flowering,21.92,84.13,12357.0,24.23,Combined Environmental Stress,61.0,Moderate,High Humidity Stress,23.3,Low,Train,Derived prototype label - NOT observed plant-stress ground truth
2025-02-13 17:30:00,17.5,Flowering,20.75,81.63,5999.0,24.0,High Humidity Stress,23.3,Low,High Humidity Stress,38.4,Moderate,Train,Derived prototype label - NOT observed plant-stress ground truth
2025-02-13 18:00:00,18.0,Flowering,19.07,80.12,0.0,23.72,High Humidity Stress,38.4,Moderate,High Humidity Stress,30.8,Low,Train,Derived prototype label - NOT observed plant-stress ground truth
2025-02-13 18:30:00,18.5,Flowering,19.08,83.44,0.0,23.46,High Humidity Stress,30.8,Low,High Humidity Stress,34.3,Low,Train,Derived prototype label - NOT observed plant-stress ground truth
2025-02-13 19:00:00,19.0,Flowering,19.13,81.77,0.0,23.19,High Humidity Stress,34.3,Low,High Humidity Stress,26.5,Low,Train,Derived prototype label - NOT observed plant-stress ground truth
2025-02-13 19:30:00,19.5,Flowering,19.21,82.53,0.0,22.98,High Humidity Stress,26.5,Low,High Humidity Stress,34.0,Low,Train,Derived prototype label - NOT observed plant-stress ground truth
2025-02-13 20:00:00,20.0,Flowering,19.32,80.82,0.0,22.75,High Humidity Stress,34.0,Low,High Humidity Stress,30.1,Low,Train,Derived prototype label - NOT observed plant-stress ground truth
2025-02-13 20:30:00,20.5,Flowering,19.44,82.47,0.0,22.55,High Humidity Stress,30.1,Low,High Humidity Stress,33.9,Low,Train,Derived prototype label - NOT observed plant-stress ground truth
2025-02-13 21:00:00,21.0,Flowering,19.57,81.6,0.0,22.41,High Humidity Stress,33.9,Low,High Humidity Stress,29.5,Low,Train,Derived prototype label - NOT observed plant-stress ground truth
2025-02-13 21:30:00,21.5,Flowering,19.7,82.44,0.0,22.24,High Humidity Stress,29.5,Low,High Humidity Stress,28.3,Low,Train,Derived prototype label - NOT observed plant-stress ground truth
2025-02-13 22:00:00,22.0,Flowering,19.82,81.48,0.0,22.12,High Humidity Stress,28.3,Low,High Humidity Stress,28.3,Low,Train,Derived prototype label - NOT observed plant-stress ground truth
2025-02-13 22:30:00,22.5,Flowering,19.92,81.21,0.0,22.02,High Humidity Stress,28.3,Low,High Humidity Stress,28.9,Low,Train,Derived prototype label - NOT observed plant-stress ground truth
2025-02-13 23:00:00,23.0,Flowering,20.0,81.21,0.0,21.98,High Humidity Stress,28.9,Low,High Humidity Stress,14.1,Low,Train,Derived prototype label - NOT observed plant-stress ground truth
2025-02-13 23:30:00,23.5,Flowering,20.05,81.34,0.0,22.04,High Humidity Stress,14.1,Low,High Humidity Stress,19.8,Low,Train,Derived prototype label - NOT observed plant-stress ground truth
2025-02-14 00:00:00,0.0,Flowering,21.62,78.1,0.0,22.09,High Humidity Stress,19.8,Low,High Humidity Stress,26.1,Low,Train,Derived prototype label - NOT observed plant-stress ground truth
2025-02-14 00:30:00,0.5,Flowering,21.6,79.35,0.0,22.12,High Humidity Stress,26.1,Low,High Humidity Stress,31.7,Low,Train,Derived prototype label - NOT observed plant-stress ground truth
2025-02-14 01:00:00,1.0,Flowering,21.55,80.74,0.0,22.1,High Humidity Stress,31.7,Low,High Humidity Stress,21.6,Low,Train,Derived prototype label - NOT observed plant-stress ground truth
2025-02-14 01:30:00,1.5,Flowering,21.47,81.96,0.0,22.13,High Humidity Stress,21.6,Low,High Humidity Stress,16.2,Low,Train,Derived prototype label - NOT observed plant-stress ground truth
2025-02-14 02:00:00,2.0,Flowering,21.37,79.75,0.0,22.09,High Humidity Stress,16.2,Low,High Humidity Stress,24.6,Low,Train,Derived prototype label - NOT observed plant-stress ground truth
2025-02-14 02:30:00,2.5,Flowering,21.25,78.56,0.0,21.98,High Humidity Stress,24.6,Low,High Humidity Stress,29.1,Low,Train,Derived prototype label - NOT observed plant-stress ground truth
2025-02-14 03:00:00,3.0,Flowering,21.12,80.39,0.0,21.92,High Humidity Stress,29.1,Low,High Humidity Stress,34.7,Low,Train,Derived prototype label - NOT observed plant-stress ground truth
2025-02-14 03:30:00,3.5,Flowering,20.99,81.39,0.0,21.92,High Humidity Stress,34.7,Low,High Humidity Stress,36.9,Moderate,Train,Derived prototype label - NOT observed plant-stress ground truth
2025-02-14 04:00:00,4.0,Flowering,20.87,82.61,0.0,21.12,High Humidity Stress,36.9,Moderate,High Humidity Stress,33.3,Low,Train,Derived prototype label - NOT observed plant-stress ground truth
2025-02-14 04:30:00,4.5,Flowering,20.76,82.62,0.0,19.53,High Humidity Stress,33.3,Low,Combined Environmental Stress,52.4,Moderate,Train,Derived prototype label - NOT observed plant-stress ground truth
2025-02-14 05:00:00,5.0,Flowering,20.69,80.67,0.0,18.36,Combined Environmental Stress,52.4,Moderate,Combined Environmental Stress,92.6,High,Train,Derived prototype label - NOT observed plant-stress ground truth
2025-02-14 05:30:00,5.5,Flowering,20.64,82.4,0.0,16.65,Combined Environmental Stress,92.6,High,Combined Environmental Stress,69.8,Moderate,Train,Derived prototype label - NOT observed plant-stress ground truth
2025-02-14 06:00:00,6.0,Flowering,20.62,80.94,0.0,17.83,Combined Environmental Stress,69.8,Moderate,Low Light Stress,26.5,Low,Train,Derived prototype label - NOT observed plant-stress ground truth
2025-02-14 06:30:00,6.5,Flowering,21.88,82.12,4539.0,19.0,Low Light Stress,26.5,Low,No Significant Environmental Stress,7.0,Low,Train,Derived prototype label - NOT observed plant-stress ground truth
2025-02-14 07:00:00,7.0,Flowering,22.62,74.68,10161.0,21.13,No Significant Environmental Stress,7.0,Low,No Significant Environmental Stress,0.0,Low,Train,Derived prototype label - NOT observed plant-stress ground truth
2025-02-14 07:30:00,7.5,Flowering,23.34,76.46,14855.0,22.04,No Significant Environmental Stress,0.0,Low,No Significant Environmental Stress,5.2,Low,Train,Derived prototype label - NOT observed plant-stress ground truth
2025-02-14 08:00:00,8.0,Flowering,24.03,72.82,19089.0,22.21,No Significant Environmental Stress,5.2,Low,No Significant Environmental Stress,0.0,Low,Train,Derived prototype label - NOT observed plant-stress ground truth
2025-02-14 08:30:00,8.5,Flowering,24.66,76.15,24294.0,22.36,No Significant Environmental Stress,0.0,Low,No Significant Environmental Stress,4.9,Low,Train,Derived prototype label - NOT observed plant-stress ground truth
2025-02-14 09:00:00,9.0,Flowering,25.23,72.24,24760.0,22.48,No Significant Environmental Stress,4.9,Low,No Significant Environmental Stress,0.0,Low,Train,Derived prototype label - NOT observed plant-stress ground truth
2025-02-14 09:30:00,9.5,Flowering,25.73,76.07,27197.0,22.66,No Significant Environmental Stress,0.0,Low,No Significant Environmental Stress,0.0,Low,Train,Derived prototype label - NOT observed plant-stress ground truth
2025-02-14 10:00:00,10.0,Flowering,26.15,70.84,30571.0,22.82,No Significant Environmental Stress,0.0,Low,No Significant Environmental Stress,0.0,Low,Train,Derived prototype label - NOT observed plant-stress ground truth
2025-02-14 10:30:00,10.5,Flowering,26.49,72.19,39091.0,23.0,No Significant Environmental Stress,0.0,Low,No Significant Environmental Stress,0.0,Low,Train,Derived prototype label - NOT observed plant-stress ground truth
2025-02-14 11:00:00,11.0,Flowering,26.74,69.15,38395.0,23.21,No Significant Environmental Stress,0.0,Low,No Significant Environmental Stress,0.0,Low,Train,Derived prototype label - NOT observed plant-stress ground truth
2025-02-14 11:30:00,11.5,Flowering,26.88,68.28,40116.0,23.33,No Significant Environmental Stress,0.0,Low,No Significant Environmental Stress,0.0,Low,Train,Derived prototype label - NOT observed plant-stress ground truth
2025-02-14 12:00:00,12.0,Flowering,26.93,70.5,37842.0,23.5,No Significant Environmental Stress,0.0,Low,No Significant Environmental Stress,0.0,Low,Train,Derived prototype label - NOT observed plant-stress ground truth
2025-02-14 12:30:00,12.5,Flowering,26.88,71.79,37879.0,23.68,No Significant Environmental Stress,0.0,Low,No Significant Environmental Stress,0.0,Low,Train,Derived prototype label - NOT observed plant-stress ground truth
2025-02-14 13:00:00,13.0,Flowering,26.74,67.71,33843.0,23.82,No Significant Environmental Stress,0.0,Low,No Significant Environmental Stress,4.3,Low,Train,Derived prototype label - NOT observed plant-stress ground truth
2025-02-14 13:30:00,13.5,Flowering,26.49,69.69,33545.0,24.01,No Significant Environmental Stress,4.3,Low,No Significant Environmental Stress,2.4,Low,Train,Derived prototype label - NOT observed plant-stress ground truth
2025-02-14 14:00:00,14.0,Flowering,26.15,75.95,37661.0,24.05,No Significant Environmental Stress,2.4,Low,No Significant Environmental Stress,0.0,Low,Train,Derived prototype label - NOT observed plant-stress ground truth
2025-02-14 14:30:00,14.5,Flowering,25.73,75.53,29321.0,24.13,No Significant Environmental Stress,0.0,Low,No Significant Environmental Stress,0.0,Low,Train,Derived prototype label - NOT observed plant-stress ground truth
2025-02-14 15:00:00,15.0,Flowering,25.23,71.7,24862.0,24.16,No Significant Environmental Stress,0.0,Low,No Significant Environmental Stress,6.5,Low,Train,Derived prototype label - NOT observed plant-stress ground truth
2025-02-14 15:30:00,15.5,Flowering,24.66,72.4,27866.0,24.12,No Significant Environmental Stress,6.5,Low,High Humidity Stress,15.1,Low,Train,Derived prototype label - NOT observed plant-stress ground truth
2025-02-14 16:00:00,16.0,Flowering,24.03,76.42,18401.0,24.16,High Humidity Stress,15.1,Low,Low Light Stress,26.9,Low,Train,Derived prototype label - NOT observed plant-stress ground truth
2025-02-14 16:30:00,16.5,Flowering,23.34,78.32,15603.0,24.07,Low Light Stress,26.9,Low,Combined Environmental Stress,66.6,Moderate,Train,Derived prototype label - NOT observed plant-stress ground truth
2025-02-14 17:00:00,17.0,Flowering,22.62,77.26,10814.0,23.95,Combined Environmental Stress,66.6,Moderate,High Humidity Stress,33.0,Low,Train,Derived prototype label - NOT observed plant-stress ground truth
2025-02-14 17:30:00,17.5,Flowering,21.88,80.95,4745.0,23.9,High Humidity Stress,33.0,Low,High Humidity Stress,29.8,Low,Train,Derived prototype label - NOT observed plant-stress ground truth
2025-02-14 18:00:00,18.0,Flowering,20.62,82.24,0.0,23.79,High Humidity Stress,29.8,Low,High Humidity Stress,30.7,Low,Train,Derived prototype label - NOT observed plant-stress ground truth
2025-02-14 18:30:00,18.5,Flowering,20.64,81.55,0.0,23.71,High Humidity Stress,30.7,Low,High Humidity Stress,36.6,Moderate,Train,Derived prototype label - NOT observed plant-stress ground truth
2025-02-14 19:00:00,19.0,Flowering,20.69,81.74,0.0,23.57,High Humidity Stress,36.6,Moderate,No Significant Environmental Stress,10.4,Low,Train,Derived prototype label - NOT observed plant-stress ground truth
2025-02-14 19:30:00,19.5,Flowering,20.76,83.04,0.0,23.34,No Significant Environmental Stress,10.4,Low,High Humidity Stress,14.3,Low,Train,Derived prototype label - NOT observed plant-stress ground truth
2025-02-14 20:00:00,20.0,Flowering,20.87,77.28,0.0,23.19,High Humidity Stress,14.3,Low,High Humidity Stress,21.3,Low,Train,Derived prototype label - NOT observed plant-stress ground truth
2025-02-14 20:30:00,20.5,Flowering,20.99,78.14,0.0,23.05,High Humidity Stress,21.3,Low,High Humidity Stress,36.8,Moderate,Train,Derived prototype label - NOT observed plant-stress ground truth
2025-02-14 21:00:00,21.0,Flowering,21.12,79.67,0.0,22.89,High Humidity Stress,36.8,Moderate,High Humidity Stress,21.5,Low,Train,Derived prototype label - NOT observed plant-stress ground truth
2025-02-14 21:30:00,21.5,Flowering,21.25,83.08,0.0,22.72,High Humidity Stress,21.5,Low,High Humidity Stress,30.4,Low,Train,Derived prototype label - NOT observed plant-stress ground truth
2025-02-14 22:00:00,22.0,Flowering,21.37,79.71,0.0,22.58,High Humidity Stress,30.4,Low,High Humidity Stress,20.4,Low,Train,Derived prototype label - NOT observed plant-stress ground truth
2025-02-14 22:30:00,22.5,Flowering,21.47,81.68,0.0,22.55,High Humidity Stress,20.4,Low,High Humidity Stress,27.2,Low,Train,Derived prototype label - NOT observed plant-stress ground truth
2025-02-14 23:00:00,23.0,Flowering,21.55,79.48,0.0,22.49,High Humidity Stress,27.2,Low,High Humidity Stress,16.0,Low,Train,Derived prototype label - NOT observed plant-stress ground truth
2025-02-14 23:30:00,23.5,Flowering,21.6,80.96,0.0,22.42,High Humidity Stress,16.0,Low,High Humidity Stress,19.8,Low,Train,Derived prototype label - NOT observed plant-stress ground truth
2025-02-15 00:00:00,0.0,Flowering,20.76,78.52,0.0,22.36,High Humidity Stress,19.8,Low,No Significant Environmental Stress,12.0,Low,Train,Derived prototype label - NOT observed plant-stress ground truth
2025-02-15 00:30:00,0.5,Flowering,20.74,79.35,0.0,22.27,No Significant Environmental Stress,12.0,Low,No Significant Environmental Stress,10.1,Low,Train,Derived prototype label - NOT observed plant-stress ground truth
2025-02-15 01:00:00,1.0,Flowering,20.69,77.63,0.0,22.19,No Significant Environmental Stress,10.1,Low,No Significant Environmental Stress,0.0,Low,Train,Derived prototype label - NOT observed plant-stress ground truth
2025-02-15 01:30:00,1.5,Flowering,20.61,77.22,0.0,22.12,No Significant Environmental Stress,0.0,Low,No Significant Environmental Stress,8.1,Low,Train,Derived prototype label - NOT observed plant-stress ground truth
2025-02-15 02:00:00,2.0,Flowering,20.51,73.21,0.0,22.16,No Significant Environmental Stress,8.1,Low,High Humidity Stress,24.6,Low,Train,Derived prototype label - NOT observed plant-stress ground truth
2025-02-15 02:30:00,2.5,Flowering,20.39,76.77,0.0,22.09,High Humidity Stress,24.6,Low,No Significant Environmental Stress,8.5,Low,Train,Derived prototype label - NOT observed plant-stress ground truth
2025-02-15 03:00:00,3.0,Flowering,20.26,80.39,0.0,21.95,No Significant Environmental Stress,8.5,Low,No Significant Environmental Stress,1.9,Low,Train,Derived prototype label - NOT observed plant-stress ground truth
2025-02-15 03:30:00,3.5,Flowering,20.13,76.87,0.0,21.9,No Significant Environmental Stress,1.9,Low,No Significant Environmental Stress,0.0,Low,Train,Derived prototype label - NOT observed plant-stress ground truth
2025-02-15 04:00:00,4.0,Flowering,20.01,75.42,0.0,21.82,No Significant Environmental Stress,0.0,Low,No Significant Environmental Stress,0.0,Low,Train,Derived prototype label - NOT observed plant-stress ground truth
2025-02-15 04:30:00,4.5,Flowering,19.91,74.74,0.0,21.8,No Significant Environmental Stress,0.0,Low,No Significant Environmental Stress,6.5,Low,Train,Derived prototype label - NOT observed plant-stress ground truth
2025-02-15 05:00:00,5.0,Flowering,19.83,74.39,0.0,21.71,No Significant Environmental Stress,6.5,Low,Low Light Stress,87.7,High,Train,Derived prototype label - NOT observed plant-stress ground truth
2025-02-15 05:30:00,5.5,Flowering,19.78,76.42,0.0,21.66,Low Light Stress,87.7,High,Low Light Stress,58.9,Moderate,Train,Derived prototype label - NOT observed plant-stress ground truth
2025-02-15 06:00:00,6.0,Flowering,19.76,75.98,0.0,21.6,Low Light Stress,58.9,Moderate,Low Light Stress,33.7,Low,Train,Derived prototype label - NOT observed plant-stress ground truth
2025-02-15 06:30:00,6.5,Flowering,21.05,76.08,4580.0,21.6,Low Light Stress,33.7,Low,Low Light Stress,20.5,Low,Train,Derived prototype label - NOT observed plant-stress ground truth
2025-02-15 07:00:00,7.0,Flowering,21.83,74.88,8842.0,21.64,Low Light Stress,20.5,Low,No Significant Environmental Stress,0.0,Low,Train,Derived prototype label - NOT observed plant-stress ground truth
2025-02-15 07:30:00,7.5,Flowering,22.59,76.38,11690.0,21.73,No Significant Environmental Stress,0.0,Low,No Significant Environmental Stress,0.7,Low,Train,Derived prototype label - NOT observed plant-stress ground truth
2025-02-15 08:00:00,8.0,Flowering,23.3,70.68,19384.0,21.86,No Significant Environmental Stress,0.7,Low,No Significant Environmental Stress,0.0,Low,Train,Derived prototype label - NOT observed plant-stress ground truth
2025-02-15 08:30:00,8.5,Flowering,23.96,75.15,23688.0,22.05,No Significant Environmental Stress,0.0,Low,No Significant Environmental Stress,0.0,Low,Train,Derived prototype label - NOT observed plant-stress ground truth
2025-02-15 09:00:00,9.0,Flowering,24.56,70.74,24746.0,22.15,No Significant Environmental Stress,0.0,Low,No Significant Environmental Stress,0.0,Low,Train,Derived prototype label - NOT observed plant-stress ground truth
2025-02-15 09:30:00,9.5,Flowering,25.08,71.28,27559.0,22.33,No Significant Environmental Stress,0.0,Low,No Significant Environmental Stress,0.0,Low,Train,Derived prototype label - NOT observed plant-stress ground truth
2025-02-15 10:00:00,10.0,Flowering,25.52,70.95,29260.0,22.52,No Significant Environmental Stress,0.0,Low,No Significant Environmental Stress,0.0,Low,Train,Derived prototype label - NOT observed plant-stress ground truth
2025-02-15 10:30:00,10.5,Flowering,25.87,67.09,26790.0,22.7,No Significant Environmental Stress,0.0,Low,No Significant Environmental Stress,0.0,Low,Train,Derived prototype label - NOT observed plant-stress ground truth
2025-02-15 11:00:00,11.0,Flowering,26.13,68.53,31923.0,22.97,No Significant Environmental Stress,0.0,Low,No Significant Environmental Stress,0.0,Low,Train,Derived prototype label - NOT observed plant-stress ground truth
2025-02-15 11:30:00,11.5,Flowering,26.29,67.75,31107.0,23.12,No Significant Environmental Stress,0.0,Low,No Significant Environmental Stress,0.0,Low,Train,Derived prototype label - NOT observed plant-stress ground truth
2025-02-15 12:00:00,12.0,Flowering,26.34,68.51,32273.0,23.28,No Significant Environmental Stress,0.0,Low,No Significant Environmental Stress,0.0,Low,Train,Derived prototype label - NOT observed plant-stress ground truth
2025-02-15 12:30:00,12.5,Flowering,26.29,65.94,31003.0,23.47,No Significant Environmental Stress,0.0,Low,No Significant Environmental Stress,0.0,Low,Train,Derived prototype label - NOT observed plant-stress ground truth
2025-02-15 13:00:00,13.0,Flowering,26.13,67.32,28843.0,23.57,No Significant Environmental Stress,0.0,Low,No Significant Environmental Stress,0.0,Low,Train,Derived prototype label - NOT observed plant-stress ground truth
2025-02-15 13:30:00,13.5,Flowering,25.87,69.21,29048.0,23.63,No Significant Environmental Stress,0.0,Low,No Significant Environmental Stress,0.0,Low,Train,Derived prototype label - NOT observed plant-stress ground truth
2025-02-15 14:00:00,14.0,Flowering,25.52,70.44,32862.0,23.76,No Significant Environmental Stress,0.0,Low,No Significant Environmental Stress,5.0,Low,Train,Derived prototype label - NOT observed plant-stress ground truth
2025-02-15 14:30:00,14.5,Flowering,25.08,70.13,27720.0,23.85,No Significant Environmental Stress,5.0,Low,High Humidity Stress,31.8,Low,Train,Derived prototype label - NOT observed plant-stress ground truth
2025-02-15 15:00:00,15.0,Flowering,24.56,76.1,24002.0,23.84,High Humidity Stress,31.8,Low,High Humidity Stress,54.3,Moderate,Train,Derived prototype label - NOT observed plant-stress ground truth
2025-02-15 15:30:00,15.5,Flowering,23.96,81.97,20963.0,23.85,High Humidity Stress,54.3,Moderate,High Humidity Stress,80.8,High,Train,Derived prototype label - NOT observed plant-stress ground truth
2025-02-15 16:00:00,16.0,Flowering,23.3,86.92,19472.0,23.84,High Humidity Stress,80.8,High,Combined Environmental Stress,94.0,High,Train,Derived prototype label - NOT observed plant-stress ground truth
2025-02-15 16:30:00,16.5,Flowering,22.59,92.24,13943.0,23.86,Combined Environmental Stress,94.0,High,Combined Environmental Stress,72.2,High,Train,Derived prototype label - NOT observed plant-stress ground truth
2025-02-15 17:00:00,17.0,Flowering,21.83,93.09,9363.0,23.83,Combined Environmental Stress,72.2,High,High Humidity Stress,19.3,Low,Train,Derived prototype label - NOT observed plant-stress ground truth
2025-02-15 17:30:00,17.5,Flowering,21.05,83.93,4693.0,23.71,High Humidity Stress,19.3,Low,No Significant Environmental Stress,7.5,Low,Train,Derived prototype label - NOT observed plant-stress ground truth
2025-02-15 18:00:00,18.0,Flowering,19.76,79.24,0.0,23.44,No Significant Environmental Stress,7.5,Low,No Significant Environmental Stress,11.4,Low,Train,Derived prototype label - NOT observed plant-stress ground truth
2025-02-15 18:30:00,18.5,Flowering,19.78,76.65,0.0,23.25,No Significant Environmental Stress,11.4,Low,High Humidity Stress,13.3,Low,Train,Derived prototype label - NOT observed plant-stress ground truth
2025-02-15 19:00:00,19.0,Flowering,19.83,77.51,0.0,23.07,High Humidity Stress,13.3,Low,High Humidity Stress,16.3,Low,Train,Derived prototype label - NOT observed plant-stress ground truth
2025-02-15 19:30:00,19.5,Flowering,19.91,77.92,0.0,22.91,High Humidity Stress,16.3,Low,High Humidity Stress,17.5,Low,Train,Derived prototype label - NOT observed plant-stress ground truth
2025-02-15 20:00:00,20.0,Flowering,20.01,78.58,0.0,22.75,High Humidity Stress,17.5,Low,No Significant Environmental Stress,10.7,Low,Train,Derived prototype label - NOT observed plant-stress ground truth
2025-02-15 20:30:00,20.5,Flowering,20.13,78.84,0.0,22.66,No Significant Environmental Stress,10.7,Low,No Significant Environmental Stress,10.2,Low,Train,Derived prototype label - NOT observed plant-stress ground truth
2025-02-15 21:00:00,21.0,Flowering,20.26,77.34,0.0,22.56,No Significant Environmental Stress,10.2,Low,No Significant Environmental Stress,9.3,Low,Train,Derived prototype label - NOT observed plant-stress ground truth
2025-02-15 21:30:00,21.5,Flowering,20.39,77.23,0.0,22.41,No Significant Environmental Stress,9.3,Low,High Humidity Stress,20.6,Low,Train,Derived prototype label - NOT observed plant-stress ground truth
2025-02-15 22:00:00,22.0,Flowering,20.51,77.04,0.0,22.28,High Humidity Stress,20.6,Low,High Humidity Stress,19.1,Low,Train,Derived prototype label - NOT observed plant-stress ground truth
2025-02-15 22:30:00,22.5,Flowering,20.61,79.53,0.0,22.12,High Humidity Stress,19.1,Low,No Significant Environmental Stress,0.0,Low,Train,Derived prototype label - NOT observed plant-stress ground truth
2025-02-15 23:00:00,23.0,Flowering,20.69,79.2,0.0,22.04,No Significant Environmental Stress,0.0,Low,High Humidity Stress,43.3,Moderate,Train,Derived prototype label - NOT observed plant-stress ground truth
2025-02-15 23:30:00,23.5,Flowering,20.74,74.91,0.0,22.0,High Humidity Stress,43.3,Moderate,High Humidity Stress,44.6,Moderate,Train,Derived prototype label - NOT observed plant-stress ground truth
2025-02-16 00:00:00,0.0,Flowering,20.44,84.5,0.0,21.93,High Humidity Stress,44.6,Moderate,High Humidity Stress,33.8,Low,Train,Derived prototype label - NOT observed plant-stress ground truth
2025-02-16 00:30:00,0.5,Flowering,20.42,84.8,0.0,21.88,High Humidity Stress,33.8,Low,High Humidity Stress,37.7,Moderate,Train,Derived prototype label - NOT observed plant-stress ground truth
2025-02-16 01:00:00,1.0,Flowering,20.37,82.41,0.0,21.91,High Humidity Stress,37.7,Moderate,High Humidity Stress,33.5,Low,Train,Derived prototype label - NOT observed plant-stress ground truth
2025-02-16 01:30:00,1.5,Flowering,20.29,83.28,0.0,21.87,High Humidity Stress,33.5,Low,High Humidity Stress,31.1,Low,Train,Derived prototype label - NOT observed plant-stress ground truth
2025-02-16 02:00:00,2.0,Flowering,20.19,82.35,0.0,21.83,High Humidity Stress,31.1,Low,High Humidity Stress,48.2,Moderate,Train,Derived prototype label - NOT observed plant-stress ground truth
2025-02-16 02:30:00,2.5,Flowering,20.07,81.83,0.0,21.8,High Humidity Stress,48.2,Moderate,High Humidity Stress,42.0,Moderate,Train,Derived prototype label - NOT observed plant-stress ground truth
2025-02-16 03:00:00,3.0,Flowering,19.94,85.58,0.0,21.76,High Humidity Stress,42.0,Moderate,High Humidity Stress,41.6,Moderate,Train,Derived prototype label - NOT observed plant-stress ground truth
2025-02-16 03:30:00,3.5,Flowering,19.81,84.23,0.0,21.77,High Humidity Stress,41.6,Moderate,High Humidity Stress,45.1,Moderate,Train,Derived prototype label - NOT observed plant-stress ground truth
2025-02-16 04:00:00,4.0,Flowering,19.69,84.13,0.0,21.72,High Humidity Stress,45.1,Moderate,High Humidity Stress,40.5,Moderate,Train,Derived prototype label - NOT observed plant-stress ground truth
2025-02-16 04:30:00,4.5,Flowering,19.59,84.9,0.0,21.75,High Humidity Stress,40.5,Moderate,High Humidity Stress,37.5,Moderate,Train,Derived prototype label - NOT observed plant-stress ground truth
2025-02-16 05:00:00,5.0,Flowering,19.51,83.88,0.0,21.68,High Humidity Stress,37.5,Moderate,Combined Environmental Stress,100.0,High,Train,Derived prototype label - NOT observed plant-stress ground truth
2025-02-16 05:30:00,5.5,Flowering,19.46,83.23,0.0,21.6,Combined Environmental Stress,100.0,High,Combined Environmental Stress,68.2,Moderate,Train,Derived prototype label - NOT observed plant-stress ground truth
2025-02-16 06:00:00,6.0,Flowering,19.44,86.63,0.0,21.54,Combined Environmental Stress,68.2,Moderate,Low Light Stress,41.8,Moderate,Train,Derived prototype label - NOT observed plant-stress ground truth
2025-02-16 06:30:00,6.5,Flowering,20.87,85.0,5779.0,21.57,Low Light Stress,41.8,Moderate,High Humidity Stress,23.5,Low,Train,Derived prototype label - NOT observed plant-stress ground truth
2025-02-16 07:00:00,7.0,Flowering,21.79,80.57,9169.0,21.62,High Humidity Stress,23.5,Low,High Humidity Stress,30.2,Low,Train,Derived prototype label - NOT observed plant-stress ground truth
2025-02-16 07:30:00,7.5,Flowering,22.67,80.16,15657.0,21.71,High Humidity Stress,30.2,Low,High Humidity Stress,28.0,Low,Train,Derived prototype label - NOT observed plant-stress ground truth
2025-02-16 08:00:00,8.0,Flowering,23.51,81.64,19762.0,21.86,High Humidity Stress,28.0,Low,No Significant Environmental Stress,2.5,Low,Train,Derived prototype label - NOT observed plant-stress ground truth
2025-02-16 08:30:00,8.5,Flowering,24.28,81.15,26119.0,21.96,No Significant Environmental Stress,2.5,Low,No Significant Environmental Stress,9.5,Low,Train,Derived prototype label - NOT observed plant-stress ground truth
2025-02-16 09:00:00,9.0,Flowering,24.99,75.54,31869.0,22.23,No Significant Environmental Stress,9.5,Low,No Significant Environmental Stress,0.0,Low,Train,Derived prototype label - NOT observed plant-stress ground truth
2025-02-16 09:30:00,9.5,Flowering,25.6,77.08,34156.0,22.38,No Significant Environmental Stress,0.0,Low,No Significant Environmental Stress,0.0,Low,Train,Derived prototype label - NOT observed plant-stress ground truth
2025-02-16 10:00:00,10.0,Flowering,26.12,74.23,32749.0,22.58,No Significant Environmental Stress,0.0,Low,No Significant Environmental Stress,1.4,Low,Train,Derived prototype label - NOT observed plant-stress ground truth
2025-02-16 10:30:00,10.5,Flowering,26.53,71.77,40712.0,22.77,No Significant Environmental Stress,1.4,Low,Heat Stress,40.8,Moderate,Train,Derived prototype label - NOT observed plant-stress ground truth
2025-02-16 11:00:00,11.0,Flowering,27.12,71.96,43663.0,23.28,Heat Stress,40.8,Moderate,Combined Environmental Stress,87.4,High,Train,Derived prototype label - NOT observed plant-stress ground truth
2025-02-16 11:30:00,11.5,Flowering,30.22,69.38,52382.0,25.48,Combined Environmental Stress,87.4,High,Combined Environmental Stress,62.8,Moderate,Train,Derived prototype label - NOT observed plant-stress ground truth
2025-02-16 12:00:00,12.0,Flowering,33.42,53.61,52728.0,27.66,Combined Environmental Stress,62.8,Moderate,Heat Stress,18.5,Low,Train,Derived prototype label - NOT observed plant-stress ground truth
2025-02-16 12:30:00,12.5,Flowering,31.42,61.45,52947.0,27.41,Heat Stress,18.5,Low,No Significant Environmental Stress,0.0,Low,Train,Derived prototype label - NOT observed plant-stress ground truth
2025-02-16 13:00:00,13.0,Flowering,28.52,67.73,44208.0,25.16,No Significant Environmental Stress,0.0,Low,No Significant Environmental Stress,4.3,Low,Train,Derived prototype label - NOT observed plant-stress ground truth
2025-02-16 13:30:00,13.5,Flowering,26.53,73.47,42420.0,23.88,No Significant Environmental Stress,4.3,Low,High Humidity Stress,16.9,Low,Train,Derived prototype label - NOT observed plant-stress ground truth
2025-02-16 14:00:00,14.0,Flowering,26.12,75.94,38654.0,24.02,High Humidity Stress,16.9,Low,High Humidity Stress,15.4,Low,Train,Derived prototype label - NOT observed plant-stress ground truth
2025-02-16 14:30:00,14.5,Flowering,25.6,78.71,32267.0,24.12,High Humidity Stress,15.4,Low,High Humidity Stress,18.4,Low,Train,Derived prototype label - NOT observed plant-stress ground truth
2025-02-16 15:00:00,15.0,Flowering,24.99,78.37,27024.0,24.1,High Humidity Stress,18.4,Low,High Humidity Stress,15.4,Low,Train,Derived prototype label - NOT observed plant-stress ground truth
2025-02-16 15:30:00,15.5,Flowering,24.28,79.03,25752.0,24.09,High Humidity Stress,15.4,Low,High Humidity Stress,23.5,Low,Train,Derived prototype label - NOT observed plant-stress ground truth
2025-02-16 16:00:00,16.0,Flowering,23.51,78.37,21299.0,24.04,High Humidity Stress,23.5,Low,High Humidity Stress,39.1,Moderate,Train,Derived prototype label - NOT observed plant-stress ground truth
2025-02-16 16:30:00,16.5,Flowering,22.67,80.15,17041.0,23.91,High Humidity Stress,39.1,Moderate,Combined Environmental Stress,67.6,Moderate,Train,Derived prototype label - NOT observed plant-stress ground truth
2025-02-16 17:00:00,17.0,Flowering,21.79,81.52,10617.0,23.81,Combined Environmental Stress,67.6,Moderate,High Humidity Stress,52.1,Moderate,Train,Derived prototype label - NOT observed plant-stress ground truth
2025-02-16 17:30:00,17.5,Flowering,20.87,83.04,5249.0,23.68,High Humidity Stress,52.1,Moderate,High Humidity Stress,41.3,Moderate,Train,Derived prototype label - NOT observed plant-stress ground truth
2025-02-16 18:00:00,18.0,Flowering,19.44,86.43,0.0,23.46,High Humidity Stress,41.3,Moderate,High Humidity Stress,38.4,Moderate,Train,Derived prototype label - NOT observed plant-stress ground truth
2025-02-16 18:30:00,18.5,Flowering,19.46,84.06,0.0,23.26,High Humidity Stress,38.4,Moderate,High Humidity Stress,20.1,Low,Train,Derived prototype label - NOT observed plant-stress ground truth
2025-02-16 19:00:00,19.0,Flowering,19.51,83.44,0.0,23.11,High Humidity Stress,20.1,Low,High Humidity Stress,38.3,Moderate,Train,Derived prototype label - NOT observed plant-stress ground truth
2025-02-16 19:30:00,19.5,Flowering,19.59,79.41,0.0,22.99,High Humidity Stress,38.3,Moderate,High Humidity Stress,23.6,Low,Train,Derived prototype label - NOT observed plant-stress ground truth
2025-02-16 20:00:00,20.0,Flowering,19.69,83.41,0.0,22.8,High Humidity Stress,23.6,Low,High Humidity Stress,38.2,Moderate,Train,Derived prototype label - NOT observed plant-stress ground truth
2025-02-16 20:30:00,20.5,Flowering,19.81,80.17,0.0,22.66,High Humidity Stress,38.2,Moderate,High Humidity Stress,27.2,Low,Train,Derived prototype label - NOT observed plant-stress ground truth
2025-02-16 21:00:00,21.0,Flowering,19.94,83.38,0.0,22.52,High Humidity Stress,27.2,Low,High Humidity Stress,39.0,Moderate,Train,Derived prototype label - NOT observed plant-stress ground truth
2025-02-16 21:30:00,21.5,Flowering,20.07,80.98,0.0,22.36,High Humidity Stress,39.0,Moderate,High Humidity Stress,50.2,Moderate,Train,Derived prototype label - NOT observed plant-stress ground truth
2025-02-16 22:00:00,22.0,Flowering,20.19,83.56,0.0,22.26,High Humidity Stress,50.2,Moderate,High Humidity Stress,48.7,Moderate,Train,Derived prototype label - NOT observed plant-stress ground truth
2025-02-16 22:30:00,22.5,Flowering,20.29,86.03,0.0,22.19,High Humidity Stress,48.7,Moderate,High Humidity Stress,19.9,Low,Train,Derived prototype label - NOT observed plant-stress ground truth
2025-02-16 23:00:00,23.0,Flowering,20.37,85.7,0.0,22.16,High Humidity Stress,19.9,Low,No Significant Environmental Stress,4.5,Low,Train,Derived prototype label - NOT observed plant-stress ground truth
2025-02-16 23:30:00,23.5,Flowering,20.42,79.36,0.0,22.15,No Significant Environmental Stress,4.5,Low,No Significant Environmental Stress,0.0,Low,Train,Derived prototype label - NOT observed plant-stress ground truth
2025-02-17 00:00:00,0.0,Flowering,20.62,75.98,0.0,22.13,No Significant Environmental Stress,0.0,Low,No Significant Environmental Stress,0.0,Low,Train,Derived prototype label - NOT observed plant-stress ground truth
2025-02-17 00:30:00,0.5,Flowering,20.61,72.38,0.0,22.04,No Significant Environmental Stress,0.0,Low,No Significant Environmental Stress,0.0,Low,Train,Derived prototype label - NOT observed plant-stress ground truth
2025-02-17 01:00:00,1.0,Flowering,20.56,74.12,0.0,21.99,No Significant Environmental Stress,0.0,Low,No Significant Environmental Stress,0.0,Low,Train,Derived prototype label - NOT observed plant-stress ground truth
2025-02-17 01:30:00,1.5,Flowering,20.48,72.21,0.0,21.91,No Significant Environmental Stress,0.0,Low,No Significant Environmental Stress,0.0,Low,Train,Derived prototype label - NOT observed plant-stress ground truth
2025-02-17 02:00:00,2.0,Flowering,20.37,71.65,0.0,21.84,No Significant Environmental Stress,0.0,Low,No Significant Environmental Stress,0.0,Low,Train,Derived prototype label - NOT observed plant-stress ground truth
2025-02-17 02:30:00,2.5,Flowering,20.25,72.89,0.0,21.86,No Significant Environmental Stress,0.0,Low,No Significant Environmental Stress,11.6,Low,Train,Derived prototype label - NOT observed plant-stress ground truth
2025-02-17 03:00:00,3.0,Flowering,20.12,73.37,0.0,21.83,No Significant Environmental Stress,11.6,Low,No Significant Environmental Stress,0.0,Low,Train,Derived prototype label - NOT observed plant-stress ground truth
2025-02-17 03:30:00,3.5,Flowering,19.99,77.54,0.0,21.75,No Significant Environmental Stress,0.0,Low,No Significant Environmental Stress,0.0,Low,Train,Derived prototype label - NOT observed plant-stress ground truth
2025-02-17 04:00:00,4.0,Flowering,19.87,73.16,0.0,21.69,No Significant Environmental Stress,0.0,Low,No Significant Environmental Stress,0.0,Low,Train,Derived prototype label - NOT observed plant-stress ground truth
2025-02-17 04:30:00,4.5,Flowering,19.77,73.26,0.0,21.69,No Significant Environmental Stress,0.0,Low,No Significant Environmental Stress,2.7,Low,Train,Derived prototype label - NOT observed plant-stress ground truth
2025-02-17 05:00:00,5.0,Flowering,19.69,73.03,0.0,21.65,No Significant Environmental Stress,2.7,Low,Low Light Stress,88.3,High,Train,Derived prototype label - NOT observed plant-stress ground truth
2025-02-17 05:30:00,5.5,Flowering,19.64,75.59,0.0,21.59,Low Light Stress,88.3,High,Low Light Stress,58.1,Moderate,Train,Derived prototype label - NOT observed plant-stress ground truth
2025-02-17 06:00:00,6.0,Flowering,19.62,74.02,0.0,21.58,Low Light Stress,58.1,Moderate,Low Light Stress,30.1,Low,Train,Derived prototype label - NOT observed plant-stress ground truth
2025-02-17 06:30:00,6.5,Flowering,20.91,71.38,4454.0,21.55,Low Light Stress,30.1,Low,No Significant Environmental Stress,0.0,Low,Train,Derived prototype label - NOT observed plant-stress ground truth
2025-02-17 07:00:00,7.0,Flowering,21.69,73.02,9486.0,21.59,No Significant Environmental Stress,0.0,Low,No Significant Environmental Stress,0.0,Low,Train,Derived prototype label - NOT observed plant-stress ground truth
2025-02-17 07:30:00,7.5,Flowering,22.44,69.09,15142.0,21.71,No Significant Environmental Stress,0.0,Low,No Significant Environmental Stress,0.0,Low,Train,Derived prototype label - NOT observed plant-stress ground truth
2025-02-17 08:00:00,8.0,Flowering,23.15,69.24,17133.0,21.82,No Significant Environmental Stress,0.0,Low,No Significant Environmental Stress,0.0,Low,Train,Derived prototype label - NOT observed plant-stress ground truth
2025-02-17 08:30:00,8.5,Flowering,23.81,72.57,20357.0,21.9,No Significant Environmental Stress,0.0,Low,No Significant Environmental Stress,0.0,Low,Train,Derived prototype label - NOT observed plant-stress ground truth
2025-02-17 09:00:00,9.0,Flowering,24.4,66.76,27317.0,22.02,No Significant Environmental Stress,0.0,Low,No Significant Environmental Stress,0.0,Low,Train,Derived prototype label - NOT observed plant-stress ground truth
2025-02-17 09:30:00,9.5,Flowering,24.92,67.86,23141.0,22.15,No Significant Environmental Stress,0.0,Low,No Significant Environmental Stress,0.0,Low,Train,Derived prototype label - NOT observed plant-stress ground truth
2025-02-17 10:00:00,10.0,Flowering,25.36,69.03,25876.0,22.32,No Significant Environmental Stress,0.0,Low,No Significant Environmental Stress,0.0,Low,Train,Derived prototype label - NOT observed plant-stress ground truth
2025-02-17 10:30:00,10.5,Flowering,25.71,68.26,35797.0,22.51,No Significant Environmental Stress,0.0,Low,No Significant Environmental Stress,0.0,Low,Train,Derived prototype label - NOT observed plant-stress ground truth
2025-02-17 11:00:00,11.0,Flowering,25.97,61.71,37736.0,22.74,No Significant Environmental Stress,0.0,Low,No Significant Environmental Stress,0.0,Low,Train,Derived prototype label - NOT observed plant-stress ground truth
2025-02-17 11:30:00,11.5,Flowering,26.12,63.11,33424.0,22.97,No Significant Environmental Stress,0.0,Low,No Significant Environmental Stress,0.0,Low,Train,Derived prototype label - NOT observed plant-stress ground truth
2025-02-17 12:00:00,12.0,Flowering,26.17,63.86,42681.0,23.11,No Significant Environmental Stress,0.0,Low,No Significant Environmental Stress,0.0,Low,Train,Derived prototype label - NOT observed plant-stress ground truth
2025-02-17 12:30:00,12.5,Flowering,26.12,67.25,34704.0,23.25,No Significant Environmental Stress,0.0,Low,No Significant Environmental Stress,0.0,Low,Train,Derived prototype label - NOT observed plant-stress ground truth
2025-02-17 13:00:00,13.0,Flowering,25.97,63.07,34612.0,23.51,No Significant Environmental Stress,0.0,Low,No Significant Environmental Stress,0.0,Low,Train,Derived prototype label - NOT observed plant-stress ground truth
2025-02-17 13:30:00,13.5,Flowering,25.71,66.13,27870.0,23.66,No Significant Environmental Stress,0.0,Low,No Significant Environmental Stress,0.0,Low,Train,Derived prototype label - NOT observed plant-stress ground truth
2025-02-17 14:00:00,14.0,Flowering,25.36,67.85,33697.0,23.8,No Significant Environmental Stress,0.0,Low,No Significant Environmental Stress,0.0,Low,Train,Derived prototype label - NOT observed plant-stress ground truth
2025-02-17 14:30:00,14.5,Flowering,24.92,65.92,26248.0,23.94,No Significant Environmental Stress,0.0,Low,No Significant Environmental Stress,0.0,Low,Train,Derived prototype label - NOT observed plant-stress ground truth
2025-02-17 15:00:00,15.0,Flowering,24.4,64.81,25038.0,23.91,No Significant Environmental Stress,0.0,Low,No Significant Environmental Stress,0.0,Low,Train,Derived prototype label - NOT observed plant-stress ground truth
2025-02-17 15:30:00,15.5,Flowering,23.81,67.73,20042.0,23.87,No Significant Environmental Stress,0.0,Low,No Significant Environmental Stress,0.0,Low,Train,Derived prototype label - NOT observed plant-stress ground truth
2025-02-17 16:00:00,16.0,Flowering,23.15,72.34,19409.0,23.86,No Significant Environmental Stress,0.0,Low,Low Light Stress,28.7,Low,Train,Derived prototype label - NOT observed plant-stress ground truth
2025-02-17 16:30:00,16.5,Flowering,22.44,73.14,15218.0,23.75,Low Light Stress,28.7,Low,Low Light Stress,59.0,Moderate,Train,Derived prototype label - NOT observed plant-stress ground truth
2025-02-17 17:00:00,17.0,Flowering,21.69,69.95,9743.0,23.68,Low Light Stress,59.0,Moderate,No Significant Environmental Stress,1.2,Low,Train,Derived prototype label - NOT observed plant-stress ground truth
2025-02-17 17:30:00,17.5,Flowering,20.91,70.28,4288.0,23.55,No Significant Environmental Stress,1.2,Low,No Significant Environmental Stress,0.0,Low,Train,Derived prototype label - NOT observed plant-stress ground truth
2025-02-17 18:00:00,18.0,Flowering,19.62,75.26,0.0,23.44,No Significant Environmental Stress,0.0,Low,No Significant Environmental Stress,0.0,Low,Train,Derived prototype label - NOT observed plant-stress ground truth
2025-02-17 18:30:00,18.5,Flowering,19.64,74.8,0.0,23.24,No Significant Environmental Stress,0.0,Low,No Significant Environmental Stress,0.0,Low,Train,Derived prototype label - NOT observed plant-stress ground truth
2025-02-17 19:00:00,19.0,Flowering,19.69,73.77,0.0,23.08,No Significant Environmental Stress,0.0,Low,No Significant Environmental Stress,1.4,Low,Train,Derived prototype label - NOT observed plant-stress ground truth
2025-02-17 19:30:00,19.5,Flowering,19.77,71.21,0.0,22.91,No Significant Environmental Stress,1.4,Low,No Significant Environmental Stress,0.0,Low,Train,Derived prototype label - NOT observed plant-stress ground truth
2025-02-17 20:00:00,20.0,Flowering,19.87,75.31,0.0,22.83,No Significant Environmental Stress,0.0,Low,No Significant Environmental Stress,0.0,Low,Train,Derived prototype label - NOT observed plant-stress ground truth
2025-02-17 20:30:00,20.5,Flowering,19.99,73.53,0.0,22.55,No Significant Environmental Stress,0.0,Low,No Significant Environmental Stress,1.3,Low,Train,Derived prototype label - NOT observed plant-stress ground truth
2025-02-17 21:00:00,21.0,Flowering,20.12,73.01,0.0,22.46,No Significant Environmental Stress,1.3,Low,No Significant Environmental Stress,0.0,Low,Train,Derived prototype label - NOT observed plant-stress ground truth
2025-02-17 21:30:00,21.5,Flowering,20.25,75.28,0.0,22.35,No Significant Environmental Stress,0.0,Low,No Significant Environmental Stress,0.0,Low,Train,Derived prototype label - NOT observed plant-stress ground truth
2025-02-17 22:00:00,22.0,Flowering,20.37,73.0,0.0,22.22,No Significant Environmental Stress,0.0,Low,No Significant Environmental Stress,2.0,Low,Train,Derived prototype label - NOT observed plant-stress ground truth
2025-02-17 22:30:00,22.5,Flowering,20.48,72.73,0.0,22.08,No Significant Environmental Stress,2.0,Low,No Significant Environmental Stress,0.0,Low,Train,Derived prototype label - NOT observed plant-stress ground truth
2025-02-17 23:00:00,23.0,Flowering,20.56,75.43,0.0,21.96,No Significant Environmental Stress,0.0,Low,No Significant Environmental Stress,12.8,Low,Train,Derived prototype label - NOT observed plant-stress ground truth
2025-02-17 23:30:00,23.5,Flowering,20.61,73.22,0.0,21.93,No Significant Environmental Stress,12.8,Low,High Humidity Stress,35.3,Moderate,Train,Derived prototype label - NOT observed plant-stress ground truth
2025-02-18 00:00:00,0.0,Flowering,20.29,77.82,0.0,21.8,High Humidity Stress,35.3,Moderate,No Significant Environmental Stress,4.9,Low,Train,Derived prototype label - NOT observed plant-stress ground truth
2025-02-18 00:30:00,0.5,Flowering,20.27,82.75,0.0,21.76,No Significant Environmental Stress,4.9,Low,No Significant Environmental Stress,11.1,Low,Train,Derived prototype label - NOT observed plant-stress ground truth
2025-02-18 01:00:00,1.0,Flowering,20.22,76.07,0.0,21.78,No Significant Environmental Stress,11.1,Low,High Humidity Stress,30.7,Low,Train,Derived prototype label - NOT observed plant-stress ground truth
2025-02-18 01:30:00,1.5,Flowering,20.14,77.43,0.0,21.78,High Humidity Stress,30.7,Low,High Humidity Stress,16.6,Low,Train,Derived prototype label - NOT observed plant-stress ground truth
2025-02-18 02:00:00,2.0,Flowering,20.04,81.74,0.0,21.77,High Humidity Stress,16.6,Low,High Humidity Stress,27.2,Low,Train,Derived prototype label - NOT observed plant-stress ground truth
2025-02-18 02:30:00,2.5,Flowering,19.92,78.65,0.0,21.7,High Humidity Stress,27.2,Low,High Humidity Stress,17.2,Low,Train,Derived prototype label - NOT observed plant-stress ground truth
2025-02-18 03:00:00,3.0,Flowering,19.79,80.98,0.0,21.68,High Humidity Stress,17.2,Low,High Humidity Stress,22.9,Low,Train,Derived prototype label - NOT observed plant-stress ground truth
2025-02-18 03:30:00,3.5,Flowering,19.66,78.77,0.0,21.66,High Humidity Stress,22.9,Low,High Humidity Stress,30.5,Low,Train,Derived prototype label - NOT observed plant-stress ground truth
2025-02-18 04:00:00,4.0,Flowering,19.54,80.02,0.0,21.68,High Humidity Stress,30.5,Low,High Humidity Stress,36.8,Moderate,Train,Derived prototype label - NOT observed plant-stress ground truth
2025-02-18 04:30:00,4.5,Flowering,19.43,81.7,0.0,21.71,High Humidity Stress,36.8,Moderate,High Humidity Stress,16.9,Low,Train,Derived prototype label - NOT observed plant-stress ground truth
2025-02-18 05:00:00,5.0,Flowering,19.35,83.07,0.0,21.57,High Humidity Stress,16.9,Low,Low Light Stress,89.8,High,Train,Derived prototype label - NOT observed plant-stress ground truth
2025-02-18 05:30:00,5.5,Flowering,19.3,78.71,0.0,21.59,Low Light Stress,89.8,High,Low Light Stress,57.3,Moderate,Train,Derived prototype label - NOT observed plant-stress ground truth
2025-02-18 06:00:00,6.0,Flowering,19.29,78.47,0.0,21.59,Low Light Stress,57.3,Moderate,Low Light Stress,23.9,Low,Train,Derived prototype label - NOT observed plant-stress ground truth
2025-02-18 06:30:00,6.5,Flowering,20.65,77.5,5325.0,21.56,Low Light Stress,23.9,Low,No Significant Environmental Stress,9.0,Low,Train,Derived prototype label - NOT observed plant-stress ground truth
2025-02-18 07:00:00,7.0,Flowering,21.5,76.52,11114.0,21.61,No Significant Environmental Stress,9.0,Low,High Humidity Stress,16.6,Low,Train,Derived prototype label - NOT observed plant-stress ground truth
2025-02-18 07:30:00,7.5,Flowering,22.32,76.97,17154.0,21.72,High Humidity Stress,16.6,Low,No Significant Environmental Stress,5.6,Low,Train,Derived prototype label - NOT observed plant-stress ground truth
2025-02-18 08:00:00,8.0,Flowering,23.09,78.64,23502.0,21.82,No Significant Environmental Stress,5.6,Low,No Significant Environmental Stress,0.0,Low,Train,Derived prototype label - NOT observed plant-stress ground truth
2025-02-18 08:30:00,8.5,Flowering,23.81,76.24,24179.0,21.95,No Significant Environmental Stress,0.0,Low,No Significant Environmental Stress,0.0,Low,Train,Derived prototype label - NOT observed plant-stress ground truth
2025-02-18 09:00:00,9.0,Flowering,24.46,73.11,32978.0,22.09,No Significant Environmental Stress,0.0,Low,No Significant Environmental Stress,0.0,Low,Train,Derived prototype label - NOT observed plant-stress ground truth
2025-02-18 09:30:00,9.5,Flowering,25.03,70.4,37641.0,22.25,No Significant Environmental Stress,0.0,Low,No Significant Environmental Stress,0.0,Low,Train,Derived prototype label - NOT observed plant-stress ground truth
2025-02-18 10:00:00,10.0,Flowering,25.51,70.72,38495.0,22.46,No Significant Environmental Stress,0.0,Low,High Humidity Stress,45.6,Moderate,Train,Derived prototype label - NOT observed plant-stress ground truth
2025-02-18 10:30:00,10.5,Flowering,25.9,73.79,42299.0,22.66,High Humidity Stress,45.6,Moderate,High Humidity Stress,52.4,Moderate,Train,Derived prototype label - NOT observed plant-stress ground truth
2025-02-18 11:00:00,11.0,Flowering,26.17,85.01,40295.0,22.91,High Humidity Stress,52.4,Moderate,No Significant Environmental Stress,11.8,Low,Train,Derived prototype label - NOT observed plant-stress ground truth
2025-02-18 11:30:00,11.5,Flowering,26.34,86.07,51566.0,23.08,No Significant Environmental Stress,11.8,Low,No Significant Environmental Stress,10.7,Low,Train,Derived prototype label - NOT observed plant-stress ground truth
2025-02-18 12:00:00,12.0,Flowering,26.4,77.58,39504.0,23.23,No Significant Environmental Stress,10.7,Low,No Significant Environmental Stress,0.0,Low,Train,Derived prototype label - NOT observed plant-stress ground truth
2025-02-18 12:30:00,12.5,Flowering,26.34,77.34,40653.0,23.42,No Significant Environmental Stress,0.0,Low,No Significant Environmental Stress,0.0,Low,Train,Derived prototype label - NOT observed plant-stress ground truth
2025-02-18 13:00:00,13.0,Flowering,26.17,71.38,42393.0,23.61,No Significant Environmental Stress,0.0,Low,No Significant Environmental Stress,0.0,Low,Train,Derived prototype label - NOT observed plant-stress ground truth
2025-02-18 13:30:00,13.5,Flowering,25.9,67.91,40929.0,23.79,No Significant Environmental Stress,0.0,Low,No Significant Environmental Stress,0.0,Low,Train,Derived prototype label - NOT observed plant-stress ground truth
2025-02-18 14:00:00,14.0,Flowering,25.51,69.4,36611.0,23.89,No Significant Environmental Stress,0.0,Low,No Significant Environmental Stress,0.0,Low,Train,Derived prototype label - NOT observed plant-stress ground truth
2025-02-18 14:30:00,14.5,Flowering,25.03,74.87,34630.0,23.93,No Significant Environmental Stress,0.0,Low,No Significant Environmental Stress,0.3,Low,Train,Derived prototype label - NOT observed plant-stress ground truth
2025-02-18 15:00:00,15.0,Flowering,24.46,71.93,31501.0,24.06,No Significant Environmental Stress,0.3,Low,No Significant Environmental Stress,0.0,Low,Train,Derived prototype label - NOT observed plant-stress ground truth
2025-02-18 15:30:00,15.5,Flowering,23.81,75.07,25280.0,24.06,No Significant Environmental Stress,0.0,Low,High Humidity Stress,15.0,Low,Train,Derived prototype label - NOT observed plant-stress ground truth
2025-02-18 16:00:00,16.0,Flowering,23.09,74.02,20282.0,24.05,High Humidity Stress,15.0,Low,High Humidity Stress,23.9,Low,Train,Derived prototype label - NOT observed plant-stress ground truth
2025-02-18 16:30:00,16.5,Flowering,22.32,78.3,18052.0,24.04,High Humidity Stress,23.9,Low,Low Light Stress,54.3,Moderate,Train,Derived prototype label - NOT observed plant-stress ground truth
2025-02-18 17:00:00,17.0,Flowering,21.5,78.98,12275.0,23.91,Low Light Stress,54.3,Moderate,No Significant Environmental Stress,9.5,Low,Train,Derived prototype label - NOT observed plant-stress ground truth
2025-02-18 17:30:00,17.5,Flowering,20.65,76.47,5545.0,23.77,No Significant Environmental Stress,9.5,Low,High Humidity Stress,21.5,Low,Train,Derived prototype label - NOT observed plant-stress ground truth
2025-02-18 18:00:00,18.0,Flowering,19.29,77.09,0.0,23.5,High Humidity Stress,21.5,Low,High Humidity Stress,24.7,Low,Train,Derived prototype label - NOT observed plant-stress ground truth
2025-02-18 18:30:00,18.5,Flowering,19.3,79.71,0.0,23.31,High Humidity Stress,24.7,Low,High Humidity Stress,26.2,Low,Train,Derived prototype label - NOT observed plant-stress ground truth
2025-02-18 19:00:00,19.0,Flowering,19.35,80.43,0.0,23.13,High Humidity Stress,26.2,Low,High Humidity Stress,30.2,Low,Train,Derived prototype label - NOT observed plant-stress ground truth
2025-02-18 19:30:00,19.5,Flowering,19.43,80.76,0.0,22.95,High Humidity Stress,30.2,Low,High Humidity Stress,23.3,Low,Train,Derived prototype label - NOT observed plant-stress ground truth
2025-02-18 20:00:00,20.0,Flowering,19.54,81.62,0.0,22.78,High Humidity Stress,23.3,Low,High Humidity Stress,20.0,Low,Train,Derived prototype label - NOT observed plant-stress ground truth
2025-02-18 20:30:00,20.5,Flowering,19.66,80.11,0.0,22.54,High Humidity Stress,20.0,Low,High Humidity Stress,15.1,Low,Train,Derived prototype label - NOT observed plant-stress ground truth
2025-02-18 21:00:00,21.0,Flowering,19.79,79.39,0.0,22.36,High Humidity Stress,15.1,Low,High Humidity Stress,16.7,Low,Train,Derived prototype label - NOT observed plant-stress ground truth
2025-02-18 21:30:00,21.5,Flowering,19.92,78.31,0.0,22.27,High Humidity Stress,16.7,Low,High Humidity Stress,31.4,Low,Train,Derived prototype label - NOT observed plant-stress ground truth
2025-02-18 22:00:00,22.0,Flowering,20.04,78.66,0.0,22.17,High Humidity Stress,31.4,Low,High Humidity Stress,14.5,Low,Train,Derived prototype label - NOT observed plant-stress ground truth
2025-02-18 22:30:00,22.5,Flowering,20.14,81.9,0.0,22.15,High Humidity Stress,14.5,Low,High Humidity Stress,21.0,Low,Train,Derived prototype label - NOT observed plant-stress ground truth
2025-02-18 23:00:00,23.0,Flowering,20.22,78.19,0.0,22.09,High Humidity Stress,21.0,Low,High Humidity Stress,37.6,Moderate,Train,Derived prototype label - NOT observed plant-stress ground truth
2025-02-18 23:30:00,23.5,Flowering,20.27,79.61,0.0,21.95,High Humidity Stress,37.6,Moderate,High Humidity Stress,41.6,Moderate,Train,Derived prototype label - NOT observed plant-stress ground truth
2025-02-19 00:00:00,0.0,Flowering,20.46,83.25,0.0,21.91,High Humidity Stress,41.6,Moderate,High Humidity Stress,28.0,Low,Train,Derived prototype label - NOT observed plant-stress ground truth
2025-02-19 00:30:00,0.5,Flowering,20.44,84.13,0.0,21.92,High Humidity Stress,28.0,Low,High Humidity Stress,39.0,Moderate,Train,Derived prototype label - NOT observed plant-stress ground truth
2025-02-19 01:00:00,1.0,Flowering,20.39,81.14,0.0,21.95,High Humidity Stress,39.0,Moderate,High Humidity Stress,32.7,Low,Train,Derived prototype label - NOT observed plant-stress ground truth
2025-02-19 01:30:00,1.5,Flowering,20.31,83.57,0.0,21.95,High Humidity Stress,32.7,Low,High Humidity Stress,28.2,Low,Train,Derived prototype label - NOT observed plant-stress ground truth
2025-02-19 02:00:00,2.0,Flowering,20.21,82.18,0.0,21.87,High Humidity Stress,28.2,Low,High Humidity Stress,37.1,Moderate,Train,Derived prototype label - NOT observed plant-stress ground truth
2025-02-19 02:30:00,2.5,Flowering,20.09,81.19,0.0,21.84,High Humidity Stress,37.1,Moderate,High Humidity Stress,32.2,Low,Train,Derived prototype label - NOT observed plant-stress ground truth
2025-02-19 03:00:00,3.0,Flowering,19.96,83.14,0.0,21.79,High Humidity Stress,32.2,Low,High Humidity Stress,40.2,Moderate,Train,Derived prototype label - NOT observed plant-stress ground truth
2025-02-19 03:30:00,3.5,Flowering,19.83,82.06,0.0,21.75,High Humidity Stress,40.2,Moderate,High Humidity Stress,35.9,Moderate,Train,Derived prototype label - NOT observed plant-stress ground truth
2025-02-19 04:00:00,4.0,Flowering,19.71,83.83,0.0,21.68,High Humidity Stress,35.9,Moderate,High Humidity Stress,33.6,Low,Train,Derived prototype label - NOT observed plant-stress ground truth
2025-02-19 04:30:00,4.5,Flowering,19.6,82.89,0.0,21.64,High Humidity Stress,33.6,Low,High Humidity Stress,31.8,Low,Train,Derived prototype label - NOT observed plant-stress ground truth
2025-02-19 05:00:00,5.0,Flowering,19.53,82.38,0.0,21.66,High Humidity Stress,31.8,Low,Combined Environmental Stress,93.8,High,Train,Derived prototype label - NOT observed plant-stress ground truth
2025-02-19 05:30:00,5.5,Flowering,19.48,81.98,0.0,21.63,Combined Environmental Stress,93.8,High,Combined Environmental Stress,74.6,High,Train,Derived prototype label - NOT observed plant-stress ground truth
2025-02-19 06:00:00,6.0,Flowering,19.46,81.65,0.0,21.58,Combined Environmental Stress,74.6,High,Low Light Stress,39.4,Moderate,Train,Derived prototype label - NOT observed plant-stress ground truth
2025-02-19 06:30:00,6.5,Flowering,20.89,83.72,4182.0,21.63,Low Light Stress,39.4,Moderate,High Humidity Stress,31.1,Low,Train,Derived prototype label - NOT observed plant-stress ground truth
2025-02-19 07:00:00,7.0,Flowering,21.8,79.73,9322.0,21.66,High Humidity Stress,31.1,Low,No Significant Environmental Stress,0.0,Low,Train,Derived prototype label - NOT observed plant-stress ground truth
2025-02-19 07:30:00,7.5,Flowering,22.69,81.08,13394.0,21.81,No Significant Environmental Stress,0.0,Low,No Significant Environmental Stress,7.5,Low,Train,Derived prototype label - NOT observed plant-stress ground truth
2025-02-19 08:00:00,8.0,Flowering,23.53,74.17,17323.0,21.97,No Significant Environmental Stress,7.5,Low,No Significant Environmental Stress,5.1,Low,Train,Derived prototype label - NOT observed plant-stress ground truth
2025-02-19 08:30:00,8.5,Flowering,24.3,76.64,22456.0,22.08,No Significant Environmental Stress,5.1,Low,No Significant Environmental Stress,8.5,Low,Train,Derived prototype label - NOT observed plant-stress ground truth
2025-02-19 09:00:00,9.0,Flowering,25.0,76.13,20886.0,22.21,No Significant Environmental Stress,8.5,Low,No Significant Environmental Stress,5.4,Low,Train,Derived prototype label - NOT observed plant-stress ground truth
2025-02-19 09:30:00,9.5,Flowering,25.62,76.87,24126.0,22.38,No Significant Environmental Stress,5.4,Low,No Significant Environmental Stress,0.0,Low,Train,Derived prototype label - NOT observed plant-stress ground truth
2025-02-19 10:00:00,10.0,Flowering,26.14,76.18,29528.0,22.65,No Significant Environmental Stress,0.0,Low,No Significant Environmental Stress,0.0,Low,Train,Derived prototype label - NOT observed plant-stress ground truth
2025-02-19 10:30:00,10.5,Flowering,26.55,72.2,29541.0,22.86,No Significant Environmental Stress,0.0,Low,No Significant Environmental Stress,0.4,Low,Train,Derived prototype label - NOT observed plant-stress ground truth
2025-02-19 11:00:00,11.0,Flowering,26.85,66.55,28211.0,23.1,No Significant Environmental Stress,0.4,Low,No Significant Environmental Stress,1.1,Low,Train,Derived prototype label - NOT observed plant-stress ground truth
2025-02-19 11:30:00,11.5,Flowering,27.03,72.99,32431.0,23.34,No Significant Environmental Stress,1.1,Low,No Significant Environmental Stress,9.7,Low,Train,Derived prototype label - NOT observed plant-stress ground truth
2025-02-19 12:00:00,12.0,Flowering,27.09,67.3,31822.0,23.55,No Significant Environmental Stress,9.7,Low,No Significant Environmental Stress,7.4,Low,Train,Derived prototype label - NOT observed plant-stress ground truth
2025-02-19 12:30:00,12.5,Flowering,27.03,57.08,31394.0,23.77,No Significant Environmental Stress,7.4,Low,No Significant Environmental Stress,0.0,Low,Train,Derived prototype label - NOT observed plant-stress ground truth
2025-02-19 13:00:00,13.0,Flowering,26.85,57.75,31813.0,23.99,No Significant Environmental Stress,0.0,Low,No Significant Environmental Stress,0.0,Low,Train,Derived prototype label - NOT observed plant-stress ground truth
2025-02-19 13:30:00,13.5,Flowering,26.55,64.13,34785.0,24.06,No Significant Environmental Stress,0.0,Low,No Significant Environmental Stress,0.0,Low,Train,Derived prototype label - NOT observed plant-stress ground truth
2025-02-19 14:00:00,14.0,Flowering,26.14,70.93,28330.0,24.14,No Significant Environmental Stress,0.0,Low,High Humidity Stress,17.3,Low,Train,Derived prototype label - NOT observed plant-stress ground truth
2025-02-19 14:30:00,14.5,Flowering,25.62,73.1,24839.0,24.26,High Humidity Stress,17.3,Low,No Significant Environmental Stress,12.4,Low,Train,Derived prototype label - NOT observed plant-stress ground truth
2025-02-19 15:00:00,15.0,Flowering,25.0,78.8,25622.0,24.3,No Significant Environmental Stress,12.4,Low,High Humidity Stress,20.1,Low,Train,Derived prototype label - NOT observed plant-stress ground truth
2025-02-19 15:30:00,15.5,Flowering,24.3,77.73,19314.0,24.34,High Humidity Stress,20.1,Low,High Humidity Stress,44.0,Moderate,Train,Derived prototype label - NOT observed plant-stress ground truth
2025-02-19 16:00:00,16.0,Flowering,23.53,79.42,17057.0,24.26,High Humidity Stress,44.0,Moderate,Low Light Stress,46.8,Moderate,Train,Derived prototype label - NOT observed plant-stress ground truth
2025-02-19 16:30:00,16.5,Flowering,22.69,83.2,11862.0,24.14,Low Light Stress,46.8,Moderate,Combined Environmental Stress,68.8,Moderate,Train,Derived prototype label - NOT observed plant-stress ground truth
2025-02-19 17:00:00,17.0,Flowering,21.8,79.28,7832.0,24.03,Combined Environmental Stress,68.8,Moderate,High Humidity Stress,39.4,Moderate,Train,Derived prototype label - NOT observed plant-stress ground truth
2025-02-19 17:30:00,17.5,Flowering,20.89,80.94,4338.0,23.83,High Humidity Stress,39.4,Moderate,High Humidity Stress,30.7,Low,Train,Derived prototype label - NOT observed plant-stress ground truth
2025-02-19 18:00:00,18.0,Flowering,19.46,83.65,0.0,23.65,High Humidity Stress,30.7,Low,High Humidity Stress,32.7,Low,Train,Derived prototype label - NOT observed plant-stress ground truth
2025-02-19 18:30:00,18.5,Flowering,19.48,81.74,0.0,23.48,High Humidity Stress,32.7,Low,High Humidity Stress,40.7,Moderate,Train,Derived prototype label - NOT observed plant-stress ground truth
2025-02-19 19:00:00,19.0,Flowering,19.53,82.18,0.0,23.26,High Humidity Stress,40.7,Moderate,High Humidity Stress,38.3,Moderate,Train,Derived prototype label - NOT observed plant-stress ground truth
2025-02-19 19:30:00,19.5,Flowering,19.6,83.94,0.0,23.12,High Humidity Stress,38.3,Moderate,High Humidity Stress,35.5,Moderate,Train,Derived prototype label - NOT observed plant-stress ground truth
2025-02-19 20:00:00,20.0,Flowering,19.71,83.41,0.0,22.89,High Humidity Stress,35.5,Moderate,High Humidity Stress,25.8,Low,Train,Derived prototype label - NOT observed plant-stress ground truth
2025-02-19 20:30:00,20.5,Flowering,19.83,82.8,0.0,22.76,High Humidity Stress,25.8,Low,High Humidity Stress,32.1,Low,Train,Derived prototype label - NOT observed plant-stress ground truth
2025-02-19 21:00:00,21.0,Flowering,19.96,80.66,0.0,22.7,High Humidity Stress,32.1,Low,High Humidity Stress,34.2,Low,Train,Derived prototype label - NOT observed plant-stress ground truth
2025-02-19 21:30:00,21.5,Flowering,20.09,82.04,0.0,22.49,High Humidity Stress,34.2,Low,High Humidity Stress,22.6,Low,Train,Derived prototype label - NOT observed plant-stress ground truth
2025-02-19 22:00:00,22.0,Flowering,20.21,82.51,0.0,22.37,High Humidity Stress,22.6,Low,High Humidity Stress,31.1,Low,Train,Derived prototype label - NOT observed plant-stress ground truth
2025-02-19 22:30:00,22.5,Flowering,20.31,79.97,0.0,22.23,High Humidity Stress,31.1,Low,High Humidity Stress,26.9,Low,Train,Derived prototype label - NOT observed plant-stress ground truth
2025-02-19 23:00:00,23.0,Flowering,20.39,81.82,0.0,22.16,High Humidity Stress,26.9,Low,High Humidity Stress,22.6,Low,Train,Derived prototype label - NOT observed plant-stress ground truth
2025-02-19 23:30:00,23.5,Flowering,20.44,80.9,0.0,22.06,High Humidity Stress,22.6,Low,No Significant Environmental Stress,12.9,Low,Train,Derived prototype label - NOT observed plant-stress ground truth
2025-02-20 00:00:00,0.0,Flowering,21.4,79.95,0.0,22.05,No Significant Environmental Stress,12.9,Low,No Significant Environmental Stress,0.8,Low,Train,Derived prototype label - NOT observed plant-stress ground truth
2025-02-20 00:30:00,0.5,Flowering,21.38,77.83,0.0,22.01,No Significant Environmental Stress,0.8,Low,No Significant Environmental Stress,8.2,Low,Train,Derived prototype label - NOT observed plant-stress ground truth
2025-02-20 01:00:00,1.0,Flowering,21.33,75.17,0.0,22.01,No Significant Environmental Stress,8.2,Low,High Humidity Stress,21.7,Low,Train,Derived prototype label - NOT observed plant-stress ground truth
2025-02-20 01:30:00,1.5,Flowering,21.25,76.79,0.0,21.94,High Humidity Stress,21.7,Low,High Humidity Stress,23.1,Low,Train,Derived prototype label - NOT observed plant-stress ground truth
2025-02-20 02:00:00,2.0,Flowering,21.15,79.77,0.0,21.96,High Humidity Stress,23.1,Low,No Significant Environmental Stress,8.5,Low,Train,Derived prototype label - NOT observed plant-stress ground truth
2025-02-20 02:30:00,2.5,Flowering,21.03,80.08,0.0,21.98,No Significant Environmental Stress,8.5,Low,No Significant Environmental Stress,10.2,Low,Train,Derived prototype label - NOT observed plant-stress ground truth
2025-02-20 03:00:00,3.0,Flowering,20.9,76.86,0.0,21.95,No Significant Environmental Stress,10.2,Low,No Significant Environmental Stress,4.6,Low,Train,Derived prototype label - NOT observed plant-stress ground truth
2025-02-20 03:30:00,3.5,Flowering,20.77,77.24,0.0,21.89,No Significant Environmental Stress,4.6,Low,No Significant Environmental Stress,1.3,Low,Train,Derived prototype label - NOT observed plant-stress ground truth
2025-02-20 04:00:00,4.0,Flowering,20.65,76.0,0.0,21.8,No Significant Environmental Stress,1.3,Low,High Humidity Stress,18.7,Low,Train,Derived prototype label - NOT observed plant-stress ground truth
2025-02-20 04:30:00,4.5,Flowering,20.54,75.28,0.0,21.75,High Humidity Stress,18.7,Low,High Humidity Stress,18.8,Low,Train,Derived prototype label - NOT observed plant-stress ground truth
2025-02-20 05:00:00,5.0,Flowering,20.46,79.11,0.0,21.73,High Humidity Stress,18.8,Low,Combined Environmental Stress,93.5,High,Train,Derived prototype label - NOT observed plant-stress ground truth
2025-02-20 05:30:00,5.5,Flowering,20.41,79.12,0.0,21.69,Combined Environmental Stress,93.5,High,Low Light Stress,57.2,Moderate,Train,Derived prototype label - NOT observed plant-stress ground truth
2025-02-20 06:00:00,6.0,Flowering,20.4,81.49,0.0,21.63,Low Light Stress,57.2,Moderate,No Significant Environmental Stress,9.2,Low,Train,Derived prototype label - NOT observed plant-stress ground truth
2025-02-20 06:30:00,6.5,Flowering,21.94,80.57,6344.0,21.66,No Significant Environmental Stress,9.2,Low,No Significant Environmental Stress,1.9,Low,Train,Derived prototype label - NOT observed plant-stress ground truth
2025-02-20 07:00:00,7.0,Flowering,22.97,76.25,13725.0,21.78,No Significant Environmental Stress,1.9,Low,No Significant Environmental Stress,0.0,Low,Train,Derived prototype label - NOT observed plant-stress ground truth
2025-02-20 07:30:00,7.5,Flowering,23.96,75.41,19492.0,21.82,No Significant Environmental Stress,0.0,Low,No Significant Environmental Stress,0.0,Low,Train,Derived prototype label - NOT observed plant-stress ground truth
2025-02-20 08:00:00,8.0,Flowering,24.9,74.1,21950.0,22.01,No Significant Environmental Stress,0.0,Low,No Significant Environmental Stress,0.0,Low,Train,Derived prototype label - NOT observed plant-stress ground truth
2025-02-20 08:30:00,8.5,Flowering,25.77,71.75,27726.0,22.19,No Significant Environmental Stress,0.0,Low,No Significant Environmental Stress,2.8,Low,Train,Derived prototype label - NOT observed plant-stress ground truth
2025-02-20 09:00:00,9.0,Flowering,26.55,70.72,30835.0,22.37,No Significant Environmental Stress,2.8,Low,No Significant Environmental Stress,9.7,Low,Train,Derived prototype label - NOT observed plant-stress ground truth
2025-02-20 09:30:00,9.5,Flowering,27.24,69.05,40565.0,22.59,No Significant Environmental Stress,9.7,Low,Heat Stress,15.1,Low,Train,Derived prototype label - NOT observed plant-stress ground truth
2025-02-20 10:00:00,10.0,Flowering,27.83,69.48,40341.0,22.85,Heat Stress,15.1,Low,Heat Stress,19.1,Low,Train,Derived prototype label - NOT observed plant-stress ground truth
2025-02-20 10:30:00,10.5,Flowering,28.29,66.87,43305.0,23.06,Heat Stress,19.1,Low,Heat Stress,21.4,Low,Train,Derived prototype label - NOT observed plant-stress ground truth
2025-02-20 11:00:00,11.0,Flowering,28.63,66.18,44167.0,23.36,Heat Stress,21.4,Low,Heat Stress,22.3,Low,Train,Derived prototype label - NOT observed plant-stress ground truth
2025-02-20 11:30:00,11.5,Flowering,28.83,65.4,41089.0,23.61,Heat Stress,22.3,Low,Heat Stress,21.4,Low,Train,Derived prototype label - NOT observed plant-stress ground truth
2025-02-20 12:00:00,12.0,Flowering,28.9,66.93,42188.0,23.85,Heat Stress,21.4,Low,Heat Stress,19.1,Low,Train,Derived prototype label - NOT observed plant-stress ground truth
2025-02-20 12:30:00,12.5,Flowering,28.83,63.23,49413.0,24.13,Heat Stress,19.1,Low,Heat Stress,15.1,Low,Train,Derived prototype label - NOT observed plant-stress ground truth
2025-02-20 13:00:00,13.0,Flowering,28.63,65.6,48591.0,24.33,Heat Stress,15.1,Low,No Significant Environmental Stress,9.7,Low,Train,Derived prototype label - NOT observed plant-stress ground truth
2025-02-20 13:30:00,13.5,Flowering,28.29,68.01,47283.0,24.48,No Significant Environmental Stress,9.7,Low,High Humidity Stress,43.8,Moderate,Train,Derived prototype label - NOT observed plant-stress ground truth
2025-02-20 14:00:00,14.0,Flowering,27.83,73.66,45305.0,24.6,High Humidity Stress,43.8,Moderate,High Humidity Stress,37.3,Moderate,Train,Derived prototype label - NOT observed plant-stress ground truth
2025-02-20 14:30:00,14.5,Flowering,27.24,84.38,35175.0,24.65,High Humidity Stress,37.3,Moderate,No Significant Environmental Stress,3.2,Low,Train,Derived prototype label - NOT observed plant-stress ground truth
2025-02-20 15:00:00,15.0,Flowering,26.55,83.19,27969.0,24.75,No Significant Environmental Stress,3.2,Low,No Significant Environmental Stress,0.0,Low,Train,Derived prototype label - NOT observed plant-stress ground truth
2025-02-20 15:30:00,15.5,Flowering,25.77,75.71,27793.0,24.72,No Significant Environmental Stress,0.0,Low,No Significant Environmental Stress,5.2,Low,Train,Derived prototype label - NOT observed plant-stress ground truth
2025-02-20 16:00:00,16.0,Flowering,24.9,70.93,25275.0,24.75,No Significant Environmental Stress,5.2,Low,No Significant Environmental Stress,15.3,Low,Train,Derived prototype label - NOT observed plant-stress ground truth
2025-02-20 16:30:00,16.5,Flowering,23.96,76.14,18320.0,24.71,No Significant Environmental Stress,15.3,Low,Low Light Stress,52.7,Moderate,Train,Derived prototype label - NOT observed plant-stress ground truth
2025-02-20 17:00:00,17.0,Flowering,22.97,76.72,12761.0,24.6,Low Light Stress,52.7,Moderate,High Humidity Stress,20.5,Low,Train,Derived prototype label - NOT observed plant-stress ground truth
2025-02-20 17:30:00,17.5,Flowering,21.94,76.01,5688.0,24.43,High Humidity Stress,20.5,Low,No Significant Environmental Stress,7.6,Low,Train,Derived prototype label - NOT observed plant-stress ground truth
2025-02-20 18:00:00,18.0,Flowering,20.4,79.5,0.0,24.13,No Significant Environmental Stress,7.6,Low,High Humidity Stress,20.0,Low,Train,Derived prototype label - NOT observed plant-stress ground truth
2025-02-20 18:30:00,18.5,Flowering,20.41,76.67,0.0,23.91,High Humidity Stress,20.0,Low,High Humidity Stress,14.0,Low,Train,Derived prototype label - NOT observed plant-stress ground truth
2025-02-20 19:00:00,19.0,Flowering,20.46,79.38,0.0,23.69,High Humidity Stress,14.0,Low,High Humidity Stress,21.2,Low,Train,Derived prototype label - NOT observed plant-stress ground truth
2025-02-20 19:30:00,19.5,Flowering,20.54,78.08,0.0,23.54,High Humidity Stress,21.2,Low,High Humidity Stress,26.3,Low,Train,Derived prototype label - NOT observed plant-stress ground truth
2025-02-20 20:00:00,20.0,Flowering,20.65,79.66,0.0,23.43,High Humidity Stress,26.3,Low,No Significant Environmental Stress,3.3,Low,Train,Derived prototype label - NOT observed plant-stress ground truth
2025-02-20 20:30:00,20.5,Flowering,20.77,80.78,0.0,23.24,No Significant Environmental Stress,3.3,Low,No Significant Environmental Stress,6.7,Low,Train,Derived prototype label - NOT observed plant-stress ground truth
2025-02-20 21:00:00,21.0,Flowering,20.9,75.73,0.0,23.05,No Significant Environmental Stress,6.7,Low,High Humidity Stress,21.0,Low,Train,Derived prototype label - NOT observed plant-stress ground truth
2025-02-20 21:30:00,21.5,Flowering,21.03,76.46,0.0,22.94,High Humidity Stress,21.0,Low,High Humidity Stress,21.1,Low,Train,Derived prototype label - NOT observed plant-stress ground truth
2025-02-20 22:00:00,22.0,Flowering,21.15,79.62,0.0,22.8,High Humidity Stress,21.1,Low,High Humidity Stress,18.3,Low,Train,Derived prototype label - NOT observed plant-stress ground truth
2025-02-20 22:30:00,22.5,Flowering,21.25,79.63,0.0,22.65,High Humidity Stress,18.3,Low,High Humidity Stress,18.4,Low,Train,Derived prototype label - NOT observed plant-stress ground truth
2025-02-20 23:00:00,23.0,Flowering,21.33,79.01,0.0,22.64,High Humidity Stress,18.4,Low,No Significant Environmental Stress,0.0,Low,Train,Derived prototype label - NOT observed plant-stress ground truth
2025-02-20 23:30:00,23.5,Flowering,21.38,79.04,0.0,22.65,No Significant Environmental Stress,0.0,Low,No Significant Environmental Stress,0.0,Low,Train,Derived prototype label - NOT observed plant-stress ground truth
2025-02-21 00:00:00,0.0,Flowering,21.76,72.16,0.0,22.51,No Significant Environmental Stress,0.0,Low,No Significant Environmental Stress,5.1,Low,Train,Derived prototype label - NOT observed plant-stress ground truth
2025-02-21 00:30:00,0.5,Flowering,21.75,74.87,0.0,22.49,No Significant Environmental Stress,5.1,Low,No Significant Environmental Stress,0.0,Low,Train,Derived prototype label - NOT observed plant-stress ground truth
2025-02-21 01:00:00,1.0,Flowering,21.7,76.11,0.0,22.5,No Significant Environmental Stress,0.0,Low,No Significant Environmental Stress,0.0,Low,Train,Derived prototype label - NOT observed plant-stress ground truth
2025-02-21 01:30:00,1.5,Flowering,21.62,72.7,0.0,22.52,No Significant Environmental Stress,0.0,Low,No Significant Environmental Stress,0.0,Low,Train,Derived prototype label - NOT observed plant-stress ground truth
2025-02-21 02:00:00,2.0,Flowering,21.51,74.22,0.0,22.49,No Significant Environmental Stress,0.0,Low,No Significant Environmental Stress,2.2,Low,Train,Derived prototype label - NOT observed plant-stress ground truth
2025-02-21 02:30:00,2.5,Flowering,21.39,71.16,0.0,22.39,No Significant Environmental Stress,2.2,Low,No Significant Environmental Stress,0.0,Low,Train,Derived prototype label - NOT observed plant-stress ground truth
2025-02-21 03:00:00,3.0,Flowering,21.26,75.49,0.0,22.29,No Significant Environmental Stress,0.0,Low,No Significant Environmental Stress,0.0,Low,Train,Derived prototype label - NOT observed plant-stress ground truth
2025-02-21 03:30:00,3.5,Flowering,21.13,74.33,0.0,22.27,No Significant Environmental Stress,0.0,Low,No Significant Environmental Stress,0.0,Low,Train,Derived prototype label - NOT observed plant-stress ground truth
2025-02-21 04:00:00,4.0,Flowering,21.01,70.39,0.0,22.15,No Significant Environmental Stress,0.0,Low,No Significant Environmental Stress,0.0,Low,Train,Derived prototype label - NOT observed plant-stress ground truth
2025-02-21 04:30:00,4.5,Flowering,20.91,74.12,0.0,22.08,No Significant Environmental Stress,0.0,Low,No Significant Environmental Stress,0.0,Low,Train,Derived prototype label - NOT observed plant-stress ground truth
2025-02-21 05:00:00,5.0,Flowering,20.83,70.3,0.0,22.07,No Significant Environmental Stress,0.0,Low,Low Light Stress,83.1,High,Train,Derived prototype label - NOT observed plant-stress ground truth
2025-02-21 05:30:00,5.5,Flowering,20.78,71.44,0.0,22.01,Low Light Stress,83.1,High,Low Light Stress,59.8,Moderate,Train,Derived prototype label - NOT observed plant-stress ground truth
2025-02-21 06:00:00,6.0,Flowering,20.76,73.26,0.0,21.98,Low Light Stress,59.8,Moderate,Low Light Stress,35.1,Moderate,Train,Derived prototype label - NOT observed plant-stress ground truth
2025-02-21 06:30:00,6.5,Flowering,22.23,73.43,4060.0,22.03,Low Light Stress,35.1,Moderate,No Significant Environmental Stress,3.3,Low,Train,Derived prototype label - NOT observed plant-stress ground truth
2025-02-21 07:00:00,7.0,Flowering,23.17,70.61,8583.0,22.02,No Significant Environmental Stress,3.3,Low,No Significant Environmental Stress,0.0,Low,Train,Derived prototype label - NOT observed plant-stress ground truth
2025-02-21 07:30:00,7.5,Flowering,24.09,69.54,14399.0,22.19,No Significant Environmental Stress,0.0,Low,No Significant Environmental Stress,0.0,Low,Train,Derived prototype label - NOT observed plant-stress ground truth
2025-02-21 08:00:00,8.0,Flowering,24.95,67.07,17163.0,22.38,No Significant Environmental Stress,0.0,Low,No Significant Environmental Stress,0.0,Low,Train,Derived prototype label - NOT observed plant-stress ground truth
2025-02-21 08:30:00,8.5,Flowering,25.75,69.12,18897.0,22.51,No Significant Environmental Stress,0.0,Low,No Significant Environmental Stress,1.4,Low,Train,Derived prototype label - NOT observed plant-stress ground truth
2025-02-21 09:00:00,9.0,Flowering,26.48,62.72,23799.0,22.65,No Significant Environmental Stress,1.4,Low,No Significant Environmental Stress,7.6,Low,Train,Derived prototype label - NOT observed plant-stress ground truth
2025-02-21 09:30:00,9.5,Flowering,27.12,63.42,25910.0,22.88,No Significant Environmental Stress,7.6,Low,No Significant Environmental Stress,12.7,Low,Train,Derived prototype label - NOT observed plant-stress ground truth
2025-02-21 10:00:00,10.0,Flowering,27.65,62.03,26498.0,23.08,No Significant Environmental Stress,12.7,Low,Heat Stress,16.3,Low,Train,Derived prototype label - NOT observed plant-stress ground truth
2025-02-21 10:30:00,10.5,Flowering,28.08,63.91,31341.0,23.3,Heat Stress,16.3,Low,Heat Stress,18.5,Low,Train,Derived prototype label - NOT observed plant-stress ground truth
2025-02-21 11:00:00,11.0,Flowering,28.39,61.32,30864.0,23.45,Heat Stress,18.5,Low,Heat Stress,19.2,Low,Train,Derived prototype label - NOT observed plant-stress ground truth
2025-02-21 11:30:00,11.5,Flowering,28.58,62.18,34140.0,23.65,Heat Stress,19.2,Low,Heat Stress,18.5,Low,Train,Derived prototype label - NOT observed plant-stress ground truth
2025-02-21 12:00:00,12.0,Flowering,28.64,61.29,30351.0,23.9,Heat Stress,18.5,Low,Heat Stress,16.3,Low,Train,Derived prototype label - NOT observed plant-stress ground truth
2025-02-21 12:30:00,12.5,Flowering,28.58,61.09,29578.0,24.15,Heat Stress,16.3,Low,No Significant Environmental Stress,12.7,Low,Train,Derived prototype label - NOT observed plant-stress ground truth
2025-02-21 13:00:00,13.0,Flowering,28.39,61.46,31994.0,24.29,No Significant Environmental Stress,12.7,Low,No Significant Environmental Stress,7.6,Low,Train,Derived prototype label - NOT observed plant-stress ground truth
2025-02-21 13:30:00,13.5,Flowering,28.08,62.19,32849.0,24.41,No Significant Environmental Stress,7.6,Low,No Significant Environmental Stress,1.4,Low,Train,Derived prototype label - NOT observed plant-stress ground truth
2025-02-21 14:00:00,14.0,Flowering,27.65,60.22,28619.0,24.46,No Significant Environmental Stress,1.4,Low,No Significant Environmental Stress,0.0,Low,Train,Derived prototype label - NOT observed plant-stress ground truth
2025-02-21 14:30:00,14.5,Flowering,27.12,62.09,26223.0,24.54,No Significant Environmental Stress,0.0,Low,No Significant Environmental Stress,0.0,Low,Train,Derived prototype label - NOT observed plant-stress ground truth
2025-02-21 15:00:00,15.0,Flowering,26.48,63.77,21249.0,24.57,No Significant Environmental Stress,0.0,Low,No Significant Environmental Stress,0.0,Low,Train,Derived prototype label - NOT observed plant-stress ground truth
2025-02-21 15:30:00,15.5,Flowering,25.75,66.47,18288.0,24.61,No Significant Environmental Stress,0.0,Low,No Significant Environmental Stress,13.0,Low,Train,Derived prototype label - NOT observed plant-stress ground truth
2025-02-21 16:00:00,16.0,Flowering,24.95,70.62,18853.0,24.63,No Significant Environmental Stress,13.0,Low,Low Light Stress,30.1,Low,Train,Derived prototype label - NOT observed plant-stress ground truth
2025-02-21 16:30:00,16.5,Flowering,24.09,66.61,12628.0,24.56,Low Light Stress,30.1,Low,Low Light Stress,64.5,Moderate,Train,Derived prototype label - NOT observed plant-stress ground truth
2025-02-21 17:00:00,17.0,Flowering,23.17,71.82,9491.0,24.39,Low Light Stress,64.5,Moderate,No Significant Environmental Stress,0.0,Low,Train,Derived prototype label - NOT observed plant-stress ground truth
2025-02-21 17:30:00,17.5,Flowering,22.23,77.74,4099.0,24.24,No Significant Environmental Stress,0.0,Low,No Significant Environmental Stress,0.0,Low,Train,Derived prototype label - NOT observed plant-stress ground truth
2025-02-21 18:00:00,18.0,Flowering,20.76,71.56,0.0,24.06,No Significant Environmental Stress,0.0,Low,No Significant Environmental Stress,0.0,Low,Train,Derived prototype label - NOT observed plant-stress ground truth
2025-02-21 18:30:00,18.5,Flowering,20.78,74.29,0.0,23.79,No Significant Environmental Stress,0.0,Low,No Significant Environmental Stress,0.0,Low,Train,Derived prototype label - NOT observed plant-stress ground truth
2025-02-21 19:00:00,19.0,Flowering,20.83,73.98,0.0,23.6,No Significant Environmental Stress,0.0,Low,No Significant Environmental Stress,0.0,Low,Train,Derived prototype label - NOT observed plant-stress ground truth
2025-02-21 19:30:00,19.5,Flowering,20.91,72.64,0.0,23.35,No Significant Environmental Stress,0.0,Low,No Significant Environmental Stress,0.0,Low,Train,Derived prototype label - NOT observed plant-stress ground truth
2025-02-21 20:00:00,20.0,Flowering,21.01,74.03,0.0,23.22,No Significant Environmental Stress,0.0,Low,No Significant Environmental Stress,0.0,Low,Train,Derived prototype label - NOT observed plant-stress ground truth
2025-02-21 20:30:00,20.5,Flowering,21.13,71.19,0.0,23.11,No Significant Environmental Stress,0.0,Low,No Significant Environmental Stress,0.0,Low,Train,Derived prototype label - NOT observed plant-stress ground truth
2025-02-21 21:00:00,21.0,Flowering,21.26,73.38,0.0,22.99,No Significant Environmental Stress,0.0,Low,No Significant Environmental Stress,0.0,Low,Train,Derived prototype label - NOT observed plant-stress ground truth
2025-02-21 21:30:00,21.5,Flowering,21.39,71.98,0.0,22.82,No Significant Environmental Stress,0.0,Low,No Significant Environmental Stress,0.0,Low,Train,Derived prototype label - NOT observed plant-stress ground truth
2025-02-21 22:00:00,22.0,Flowering,21.51,74.81,0.0,22.75,No Significant Environmental Stress,0.0,Low,No Significant Environmental Stress,0.0,Low,Train,Derived prototype label - NOT observed plant-stress ground truth
2025-02-21 22:30:00,22.5,Flowering,21.62,72.9,0.0,22.66,No Significant Environmental Stress,0.0,Low,No Significant Environmental Stress,0.0,Low,Train,Derived prototype label - NOT observed plant-stress ground truth
2025-02-21 23:00:00,23.0,Flowering,21.7,70.95,0.0,22.53,No Significant Environmental Stress,0.0,Low,High Humidity Stress,20.4,Low,Train,Derived prototype label - NOT observed plant-stress ground truth
2025-02-21 23:30:00,23.5,Flowering,21.75,73.09,0.0,22.39,High Humidity Stress,20.4,Low,High Humidity Stress,16.9,Low,Train,Derived prototype label - NOT observed plant-stress ground truth
2025-02-22 00:00:00,0.0,Flowering,20.66,79.47,0.0,22.26,High Humidity Stress,16.9,Low,High Humidity Stress,20.9,Low,Train,Derived prototype label - NOT observed plant-stress ground truth
2025-02-22 00:30:00,0.5,Flowering,20.65,78.71,0.0,22.15,High Humidity Stress,20.9,Low,High Humidity Stress,27.3,Low,Train,Derived prototype label - NOT observed plant-stress ground truth
2025-02-22 01:00:00,1.0,Flowering,20.6,79.59,0.0,22.11,High Humidity Stress,27.3,Low,High Humidity Stress,23.4,Low,Train,Derived prototype label - NOT observed plant-stress ground truth
2025-02-22 01:30:00,1.5,Flowering,20.52,80.99,0.0,22.06,High Humidity Stress,23.4,Low,High Humidity Stress,16.3,Low,Train,Derived prototype label - NOT observed plant-stress ground truth
2025-02-22 02:00:00,2.0,Flowering,20.41,80.14,0.0,22.02,High Humidity Stress,16.3,Low,High Humidity Stress,19.3,Low,Train,Derived prototype label - NOT observed plant-stress ground truth
2025-02-22 02:30:00,2.5,Flowering,20.29,78.58,0.0,22.02,High Humidity Stress,19.3,Low,High Humidity Stress,36.4,Moderate,Train,Derived prototype label - NOT observed plant-stress ground truth
2025-02-22 03:00:00,3.0,Flowering,20.16,79.23,0.0,21.97,High Humidity Stress,36.4,Moderate,High Humidity Stress,15.7,Low,Train,Derived prototype label - NOT observed plant-stress ground truth
2025-02-22 03:30:00,3.5,Flowering,20.03,82.99,0.0,21.88,High Humidity Stress,15.7,Low,High Humidity Stress,16.2,Low,Train,Derived prototype label - NOT observed plant-stress ground truth
2025-02-22 04:00:00,4.0,Flowering,19.91,78.45,0.0,21.81,High Humidity Stress,16.2,Low,High Humidity Stress,30.0,Low,Train,Derived prototype label - NOT observed plant-stress ground truth
2025-02-22 04:30:00,4.5,Flowering,19.81,78.55,0.0,21.75,High Humidity Stress,30.0,Low,High Humidity Stress,17.4,Low,Train,Derived prototype label - NOT observed plant-stress ground truth
2025-02-22 05:00:00,5.0,Flowering,19.73,81.58,0.0,21.7,High Humidity Stress,17.4,Low,Low Light Stress,89.4,High,Train,Derived prototype label - NOT observed plant-stress ground truth
2025-02-22 05:30:00,5.5,Flowering,19.68,78.83,0.0,21.73,Low Light Stress,89.4,High,Low Light Stress,58.8,Moderate,Train,Derived prototype label - NOT observed plant-stress ground truth
2025-02-22 06:00:00,6.0,Flowering,19.66,79.16,0.0,21.66,Low Light Stress,58.8,Moderate,Low Light Stress,20.4,Low,Train,Derived prototype label - NOT observed plant-stress ground truth
2025-02-22 06:30:00,6.5,Flowering,20.99,76.99,4884.0,21.67,Low Light Stress,20.4,Low,High Humidity Stress,19.0,Low,Train,Derived prototype label - NOT observed plant-stress ground truth
2025-02-22 07:00:00,7.0,Flowering,21.81,77.26,12006.0,21.72,High Humidity Stress,19.0,Low,No Significant Environmental Stress,2.0,Low,Train,Derived prototype label - NOT observed plant-stress ground truth
2025-02-22 07:30:00,7.5,Flowering,22.59,79.17,16621.0,21.86,No Significant Environmental Stress,2.0,Low,No Significant Environmental Stress,9.8,Low,Train,Derived prototype label - NOT observed plant-stress ground truth
2025-02-22 08:00:00,8.0,Flowering,23.34,75.44,16753.0,22.01,No Significant Environmental Stress,9.8,Low,No Significant Environmental Stress,0.0,Low,Train,Derived prototype label - NOT observed plant-stress ground truth
2025-02-22 08:30:00,8.5,Flowering,24.03,77.16,25840.0,22.14,No Significant Environmental Stress,0.0,Low,No Significant Environmental Stress,0.0,Low,Train,Derived prototype label - NOT observed plant-stress ground truth
2025-02-22 09:00:00,9.0,Flowering,24.65,73.88,26866.0,22.25,No Significant Environmental Stress,0.0,Low,No Significant Environmental Stress,0.0,Low,Train,Derived prototype label - NOT observed plant-stress ground truth
2025-02-22 09:30:00,9.5,Flowering,25.2,72.64,30291.0,22.33,No Significant Environmental Stress,0.0,Low,No Significant Environmental Stress,0.0,Low,Train,Derived prototype label - NOT observed plant-stress ground truth
2025-02-22 10:00:00,10.0,Flowering,25.66,70.9,33777.0,22.51,No Significant Environmental Stress,0.0,Low,No Significant Environmental Stress,0.0,Low,Train,Derived prototype label - NOT observed plant-stress ground truth
2025-02-22 10:30:00,10.5,Flowering,26.03,71.9,34670.0,22.69,No Significant Environmental Stress,0.0,Low,No Significant Environmental Stress,0.0,Low,Train,Derived prototype label - NOT observed plant-stress ground truth
2025-02-22 11:00:00,11.0,Flowering,26.3,70.82,42565.0,22.89,No Significant Environmental Stress,0.0,Low,No Significant Environmental Stress,0.0,Low,Train,Derived prototype label - NOT observed plant-stress ground truth
2025-02-22 11:30:00,11.5,Flowering,26.46,69.4,39253.0,23.06,No Significant Environmental Stress,0.0,Low,No Significant Environmental Stress,0.0,Low,Train,Derived prototype label - NOT observed plant-stress ground truth
2025-02-22 12:00:00,12.0,Flowering,26.51,69.01,40446.0,23.27,No Significant Environmental Stress,0.0,Low,No Significant Environmental Stress,0.0,Low,Train,Derived prototype label - NOT observed plant-stress ground truth
2025-02-22 12:30:00,12.5,Flowering,26.46,72.2,42776.0,23.52,No Significant Environmental Stress,0.0,Low,No Significant Environmental Stress,0.0,Low,Train,Derived prototype label - NOT observed plant-stress ground truth
2025-02-22 13:00:00,13.0,Flowering,26.3,70.55,41124.0,23.61,No Significant Environmental Stress,0.0,Low,No Significant Environmental Stress,0.0,Low,Train,Derived prototype label - NOT observed plant-stress ground truth
2025-02-22 13:30:00,13.5,Flowering,26.03,72.3,38223.0,23.72,No Significant Environmental Stress,0.0,Low,No Significant Environmental Stress,0.0,Low,Train,Derived prototype label - NOT observed plant-stress ground truth
2025-02-22 14:00:00,14.0,Flowering,25.66,70.9,35196.0,23.84,No Significant Environmental Stress,0.0,Low,No Significant Environmental Stress,0.0,Low,Train,Derived prototype label - NOT observed plant-stress ground truth
2025-02-22 14:30:00,14.5,Flowering,25.2,70.6,26261.0,23.89,No Significant Environmental Stress,0.0,Low,No Significant Environmental Stress,0.0,Low,Train,Derived prototype label - NOT observed plant-stress ground truth
2025-02-22 15:00:00,15.0,Flowering,24.65,71.31,27587.0,23.94,No Significant Environmental Stress,0.0,Low,No Significant Environmental Stress,5.0,Low,Train,Derived prototype label - NOT observed plant-stress ground truth
2025-02-22 15:30:00,15.5,Flowering,24.03,74.84,25044.0,23.98,No Significant Environmental Stress,5.0,Low,No Significant Environmental Stress,6.8,Low,Train,Derived prototype label - NOT observed plant-stress ground truth
2025-02-22 16:00:00,16.0,Flowering,23.34,76.09,19417.0,23.96,No Significant Environmental Stress,6.8,Low,Low Light Stress,20.0,Low,Train,Derived prototype label - NOT observed plant-stress ground truth
2025-02-22 16:30:00,16.5,Flowering,22.59,76.45,14931.0,23.89,Low Light Stress,20.0,Low,Low Light Stress,59.7,Moderate,Train,Derived prototype label - NOT observed plant-stress ground truth
2025-02-22 17:00:00,17.0,Flowering,21.81,76.05,11691.0,23.78,Low Light Stress,59.7,Moderate,No Significant Environmental Stress,6.2,Low,Train,Derived prototype label - NOT observed plant-stress ground truth
2025-02-22 17:30:00,17.5,Flowering,20.99,77.31,4835.0,23.64,No Significant Environmental Stress,6.2,Low,No Significant Environmental Stress,12.0,Low,Train,Derived prototype label - NOT observed plant-stress ground truth
2025-02-22 18:00:00,18.0,Flowering,19.66,76.36,0.0,23.52,No Significant Environmental Stress,12.0,Low,High Humidity Stress,32.4,Low,Train,Derived prototype label - NOT observed plant-stress ground truth
2025-02-22 18:30:00,18.5,Flowering,19.68,77.63,0.0,23.33,High Humidity Stress,32.4,Low,High Humidity Stress,19.4,Low,Train,Derived prototype label - NOT observed plant-stress ground truth
2025-02-22 19:00:00,19.0,Flowering,19.73,82.11,0.0,23.16,High Humidity Stress,19.4,Low,High Humidity Stress,20.8,Low,Train,Derived prototype label - NOT observed plant-stress ground truth
2025-02-22 19:30:00,19.5,Flowering,19.81,79.26,0.0,22.95,High Humidity Stress,20.8,Low,High Humidity Stress,16.6,Low,Train,Derived prototype label - NOT observed plant-stress ground truth
2025-02-22 20:00:00,20.0,Flowering,19.91,79.57,0.0,22.73,High Humidity Stress,16.6,Low,High Humidity Stress,17.6,Low,Train,Derived prototype label - NOT observed plant-stress ground truth
2025-02-22 20:30:00,20.5,Flowering,20.03,78.64,0.0,22.54,High Humidity Stress,17.6,Low,High Humidity Stress,28.4,Low,Train,Derived prototype label - NOT observed plant-stress ground truth
2025-02-22 21:00:00,21.0,Flowering,20.16,78.86,0.0,22.31,High Humidity Stress,28.4,Low,High Humidity Stress,30.1,Low,Train,Derived prototype label - NOT observed plant-stress ground truth
2025-02-22 21:30:00,21.5,Flowering,20.29,81.24,0.0,22.25,High Humidity Stress,30.1,Low,No Significant Environmental Stress,4.7,Low,Train,Derived prototype label - NOT observed plant-stress ground truth
2025-02-22 22:00:00,22.0,Flowering,20.41,81.61,0.0,22.17,No Significant Environmental Stress,4.7,Low,High Humidity Stress,17.9,Low,Train,Derived prototype label - NOT observed plant-stress ground truth
2025-02-22 22:30:00,22.5,Flowering,20.52,76.03,0.0,22.15,High Humidity Stress,17.9,Low,High Humidity Stress,24.8,Low,Train,Derived prototype label - NOT observed plant-stress ground truth
2025-02-22 23:00:00,23.0,Flowering,20.6,78.93,0.0,22.06,High Humidity Stress,24.8,Low,High Humidity Stress,22.2,Low,Train,Derived prototype label - NOT observed plant-stress ground truth
2025-02-22 23:30:00,23.5,Flowering,20.65,80.45,0.0,21.99,High Humidity Stress,22.2,Low,No Significant Environmental Stress,3.4,Low,Train,Derived prototype label - NOT observed plant-stress ground truth
2025-02-23 00:00:00,0.0,Flowering,21.96,79.87,0.0,22.05,No Significant Environmental Stress,3.4,Low,No Significant Environmental Stress,0.0,Low,Train,Derived prototype label - NOT observed plant-stress ground truth
2025-02-23 00:30:00,0.5,Flowering,21.94,75.74,0.0,22.02,No Significant Environmental Stress,0.0,Low,No Significant Environmental Stress,6.3,Low,Train,Derived prototype label - NOT observed plant-stress ground truth
2025-02-23 01:00:00,1.0,Flowering,21.89,73.43,0.0,22.14,No Significant Environmental Stress,6.3,Low,No Significant Environmental Stress,9.4,Low,Train,Derived prototype label - NOT observed plant-stress ground truth
2025-02-23 01:30:00,1.5,Flowering,21.81,76.38,0.0,22.2,No Significant Environmental Stress,9.4,Low,No Significant Environmental Stress,7.9,Low,Train,Derived prototype label - NOT observed plant-stress ground truth
2025-02-23 02:00:00,2.0,Flowering,21.71,77.06,0.0,22.13,No Significant Environmental Stress,7.9,Low,No Significant Environmental Stress,0.0,Low,Train,Derived prototype label - NOT observed plant-stress ground truth
2025-02-23 02:30:00,2.5,Flowering,21.59,76.73,0.0,22.11,No Significant Environmental Stress,0.0,Low,No Significant Environmental Stress,0.0,Low,Train,Derived prototype label - NOT observed plant-stress ground truth
2025-02-23 03:00:00,3.0,Flowering,21.46,74.86,0.0,22.08,No Significant Environmental Stress,0.0,Low,No Significant Environmental Stress,0.0,Low,Train,Derived prototype label - NOT observed plant-stress ground truth
2025-02-23 03:30:00,3.5,Flowering,21.33,73.69,0.0,22.04,No Significant Environmental Stress,0.0,Low,No Significant Environmental Stress,0.3,Low,Train,Derived prototype label - NOT observed plant-stress ground truth
2025-02-23 04:00:00,4.0,Flowering,21.21,74.27,0.0,22.03,No Significant Environmental Stress,0.3,Low,No Significant Environmental Stress,11.0,Low,Train,Derived prototype label - NOT observed plant-stress ground truth
2025-02-23 04:30:00,4.5,Flowering,21.11,75.07,0.0,22.05,No Significant Environmental Stress,11.0,Low,No Significant Environmental Stress,0.6,Low,Train,Derived prototype label - NOT observed plant-stress ground truth
2025-02-23 05:00:00,5.0,Flowering,21.03,77.41,0.0,22.05,No Significant Environmental Stress,0.6,Low,Low Light Stress,82.2,High,Train,Derived prototype label - NOT observed plant-stress ground truth
2025-02-23 05:30:00,5.5,Flowering,20.98,75.13,0.0,22.02,Low Light Stress,82.2,High,Low Light Stress,61.3,Moderate,Train,Derived prototype label - NOT observed plant-stress ground truth
2025-02-23 06:00:00,6.0,Flowering,20.96,73.1,0.0,21.98,Low Light Stress,61.3,Moderate,Low Light Stress,39.5,Moderate,Train,Derived prototype label - NOT observed plant-stress ground truth
2025-02-23 06:30:00,6.5,Flowering,22.32,75.51,3946.0,22.02,Low Light Stress,39.5,Moderate,Low Light Stress,18.7,Low,Train,Derived prototype label - NOT observed plant-stress ground truth
2025-02-23 07:00:00,7.0,Flowering,23.16,74.21,7768.0,22.04,Low Light Stress,18.7,Low,No Significant Environmental Stress,0.0,Low,Train,Derived prototype label - NOT observed plant-stress ground truth
2025-02-23 07:30:00,7.5,Flowering,23.98,74.31,11575.0,22.12,No Significant Environmental Stress,0.0,Low,No Significant Environmental Stress,0.0,Low,Train,Derived prototype label - NOT observed plant-stress ground truth
2025-02-23 08:00:00,8.0,Flowering,24.75,66.76,16225.0,22.27,No Significant Environmental Stress,0.0,Low,No Significant Environmental Stress,0.0,Low,Train,Derived prototype label - NOT observed plant-stress ground truth
2025-02-23 08:30:00,8.5,Flowering,25.46,67.27,19419.0,22.46,No Significant Environmental Stress,0.0,Low,No Significant Environmental Stress,0.0,Low,Train,Derived prototype label - NOT observed plant-stress ground truth
2025-02-23 09:00:00,9.0,Flowering,26.11,66.5,20160.0,22.54,No Significant Environmental Stress,0.0,Low,No Significant Environmental Stress,1.8,Low,Train,Derived prototype label - NOT observed plant-stress ground truth
2025-02-23 09:30:00,9.5,Flowering,26.67,67.81,25787.0,22.74,No Significant Environmental Stress,1.8,Low,No Significant Environmental Stress,6.2,Low,Train,Derived prototype label - NOT observed plant-stress ground truth
2025-02-23 10:00:00,10.0,Flowering,27.15,68.67,28842.0,22.94,No Significant Environmental Stress,6.2,Low,No Significant Environmental Stress,9.5,Low,Train,Derived prototype label - NOT observed plant-stress ground truth
2025-02-23 10:30:00,10.5,Flowering,27.53,63.74,31636.0,23.12,No Significant Environmental Stress,9.5,Low,Heat Stress,40.1,Moderate,Train,Derived prototype label - NOT observed plant-stress ground truth
2025-02-23 11:00:00,11.0,Flowering,27.81,63.36,32179.0,23.37,Heat Stress,40.1,Moderate,Heat Stress,79.5,High,Train,Derived prototype label - NOT observed plant-stress ground truth
2025-02-23 11:30:00,11.5,Flowering,30.42,60.33,27601.0,24.06,Heat Stress,79.5,High,Heat Stress,62.9,Moderate,Train,Derived prototype label - NOT observed plant-stress ground truth
2025-02-23 12:00:00,12.0,Flowering,33.6,58.33,33396.0,25.04,Heat Stress,62.9,Moderate,Heat Stress,19.4,Low,Train,Derived prototype label - NOT observed plant-stress ground truth
2025-02-23 12:30:00,12.5,Flowering,32.37,61.31,29116.0,24.91,Heat Stress,19.4,Low,No Significant Environmental Stress,6.2,Low,Train,Derived prototype label - NOT observed plant-stress ground truth
2025-02-23 13:00:00,13.0,Flowering,28.66,61.42,25872.0,24.33,No Significant Environmental Stress,6.2,Low,No Significant Environmental Stress,1.8,Low,Train,Derived prototype label - NOT observed plant-stress ground truth
2025-02-23 13:30:00,13.5,Flowering,27.53,65.0,31441.0,24.24,No Significant Environmental Stress,1.8,Low,No Significant Environmental Stress,0.0,Low,Train,Derived prototype label - NOT observed plant-stress ground truth
2025-02-23 14:00:00,14.0,Flowering,27.15,66.84,24259.0,24.38,No Significant Environmental Stress,0.0,Low,No Significant Environmental Stress,0.0,Low,Train,Derived prototype label - NOT observed plant-stress ground truth
2025-02-23 14:30:00,14.5,Flowering,26.67,64.35,26699.0,24.49,No Significant Environmental Stress,0.0,Low,No Significant Environmental Stress,0.0,Low,Train,Derived prototype label - NOT observed plant-stress ground truth
2025-02-23 15:00:00,15.0,Flowering,26.11,69.31,24734.0,24.53,No Significant Environmental Stress,0.0,Low,No Significant Environmental Stress,0.0,Low,Train,Derived prototype label - NOT observed plant-stress ground truth
2025-02-23 15:30:00,15.5,Flowering,25.46,68.41,18842.0,24.55,No Significant Environmental Stress,0.0,Low,No Significant Environmental Stress,4.5,Low,Train,Derived prototype label - NOT observed plant-stress ground truth
2025-02-23 16:00:00,16.0,Flowering,24.75,68.92,16272.0,24.48,No Significant Environmental Stress,4.5,Low,Low Light Stress,39.7,Moderate,Train,Derived prototype label - NOT observed plant-stress ground truth
2025-02-23 16:30:00,16.5,Flowering,23.98,72.01,14172.0,24.4,Low Light Stress,39.7,Moderate,Low Light Stress,59.1,Moderate,Train,Derived prototype label - NOT observed plant-stress ground truth
2025-02-23 17:00:00,17.0,Flowering,23.16,74.64,7740.0,24.34,Low Light Stress,59.1,Moderate,No Significant Environmental Stress,8.0,Low,Train,Derived prototype label - NOT observed plant-stress ground truth
2025-02-23 17:30:00,17.5,Flowering,22.32,73.55,4181.0,24.23,No Significant Environmental Stress,8.0,Low,No Significant Environmental Stress,0.0,Low,Train,Derived prototype label - NOT observed plant-stress ground truth
2025-02-23 18:00:00,18.0,Flowering,20.96,76.75,0.0,24.05,No Significant Environmental Stress,0.0,Low,No Significant Environmental Stress,2.0,Low,Train,Derived prototype label - NOT observed plant-stress ground truth
2025-02-23 18:30:00,18.5,Flowering,20.98,73.59,0.0,23.94,No Significant Environmental Stress,2.0,Low,No Significant Environmental Stress,8.2,Low,Train,Derived prototype label - NOT observed plant-stress ground truth
2025-02-23 19:00:00,19.0,Flowering,21.03,75.44,0.0,23.76,No Significant Environmental Stress,8.2,Low,No Significant Environmental Stress,0.0,Low,Train,Derived prototype label - NOT observed plant-stress ground truth
2025-02-23 19:30:00,19.5,Flowering,21.11,76.8,0.0,23.6,No Significant Environmental Stress,0.0,Low,No Significant Environmental Stress,0.0,Low,Train,Derived prototype label - NOT observed plant-stress ground truth
2025-02-23 20:00:00,20.0,Flowering,21.21,74.14,0.0,23.47,No Significant Environmental Stress,0.0,Low,No Significant Environmental Stress,0.0,Low,Train,Derived prototype label - NOT observed plant-stress ground truth
2025-02-23 20:30:00,20.5,Flowering,21.33,71.13,0.0,23.25,No Significant Environmental Stress,0.0,Low,No Significant Environmental Stress,6.3,Low,Train,Derived prototype label - NOT observed plant-stress ground truth
2025-02-23 21:00:00,21.0,Flowering,21.46,72.34,0.0,23.07,No Significant Environmental Stress,6.3,Low,No Significant Environmental Stress,0.0,Low,Train,Derived prototype label - NOT observed plant-stress ground truth
2025-02-23 21:30:00,21.5,Flowering,21.59,76.39,0.0,22.86,No Significant Environmental Stress,0.0,Low,No Significant Environmental Stress,6.9,Low,Train,Derived prototype label - NOT observed plant-stress ground truth
2025-02-23 22:00:00,22.0,Flowering,21.71,72.26,0.0,22.77,No Significant Environmental Stress,6.9,Low,No Significant Environmental Stress,0.0,Low,Train,Derived prototype label - NOT observed plant-stress ground truth
2025-02-23 22:30:00,22.5,Flowering,21.81,76.52,0.0,22.7,No Significant Environmental Stress,0.0,Low,High Humidity Stress,14.9,Low,Train,Derived prototype label - NOT observed plant-stress ground truth
2025-02-23 23:00:00,23.0,Flowering,21.89,74.97,0.0,22.65,High Humidity Stress,14.9,Low,High Humidity Stress,23.9,Low,Train,Derived prototype label - NOT observed plant-stress ground truth
2025-02-23 23:30:00,23.5,Flowering,21.94,78.27,0.0,22.56,High Humidity Stress,23.9,Low,No Significant Environmental Stress,8.7,Low,Train,Derived prototype label - NOT observed plant-stress ground truth
2025-02-24 00:00:00,0.0,Flowering,21.4,80.25,0.0,22.49,No Significant Environmental Stress,8.7,Low,High Humidity Stress,15.4,Low,Train,Derived prototype label - NOT observed plant-stress ground truth
2025-02-24 00:30:00,0.5,Flowering,21.38,76.91,0.0,22.43,High Humidity Stress,15.4,Low,High Humidity Stress,20.4,Low,Train,Derived prototype label - NOT observed plant-stress ground truth
2025-02-24 01:00:00,1.0,Flowering,21.33,78.37,0.0,22.31,High Humidity Stress,20.4,Low,High Humidity Stress,16.5,Low,Train,Derived prototype label - NOT observed plant-stress ground truth
2025-02-24 01:30:00,1.5,Flowering,21.25,79.48,0.0,22.29,High Humidity Stress,16.5,Low,High Humidity Stress,15.5,Low,Train,Derived prototype label - NOT observed plant-stress ground truth
2025-02-24 02:00:00,2.0,Flowering,21.15,78.63,0.0,22.25,High Humidity Stress,15.5,Low,No Significant Environmental Stress,9.2,Low,Train,Derived prototype label - NOT observed plant-stress ground truth
2025-02-24 02:30:00,2.5,Flowering,21.03,78.41,0.0,22.14,No Significant Environmental Stress,9.2,Low,High Humidity Stress,13.2,Low,Train,Derived prototype label - NOT observed plant-stress ground truth
2025-02-24 03:00:00,3.0,Flowering,20.9,77.02,0.0,22.12,High Humidity Stress,13.2,Low,No Significant Environmental Stress,3.7,Low,Train,Derived prototype label - NOT observed plant-stress ground truth
2025-02-24 03:30:00,3.5,Flowering,20.77,77.9,0.0,22.07,No Significant Environmental Stress,3.7,Low,No Significant Environmental Stress,13.0,Low,Train,Derived prototype label - NOT observed plant-stress ground truth
2025-02-24 04:00:00,4.0,Flowering,20.65,75.81,0.0,22.01,No Significant Environmental Stress,13.0,Low,High Humidity Stress,22.4,Low,Train,Derived prototype label - NOT observed plant-stress ground truth
2025-02-24 04:30:00,4.5,Flowering,20.55,77.86,0.0,22.03,High Humidity Stress,22.4,Low,High Humidity Stress,23.4,Low,Train,Derived prototype label - NOT observed plant-stress ground truth
2025-02-24 05:00:00,5.0,Flowering,20.47,79.91,0.0,22.02,High Humidity Stress,23.4,Low,Low Light Stress,84.7,High,Train,Derived prototype label - NOT observed plant-stress ground truth
2025-02-24 05:30:00,5.5,Flowering,20.42,80.13,0.0,21.97,Low Light Stress,84.7,High,Low Light Stress,60.6,Moderate,Train,Derived prototype label - NOT observed plant-stress ground truth
2025-02-24 06:00:00,6.0,Flowering,20.4,76.15,0.0,21.97,Low Light Stress,60.6,Moderate,Low Light Stress,43.6,Moderate,Train,Derived prototype label - NOT observed plant-stress ground truth
2025-02-24 06:30:00,6.5,Flowering,21.91,77.81,4836.0,22.04,Low Light Stress,43.6,Moderate,No Significant Environmental Stress,7.0,Low,Train,Derived prototype label - NOT observed plant-stress ground truth
2025-02-24 07:00:00,7.0,Flowering,22.91,80.96,8965.0,22.08,No Significant Environmental Stress,7.0,Low,No Significant Environmental Stress,1.4,Low,Train,Derived prototype label - NOT observed plant-stress ground truth
2025-02-24 07:30:00,7.5,Flowering,23.87,73.46,13728.0,22.19,No Significant Environmental Stress,1.4,Low,No Significant Environmental Stress,0.0,Low,Train,Derived prototype label - NOT observed plant-stress ground truth
2025-02-24 08:00:00,8.0,Flowering,24.78,72.83,14749.0,22.25,No Significant Environmental Stress,0.0,Low,No Significant Environmental Stress,0.0,Low,Train,Derived prototype label - NOT observed plant-stress ground truth
2025-02-24 08:30:00,8.5,Flowering,25.63,69.77,20862.0,22.32,No Significant Environmental Stress,0.0,Low,No Significant Environmental Stress,0.7,Low,Train,Derived prototype label - NOT observed plant-stress ground truth
2025-02-24 09:00:00,9.0,Flowering,26.39,65.77,23254.0,22.51,No Significant Environmental Stress,0.7,Low,No Significant Environmental Stress,7.3,Low,Train,Derived prototype label - NOT observed plant-stress ground truth
2025-02-24 09:30:00,9.5,Flowering,27.06,69.9,25528.0,22.74,No Significant Environmental Stress,7.3,Low,No Significant Environmental Stress,12.5,Low,Train,Derived prototype label - NOT observed plant-stress ground truth
2025-02-24 10:00:00,10.0,Flowering,27.62,68.47,29524.0,22.96,No Significant Environmental Stress,12.5,Low,Heat Stress,16.4,Low,Train,Derived prototype label - NOT observed plant-stress ground truth
2025-02-24 10:30:00,10.5,Flowering,28.07,71.05,29942.0,23.18,Heat Stress,16.4,Low,Heat Stress,18.7,Low,Train,Derived prototype label - NOT observed plant-stress ground truth
2025-02-24 11:00:00,11.0,Flowering,28.4,65.04,35165.0,23.39,Heat Stress,18.7,Low,Heat Stress,19.4,Low,Train,Derived prototype label - NOT observed plant-stress ground truth
2025-02-24 11:30:00,11.5,Flowering,28.6,70.19,32608.0,23.66,Heat Stress,19.4,Low,Heat Stress,18.7,Low,Train,Derived prototype label - NOT observed plant-stress ground truth
2025-02-24 12:00:00,12.0,Flowering,28.66,68.29,34091.0,23.9,Heat Stress,18.7,Low,Heat Stress,16.4,Low,Train,Derived prototype label - NOT observed plant-stress ground truth
2025-02-24 12:30:00,12.5,Flowering,28.6,68.43,35220.0,24.08,Heat Stress,16.4,Low,No Significant Environmental Stress,12.5,Low,Train,Derived prototype label - NOT observed plant-stress ground truth
2025-02-24 13:00:00,13.0,Flowering,28.4,65.29,34722.0,24.24,No Significant Environmental Stress,12.5,Low,Heat Stress,22.3,Low,Train,Derived prototype label - NOT observed plant-stress ground truth
2025-02-24 13:30:00,13.5,Flowering,28.07,69.97,32543.0,24.34,Heat Stress,22.3,Low,Heat Stress,36.6,Moderate,Train,Derived prototype label - NOT observed plant-stress ground truth
2025-02-24 14:00:00,14.0,Flowering,28.9,69.24,30997.0,24.82,Heat Stress,36.6,Moderate,Heat Stress,71.6,High,Train,Derived prototype label - NOT observed plant-stress ground truth
2025-02-24 14:30:00,14.5,Flowering,29.97,62.26,25738.0,25.39,Heat Stress,71.6,High,Heat Stress,41.0,Moderate,Train,Derived prototype label - NOT observed plant-stress ground truth
2025-02-24 15:00:00,15.0,Flowering,32.71,63.23,21418.0,26.03,Heat Stress,41.0,Moderate,No Significant Environmental Stress,5.5,Low,Train,Derived prototype label - NOT observed plant-stress ground truth
2025-02-24 15:30:00,15.5,Flowering,30.21,67.25,22889.0,25.75,No Significant Environmental Stress,5.5,Low,Low Light Stress,13.3,Low,Train,Derived prototype label - NOT observed plant-stress ground truth
2025-02-24 16:00:00,16.0,Flowering,27.36,70.09,19046.0,25.28,Low Light Stress,13.3,Low,Low Light Stress,36.6,Moderate,Train,Derived prototype label - NOT observed plant-stress ground truth
2025-02-24 16:30:00,16.5,Flowering,24.23,71.1,12558.0,24.66,Low Light Stress,36.6,Moderate,Low Light Stress,64.9,Moderate,Train,Derived prototype label - NOT observed plant-stress ground truth
2025-02-24 17:00:00,17.0,Flowering,22.91,76.31,8732.0,24.34,Low Light Stress,64.9,Moderate,No Significant Environmental Stress,0.0,Low,Train,Derived prototype label - NOT observed plant-stress ground truth
2025-02-24 17:30:00,17.5,Flowering,21.91,79.01,4433.0,24.12,No Significant Environmental Stress,0.0,Low,High Humidity Stress,17.9,Low,Train,Derived prototype label - NOT observed plant-stress ground truth
2025-02-24 18:00:00,18.0,Flowering,20.4,74.83,0.0,23.9,High Humidity Stress,17.9,Low,High Humidity Stress,63.5,Moderate,Train,Derived prototype label - NOT observed plant-stress ground truth
2025-02-24 18:30:00,18.5,Flowering,20.42,78.93,0.0,23.65,High Humidity Stress,63.5,Moderate,High Humidity Stress,61.4,Moderate,Train,Derived prototype label - NOT observed plant-stress ground truth
2025-02-24 19:00:00,19.0,Flowering,20.47,88.94,0.0,23.51,High Humidity Stress,61.4,Moderate,High Humidity Stress,53.1,Moderate,Train,Derived prototype label - NOT observed plant-stress ground truth
2025-02-24 19:30:00,19.5,Flowering,20.55,88.48,0.0,23.29,High Humidity Stress,53.1,Moderate,High Humidity Stress,41.0,Moderate,Train,Derived prototype label - NOT observed plant-stress ground truth
2025-02-24 20:00:00,20.0,Flowering,20.65,86.66,0.0,23.11,High Humidity Stress,41.0,Moderate,High Humidity Stress,17.2,Low,Train,Derived prototype label - NOT observed plant-stress ground truth
2025-02-24 20:30:00,20.5,Flowering,20.77,84.0,0.0,22.98,High Humidity Stress,17.2,Low,No Significant Environmental Stress,9.7,Low,Train,Derived prototype label - NOT observed plant-stress ground truth
2025-02-24 21:00:00,21.0,Flowering,20.9,78.77,0.0,22.84,No Significant Environmental Stress,9.7,Low,No Significant Environmental Stress,10.8,Low,Train,Derived prototype label - NOT observed plant-stress ground truth
2025-02-24 21:30:00,21.5,Flowering,21.03,77.14,0.0,22.74,No Significant Environmental Stress,10.8,Low,No Significant Environmental Stress,9.0,Low,Train,Derived prototype label - NOT observed plant-stress ground truth
2025-02-24 22:00:00,22.0,Flowering,21.15,77.37,0.0,22.63,No Significant Environmental Stress,9.0,Low,High Humidity Stress,21.5,Low,Train,Derived prototype label - NOT observed plant-stress ground truth
2025-02-24 22:30:00,22.5,Flowering,21.25,76.98,0.0,22.52,High Humidity Stress,21.5,Low,No Significant Environmental Stress,11.9,Low,Train,Derived prototype label - NOT observed plant-stress ground truth
2025-02-24 23:00:00,23.0,Flowering,21.33,79.71,0.0,22.46,No Significant Environmental Stress,11.9,Low,High Humidity Stress,25.6,Low,Train,Derived prototype label - NOT observed plant-stress ground truth
2025-02-24 23:30:00,23.5,Flowering,21.38,77.61,0.0,22.37,High Humidity Stress,25.6,Low,High Humidity Stress,34.2,Low,Train,Derived prototype label - NOT observed plant-stress ground truth
2025-02-25 00:00:00,0.0,Flowering,20.8,80.61,0.0,22.29,High Humidity Stress,34.2,Low,High Humidity Stress,14.4,Low,Train,Derived prototype label - NOT observed plant-stress ground truth
2025-02-25 00:30:00,0.5,Flowering,20.78,82.5,0.0,22.18,High Humidity Stress,14.4,Low,High Humidity Stress,33.6,Low,Train,Derived prototype label - NOT observed plant-stress ground truth
2025-02-25 01:00:00,1.0,Flowering,20.73,78.15,0.0,22.11,High Humidity Stress,33.6,Low,High Humidity Stress,25.2,Low,Train,Derived prototype label - NOT observed plant-stress ground truth
2025-02-25 01:30:00,1.5,Flowering,20.65,82.38,0.0,22.02,High Humidity Stress,25.2,Low,No Significant Environmental Stress,2.5,Low,Train,Derived prototype label - NOT observed plant-stress ground truth
2025-02-25 02:00:00,2.0,Flowering,20.55,80.53,0.0,21.97,No Significant Environmental Stress,2.5,Low,High Humidity Stress,24.0,Low,Train,Derived prototype label - NOT observed plant-stress ground truth
2025-02-25 02:30:00,2.5,Flowering,20.43,75.55,0.0,21.93,High Humidity Stress,24.0,Low,High Humidity Stress,21.6,Low,Train,Derived prototype label - NOT observed plant-stress ground truth
2025-02-25 03:00:00,3.0,Flowering,20.3,80.26,0.0,21.9,High Humidity Stress,21.6,Low,High Humidity Stress,21.3,Low,Train,Derived prototype label - NOT observed plant-stress ground truth
2025-02-25 03:30:00,3.5,Flowering,20.17,79.74,0.0,21.83,High Humidity Stress,21.3,Low,High Humidity Stress,19.3,Low,Train,Derived prototype label - NOT observed plant-stress ground truth
2025-02-25 04:00:00,4.0,Flowering,20.05,79.68,0.0,21.79,High Humidity Stress,19.3,Low,High Humidity Stress,18.7,Low,Train,Derived prototype label - NOT observed plant-stress ground truth
2025-02-25 04:30:00,4.5,Flowering,19.95,79.23,0.0,21.77,High Humidity Stress,18.7,Low,No Significant Environmental Stress,12.1,Low,Train,Derived prototype label - NOT observed plant-stress ground truth
2025-02-25 05:00:00,5.0,Flowering,19.87,79.11,0.0,21.75,No Significant Environmental Stress,12.1,Low,Low Light Stress,89.3,High,Train,Derived prototype label - NOT observed plant-stress ground truth
2025-02-25 05:30:00,5.5,Flowering,19.82,77.65,0.0,21.79,Low Light Stress,89.3,High,Low Light Stress,64.0,Moderate,Train,Derived prototype label - NOT observed plant-stress ground truth
2025-02-25 06:00:00,6.0,Flowering,19.8,79.11,0.0,21.76,Low Light Stress,64.0,Moderate,Low Light Stress,30.9,Low,Train,Derived prototype label - NOT observed plant-stress ground truth
2025-02-25 06:30:00,6.5,Flowering,21.37,79.08,4621.0,21.79,Low Light Stress,30.9,Low,High Humidity Stress,23.5,Low,Train,Derived prototype label - NOT observed plant-stress ground truth
2025-02-25 07:00:00,7.0,Flowering,22.41,78.72,10563.0,21.88,High Humidity Stress,23.5,Low,No Significant Environmental Stress,3.1,Low,Train,Derived prototype label - NOT observed plant-stress ground truth
2025-02-25 07:30:00,7.5,Flowering,23.42,79.71,14045.0,21.96,No Significant Environmental Stress,3.1,Low,No Significant Environmental Stress,1.7,Low,Train,Derived prototype label - NOT observed plant-stress ground truth
2025-02-25 08:00:00,8.0,Flowering,24.38,75.67,18802.0,22.1,No Significant Environmental Stress,1.7,Low,No Significant Environmental Stress,0.0,Low,Train,Derived prototype label - NOT observed plant-stress ground truth
2025-02-25 08:30:00,8.5,Flowering,25.27,75.38,25001.0,22.24,No Significant Environmental Stress,0.0,Low,No Significant Environmental Stress,0.0,Low,Train,Derived prototype label - NOT observed plant-stress ground truth
2025-02-25 09:00:00,9.0,Flowering,26.07,71.32,27114.0,22.44,No Significant Environmental Stress,0.0,Low,No Significant Environmental Stress,4.3,Low,Train,Derived prototype label - NOT observed plant-stress ground truth
2025-02-25 09:30:00,9.5,Flowering,26.77,71.29,28024.0,22.56,No Significant Environmental Stress,4.3,Low,No Significant Environmental Stress,9.8,Low,Train,Derived prototype label - NOT observed plant-stress ground truth
2025-02-25 10:00:00,10.0,Flowering,27.37,71.83,35099.0,22.79,No Significant Environmental Stress,9.8,Low,Heat Stress,15.7,Low,Train,Derived prototype label - NOT observed plant-stress ground truth
2025-02-25 10:30:00,10.5,Flowering,27.84,68.12,34007.0,23.04,Heat Stress,15.7,Low,Low Humidity Stress,39.7,Moderate,Train,Derived prototype label - NOT observed plant-stress ground truth
2025-02-25 11:00:00,11.0,Flowering,28.18,58.51,37702.0,23.29,Low Humidity Stress,39.7,Moderate,Low Humidity Stress,40.4,Moderate,Train,Derived prototype label - NOT observed plant-stress ground truth
2025-02-25 11:30:00,11.5,Flowering,28.39,49.82,38238.0,23.6,Low Humidity Stress,40.4,Moderate,Heat Stress,17.7,Low,Train,Derived prototype label - NOT observed plant-stress ground truth
2025-02-25 12:00:00,12.0,Flowering,28.46,49.72,39613.0,23.82,Heat Stress,17.7,Low,Heat Stress,13.8,Low,Train,Derived prototype label - NOT observed plant-stress ground truth
2025-02-25 12:30:00,12.5,Flowering,28.39,58.9,40382.0,24.03,Heat Stress,13.8,Low,No Significant Environmental Stress,9.8,Low,Train,Derived prototype label - NOT observed plant-stress ground truth
2025-02-25 13:00:00,13.0,Flowering,28.18,67.08,35744.0,24.24,No Significant Environmental Stress,9.8,Low,No Significant Environmental Stress,4.3,Low,Train,Derived prototype label - NOT observed plant-stress ground truth
2025-02-25 13:30:00,13.5,Flowering,27.84,70.3,35975.0,24.41,No Significant Environmental Stress,4.3,Low,No Significant Environmental Stress,0.0,Low,Train,Derived prototype label - NOT observed plant-stress ground truth
2025-02-25 14:00:00,14.0,Flowering,27.37,70.54,33835.0,24.57,No Significant Environmental Stress,0.0,Low,No Significant Environmental Stress,0.0,Low,Train,Derived prototype label - NOT observed plant-stress ground truth
2025-02-25 14:30:00,14.5,Flowering,26.77,70.5,29118.0,24.63,No Significant Environmental Stress,0.0,Low,No Significant Environmental Stress,0.0,Low,Train,Derived prototype label - NOT observed plant-stress ground truth
2025-02-25 15:00:00,15.0,Flowering,26.07,71.56,28646.0,24.67,No Significant Environmental Stress,0.0,Low,No Significant Environmental Stress,0.0,Low,Train,Derived prototype label - NOT observed plant-stress ground truth
2025-02-25 15:30:00,15.5,Flowering,25.27,72.6,22585.0,24.72,No Significant Environmental Stress,0.0,Low,No Significant Environmental Stress,14.5,Low,Train,Derived prototype label - NOT observed plant-stress ground truth
2025-02-25 16:00:00,16.0,Flowering,24.38,70.77,17617.0,24.64,No Significant Environmental Stress,14.5,Low,Combined Environmental Stress,49.9,Moderate,Train,Derived prototype label - NOT observed plant-stress ground truth
2025-02-25 16:30:00,16.5,Flowering,23.42,77.42,13361.0,24.52,Combined Environmental Stress,49.9,Moderate,Low Light Stress,62.8,Moderate,Train,Derived prototype label - NOT observed plant-stress ground truth
2025-02-25 17:00:00,17.0,Flowering,22.41,83.04,8773.0,24.41,Low Light Stress,62.8,Moderate,High Humidity Stress,22.4,Low,Train,Derived prototype label - NOT observed plant-stress ground truth
2025-02-25 17:30:00,17.5,Flowering,21.37,80.26,5222.0,24.22,High Humidity Stress,22.4,Low,High Humidity Stress,17.4,Low,Train,Derived prototype label - NOT observed plant-stress ground truth
2025-02-25 18:00:00,18.0,Flowering,19.8,79.92,0.0,23.96,High Humidity Stress,17.4,Low,High Humidity Stress,37.8,Moderate,Train,Derived prototype label - NOT observed plant-stress ground truth
2025-02-25 18:30:00,18.5,Flowering,19.82,78.81,0.0,23.71,High Humidity Stress,37.8,Moderate,High Humidity Stress,21.5,Low,Train,Derived prototype label - NOT observed plant-stress ground truth
2025-02-25 19:00:00,19.0,Flowering,19.87,83.29,0.0,23.52,High Humidity Stress,21.5,Low,High Humidity Stress,24.6,Low,Train,Derived prototype label - NOT observed plant-stress ground truth
2025-02-25 19:30:00,19.5,Flowering,19.95,79.73,0.0,23.27,High Humidity Stress,24.6,Low,High Humidity Stress,26.8,Low,Train,Derived prototype label - NOT observed plant-stress ground truth
2025-02-25 20:00:00,20.0,Flowering,20.05,80.4,0.0,23.17,High Humidity Stress,26.8,Low,High Humidity Stress,16.7,Low,Train,Derived prototype label - NOT observed plant-stress ground truth
2025-02-25 20:30:00,20.5,Flowering,20.17,80.89,0.0,23.03,High Humidity Stress,16.7,Low,High Humidity Stress,35.4,Moderate,Train,Derived prototype label - NOT observed plant-stress ground truth
2025-02-25 21:00:00,21.0,Flowering,20.3,78.67,0.0,22.86,High Humidity Stress,35.4,Moderate,High Humidity Stress,30.2,Low,Train,Derived prototype label - NOT observed plant-stress ground truth
2025-02-25 21:30:00,21.5,Flowering,20.43,82.76,0.0,22.65,High Humidity Stress,30.2,Low,High Humidity Stress,21.4,Low,Train,Derived prototype label - NOT observed plant-stress ground truth
2025-02-25 22:00:00,22.0,Flowering,20.55,81.64,0.0,22.55,High Humidity Stress,21.4,Low,High Humidity Stress,31.9,Low,Train,Derived prototype label - NOT observed plant-stress ground truth
2025-02-25 22:30:00,22.5,Flowering,20.65,79.69,0.0,22.4,High Humidity Stress,31.9,Low,High Humidity Stress,25.3,Low,Train,Derived prototype label - NOT observed plant-stress ground truth
2025-02-25 23:00:00,23.0,Flowering,20.73,82.01,0.0,22.38,High Humidity Stress,25.3,Low,High Humidity Stress,30.9,Low,Train,Derived prototype label - NOT observed plant-stress ground truth
2025-02-25 23:30:00,23.5,Flowering,20.78,80.55,0.0,22.31,High Humidity Stress,30.9,Low,High Humidity Stress,34.3,Low,Train,Derived prototype label - NOT observed plant-stress ground truth
2025-02-26 00:00:00,0.0,Flowering,20.16,81.79,0.0,22.2,High Humidity Stress,34.3,Low,High Humidity Stress,23.3,Low,Train,Derived prototype label - NOT observed plant-stress ground truth
2025-02-26 00:30:00,0.5,Flowering,20.14,82.54,0.0,22.11,High Humidity Stress,23.3,Low,High Humidity Stress,14.1,Low,Train,Derived prototype label - NOT observed plant-stress ground truth
2025-02-26 01:00:00,1.0,Flowering,20.09,80.11,0.0,22.04,High Humidity Stress,14.1,Low,High Humidity Stress,40.5,Moderate,Train,Derived prototype label - NOT observed plant-stress ground truth
2025-02-26 01:30:00,1.5,Flowering,20.01,78.09,0.0,21.94,High Humidity Stress,40.5,Moderate,High Humidity Stress,26.3,Low,Train,Derived prototype label - NOT observed plant-stress ground truth
2025-02-26 02:00:00,2.0,Flowering,19.91,83.9,0.0,21.92,High Humidity Stress,26.3,Low,High Humidity Stress,50.5,Moderate,Train,Derived prototype label - NOT observed plant-stress ground truth
2025-02-26 02:30:00,2.5,Flowering,19.79,80.77,0.0,21.87,High Humidity Stress,50.5,Moderate,High Humidity Stress,16.3,Low,Train,Derived prototype label - NOT observed plant-stress ground truth
2025-02-26 03:00:00,3.0,Flowering,19.66,86.08,0.0,21.72,High Humidity Stress,16.3,Low,High Humidity Stress,25.8,Low,Train,Derived prototype label - NOT observed plant-stress ground truth
2025-02-26 03:30:00,3.5,Flowering,19.53,78.58,0.0,21.67,High Humidity Stress,25.8,Low,High Humidity Stress,23.4,Low,Train,Derived prototype label - NOT observed plant-stress ground truth
2025-02-26 04:00:00,4.0,Flowering,19.41,80.67,0.0,21.58,High Humidity Stress,23.4,Low,High Humidity Stress,26.4,Low,Train,Derived prototype label - NOT observed plant-stress ground truth
2025-02-26 04:30:00,4.5,Flowering,19.3,80.14,0.0,21.55,High Humidity Stress,26.4,Low,High Humidity Stress,19.9,Low,Train,Derived prototype label - NOT observed plant-stress ground truth
2025-02-26 05:00:00,5.0,Flowering,19.23,80.79,0.0,21.55,High Humidity Stress,19.9,Low,Low Light Stress,91.3,High,Train,Derived prototype label - NOT observed plant-stress ground truth
2025-02-26 05:30:00,5.5,Flowering,19.18,79.36,0.0,21.45,Low Light Stress,91.3,High,Low Light Stress,66.4,Moderate,Train,Derived prototype label - NOT observed plant-stress ground truth
2025-02-26 06:00:00,6.0,Flowering,19.16,80.25,0.0,21.43,Low Light Stress,66.4,Moderate,Low Light Stress,48.6,Moderate,Train,Derived prototype label - NOT observed plant-stress ground truth
2025-02-26 06:30:00,6.5,Flowering,20.9,77.73,3733.0,21.48,Low Light Stress,48.6,Moderate,High Humidity Stress,34.4,Low,Train,Derived prototype label - NOT observed plant-stress ground truth
2025-02-26 07:00:00,7.0,Flowering,22.12,80.79,7986.0,21.58,High Humidity Stress,34.4,Low,No Significant Environmental Stress,13.1,Low,Train,Derived prototype label - NOT observed plant-stress ground truth
2025-02-26 07:30:00,7.5,Flowering,23.29,81.55,12876.0,21.69,No Significant Environmental Stress,13.1,Low,No Significant Environmental Stress,0.0,Low,Train,Derived prototype label - NOT observed plant-stress ground truth
2025-02-26 08:00:00,8.0,Flowering,24.4,76.75,13181.0,21.84,No Significant Environmental Stress,0.0,Low,No Significant Environmental Stress,0.0,Low,Train,Derived prototype label - NOT observed plant-stress ground truth
2025-02-26 08:30:00,8.5,Flowering,25.44,74.8,20639.0,22.1,No Significant Environmental Stress,0.0,Low,No Significant Environmental Stress,2.2,Low,Train,Derived prototype label - NOT observed plant-stress ground truth
2025-02-26 09:00:00,9.0,Flowering,26.37,72.47,21416.0,22.28,No Significant Environmental Stress,2.2,Low,No Significant Environmental Stress,10.3,Low,Train,Derived prototype label - NOT observed plant-stress ground truth
2025-02-26 09:30:00,9.5,Flowering,27.19,73.81,25375.0,22.5,No Significant Environmental Stress,10.3,Low,Heat Stress,16.8,Low,Train,Derived prototype label - NOT observed plant-stress ground truth
2025-02-26 10:00:00,10.0,Flowering,27.88,70.97,28444.0,22.66,Heat Stress,16.8,Low,Heat Stress,21.4,Low,Train,Derived prototype label - NOT observed plant-stress ground truth
2025-02-26 10:30:00,10.5,Flowering,28.43,67.68,27291.0,22.98,Heat Stress,21.4,Low,Heat Stress,24.2,Low,Train,Derived prototype label - NOT observed plant-stress ground truth
2025-02-26 11:00:00,11.0,Flowering,28.83,70.37,30624.0,23.26,Heat Stress,24.2,Low,Heat Stress,25.2,Low,Train,Derived prototype label - NOT observed plant-stress ground truth
2025-02-26 11:30:00,11.5,Flowering,29.07,72.53,27688.0,23.56,Heat Stress,25.2,Low,Heat Stress,26.0,Low,Train,Derived prototype label - NOT observed plant-stress ground truth
2025-02-26 12:00:00,12.0,Flowering,29.15,69.79,33221.0,23.81,Heat Stress,26.0,Low,Root-Zone Heat Stress,50.9,Moderate,Train,Derived prototype label - NOT observed plant-stress ground truth
2025-02-26 12:30:00,12.5,Flowering,29.07,74.0,28179.0,25.39,Root-Zone Heat Stress,50.9,Moderate,Root-Zone Heat Stress,77.1,High,Train,Derived prototype label - NOT observed plant-stress ground truth
2025-02-26 13:00:00,13.0,Flowering,28.83,70.36,30956.0,28.63,Root-Zone Heat Stress,77.1,High,Root-Zone Heat Stress,36.5,Moderate,Train,Derived prototype label - NOT observed plant-stress ground truth
2025-02-26 13:30:00,13.5,Flowering,28.43,68.34,27393.0,31.02,Root-Zone Heat Stress,36.5,Moderate,Root-Zone Heat Stress,14.9,Low,Train,Derived prototype label - NOT observed plant-stress ground truth
2025-02-26 14:00:00,14.0,Flowering,27.88,73.44,24862.0,27.77,Root-Zone Heat Stress,14.9,Low,No Significant Environmental Stress,0.0,Low,Train,Derived prototype label - NOT observed plant-stress ground truth
2025-02-26 14:30:00,14.5,Flowering,27.19,71.47,23713.0,26.2,No Significant Environmental Stress,0.0,Low,No Significant Environmental Stress,10.2,Low,Train,Derived prototype label - NOT observed plant-stress ground truth
2025-02-26 15:00:00,15.0,Flowering,26.37,74.44,23502.0,24.72,No Significant Environmental Stress,10.2,Low,High Humidity Stress,15.0,Low,Train,Derived prototype label - NOT observed plant-stress ground truth
2025-02-26 15:30:00,15.5,Flowering,25.44,77.24,16898.0,24.68,High Humidity Stress,15.0,Low,No Significant Environmental Stress,13.3,Low,Train,Derived prototype label - NOT observed plant-stress ground truth
2025-02-26 16:00:00,16.0,Flowering,24.4,78.3,15448.0,24.69,No Significant Environmental Stress,13.3,Low,Low Light Stress,50.3,Moderate,Train,Derived prototype label - NOT observed plant-stress ground truth
2025-02-26 16:30:00,16.5,Flowering,23.29,76.75,13136.0,24.59,Low Light Stress,50.3,Moderate,Low Light Stress,69.6,Moderate,Train,Derived prototype label - NOT observed plant-stress ground truth
2025-02-26 17:00:00,17.0,Flowering,22.12,79.29,7202.0,24.43,Low Light Stress,69.6,Moderate,High Humidity Stress,26.3,Low,Train,Derived prototype label - NOT observed plant-stress ground truth
2025-02-26 17:30:00,17.5,Flowering,20.9,79.21,3637.0,24.19,High Humidity Stress,26.3,Low,High Humidity Stress,47.2,Moderate,Train,Derived prototype label - NOT observed plant-stress ground truth
2025-02-26 18:00:00,18.0,Flowering,19.16,80.77,0.0,23.95,High Humidity Stress,47.2,Moderate,High Humidity Stress,41.6,Moderate,Train,Derived prototype label - NOT observed plant-stress ground truth
2025-02-26 18:30:00,18.5,Flowering,19.18,85.37,0.0,23.71,High Humidity Stress,41.6,Moderate,High Humidity Stress,20.6,Low,Train,Derived prototype label - NOT observed plant-stress ground truth
2025-02-26 19:00:00,19.0,Flowering,19.23,84.13,0.0,23.42,High Humidity Stress,20.6,Low,High Humidity Stress,28.4,Low,Train,Derived prototype label - NOT observed plant-stress ground truth
2025-02-26 19:30:00,19.5,Flowering,19.3,79.52,0.0,23.26,High Humidity Stress,28.4,Low,High Humidity Stress,34.9,Low,Train,Derived prototype label - NOT observed plant-stress ground truth
2025-02-26 20:00:00,20.0,Flowering,19.41,81.24,0.0,23.0,High Humidity Stress,34.9,Low,High Humidity Stress,16.8,Low,Train,Derived prototype label - NOT observed plant-stress ground truth
2025-02-26 20:30:00,20.5,Flowering,19.53,82.67,0.0,22.78,High Humidity Stress,16.8,Low,High Humidity Stress,26.1,Low,Train,Derived prototype label - NOT observed plant-stress ground truth
2025-02-26 21:00:00,21.0,Flowering,19.66,78.69,0.0,22.69,High Humidity Stress,26.1,Low,High Humidity Stress,39.4,Moderate,Train,Derived prototype label - NOT observed plant-stress ground truth
2025-02-26 21:30:00,21.5,Flowering,19.79,80.72,0.0,22.49,High Humidity Stress,39.4,Moderate,High Humidity Stress,44.0,Moderate,Train,Derived prototype label - NOT observed plant-stress ground truth
2025-02-26 22:00:00,22.0,Flowering,19.91,83.64,0.0,22.36,High Humidity Stress,44.0,Moderate,High Humidity Stress,26.6,Low,Train,Derived prototype label - NOT observed plant-stress ground truth
2025-02-26 22:30:00,22.5,Flowering,20.01,84.66,0.0,22.33,High Humidity Stress,26.6,Low,High Humidity Stress,44.1,Moderate,Train,Derived prototype label - NOT observed plant-stress ground truth
2025-02-26 23:00:00,23.0,Flowering,20.09,80.84,0.0,22.24,High Humidity Stress,44.1,Moderate,High Humidity Stress,37.9,Moderate,Train,Derived prototype label - NOT observed plant-stress ground truth
2025-02-26 23:30:00,23.5,Flowering,20.14,84.67,0.0,22.17,High Humidity Stress,37.9,Moderate,High Humidity Stress,41.0,Moderate,Train,Derived prototype label - NOT observed plant-stress ground truth
2025-02-27 00:00:00,0.0,Flowering,21.59,83.31,0.0,22.2,High Humidity Stress,41.0,Moderate,High Humidity Stress,28.8,Low,Train,Derived prototype label - NOT observed plant-stress ground truth
2025-02-27 00:30:00,0.5,Flowering,21.57,83.99,0.0,22.14,High Humidity Stress,28.8,Low,High Humidity Stress,45.2,Moderate,Train,Derived prototype label - NOT observed plant-stress ground truth
2025-02-27 01:00:00,1.0,Flowering,21.52,81.33,0.0,22.12,High Humidity Stress,45.2,Moderate,High Humidity Stress,33.1,Low,Train,Derived prototype label - NOT observed plant-stress ground truth
2025-02-27 01:30:00,1.5,Flowering,21.44,84.92,0.0,22.06,High Humidity Stress,33.1,Low,High Humidity Stress,40.2,Moderate,Train,Derived prototype label - NOT observed plant-stress ground truth
2025-02-27 02:00:00,2.0,Flowering,21.34,82.27,0.0,22.0,High Humidity Stress,40.2,Moderate,High Humidity Stress,47.6,Moderate,Train,Derived prototype label - NOT observed plant-stress ground truth
2025-02-27 02:30:00,2.5,Flowering,21.22,83.83,0.0,22.02,High Humidity Stress,47.6,Moderate,High Humidity Stress,40.8,Moderate,Train,Derived prototype label - NOT observed plant-stress ground truth
2025-02-27 03:00:00,3.0,Flowering,21.09,85.45,0.0,22.0,High Humidity Stress,40.8,Moderate,High Humidity Stress,39.7,Moderate,Train,Derived prototype label - NOT observed plant-stress ground truth
2025-02-27 03:30:00,3.5,Flowering,20.96,83.96,0.0,21.95,High Humidity Stress,39.7,Moderate,High Humidity Stress,19.4,Low,Train,Derived prototype label - NOT observed plant-stress ground truth
2025-02-27 04:00:00,4.0,Flowering,20.84,83.72,0.0,21.97,High Humidity Stress,19.4,Low,High Humidity Stress,33.5,Low,Train,Derived prototype label - NOT observed plant-stress ground truth
2025-02-27 04:30:00,4.5,Flowering,20.74,79.25,0.0,21.96,High Humidity Stress,33.5,Low,High Humidity Stress,33.6,Low,Train,Derived prototype label - NOT observed plant-stress ground truth
2025-02-27 05:00:00,5.0,Flowering,20.66,82.35,0.0,21.86,High Humidity Stress,33.6,Low,Low Light Stress,90.3,High,Train,Derived prototype label - NOT observed plant-stress ground truth
2025-02-27 05:30:00,5.5,Flowering,20.61,82.38,0.0,21.83,Low Light Stress,90.3,High,Combined Environmental Stress,75.5,High,Train,Derived prototype label - NOT observed plant-stress ground truth
2025-02-27 06:00:00,6.0,Flowering,20.59,79.66,0.0,21.79,Combined Environmental Stress,75.5,High,Low Light Stress,53.5,Moderate,Train,Derived prototype label - NOT observed plant-stress ground truth
2025-02-27 06:30:00,6.5,Flowering,21.93,81.22,3203.0,21.81,Low Light Stress,53.5,Moderate,Low Light Stress,28.4,Low,Train,Derived prototype label - NOT observed plant-stress ground truth
2025-02-27 07:00:00,7.0,Flowering,22.76,78.2,6257.0,21.92,Low Light Stress,28.4,Low,High Humidity Stress,22.9,Low,Train,Derived prototype label - NOT observed plant-stress ground truth
2025-02-27 07:30:00,7.5,Flowering,23.57,79.03,11107.0,22.03,High Humidity Stress,22.9,Low,No Significant Environmental Stress,3.6,Low,Train,Derived prototype label - NOT observed plant-stress ground truth
2025-02-27 08:00:00,8.0,Flowering,24.33,79.71,14328.0,22.18,No Significant Environmental Stress,3.6,Low,No Significant Environmental Stress,5.5,Low,Train,Derived prototype label - NOT observed plant-stress ground truth
2025-02-27 08:30:00,8.5,Flowering,25.03,75.78,16361.0,22.29,No Significant Environmental Stress,5.5,Low,No Significant Environmental Stress,0.0,Low,Train,Derived prototype label - NOT observed plant-stress ground truth
2025-02-27 09:00:00,9.0,Flowering,25.67,76.21,19663.0,22.39,No Significant Environmental Stress,0.0,Low,No Significant Environmental Stress,0.0,Low,Train,Derived prototype label - NOT observed plant-stress ground truth
2025-02-27 09:30:00,9.5,Flowering,26.22,74.27,21735.0,22.57,No Significant Environmental Stress,0.0,Low,No Significant Environmental Stress,0.8,Low,Train,Derived prototype label - NOT observed plant-stress ground truth
2025-02-27 10:00:00,10.0,Flowering,26.69,71.27,22106.0,22.81,No Significant Environmental Stress,0.8,Low,No Significant Environmental Stress,4.0,Low,Train,Derived prototype label - NOT observed plant-stress ground truth
2025-02-27 10:30:00,10.5,Flowering,27.07,72.96,23711.0,23.07,No Significant Environmental Stress,4.0,Low,No Significant Environmental Stress,6.0,Low,Train,Derived prototype label - NOT observed plant-stress ground truth
2025-02-27 11:00:00,11.0,Flowering,27.34,72.93,28025.0,23.28,No Significant Environmental Stress,6.0,Low,No Significant Environmental Stress,6.6,Low,Train,Derived prototype label - NOT observed plant-stress ground truth
2025-02-27 11:30:00,11.5,Flowering,27.51,70.25,32333.0,23.53,No Significant Environmental Stress,6.6,Low,No Significant Environmental Stress,6.0,Low,Train,Derived prototype label - NOT observed plant-stress ground truth
2025-02-27 12:00:00,12.0,Flowering,27.56,74.24,25375.0,23.78,No Significant Environmental Stress,6.0,Low,No Significant Environmental Stress,4.0,Low,Train,Derived prototype label - NOT observed plant-stress ground truth
2025-02-27 12:30:00,12.5,Flowering,27.51,72.26,30119.0,23.98,No Significant Environmental Stress,4.0,Low,No Significant Environmental Stress,0.8,Low,Train,Derived prototype label - NOT observed plant-stress ground truth
2025-02-27 13:00:00,13.0,Flowering,27.34,72.83,25002.0,24.14,No Significant Environmental Stress,0.8,Low,No Significant Environmental Stress,0.0,Low,Train,Derived prototype label - NOT observed plant-stress ground truth
2025-02-27 13:30:00,13.5,Flowering,27.07,72.54,23463.0,24.27,No Significant Environmental Stress,0.0,Low,No Significant Environmental Stress,0.0,Low,Train,Derived prototype label - NOT observed plant-stress ground truth
2025-02-27 14:00:00,14.0,Flowering,26.69,73.67,23375.0,24.35,No Significant Environmental Stress,0.0,Low,No Significant Environmental Stress,4.6,Low,Train,Derived prototype label - NOT observed plant-stress ground truth
2025-02-27 14:30:00,14.5,Flowering,26.22,72.38,19536.0,24.47,No Significant Environmental Stress,4.6,Low,No Significant Environmental Stress,13.0,Low,Train,Derived prototype label - NOT observed plant-stress ground truth
2025-02-27 15:00:00,15.0,Flowering,25.67,76.02,19922.0,24.6,No Significant Environmental Stress,13.0,Low,High Humidity Stress,17.9,Low,Train,Derived prototype label - NOT observed plant-stress ground truth
2025-02-27 15:30:00,15.5,Flowering,25.03,77.85,16474.0,24.64,High Humidity Stress,17.9,Low,Low Light Stress,22.5,Low,Train,Derived prototype label - NOT observed plant-stress ground truth
2025-02-27 16:00:00,16.0,Flowering,24.33,78.03,13082.0,24.58,Low Light Stress,22.5,Low,Low Light Stress,49.3,Moderate,Train,Derived prototype label - NOT observed plant-stress ground truth
2025-02-27 16:30:00,16.5,Flowering,23.57,75.33,10988.0,24.54,Low Light Stress,49.3,Moderate,Combined Environmental Stress,73.1,High,Train,Derived prototype label - NOT observed plant-stress ground truth
2025-02-27 17:00:00,17.0,Flowering,22.76,80.71,7834.0,24.46,Combined Environmental Stress,73.1,High,High Humidity Stress,38.3,Moderate,Train,Derived prototype label - NOT observed plant-stress ground truth
2025-02-27 17:30:00,17.5,Flowering,21.93,80.93,3550.0,24.32,High Humidity Stress,38.3,Moderate,High Humidity Stress,30.8,Low,Train,Derived prototype label - NOT observed plant-stress ground truth
2025-02-27 18:00:00,18.0,Flowering,20.59,83.41,0.0,24.07,High Humidity Stress,30.8,Low,High Humidity Stress,34.4,Low,Train,Derived prototype label - NOT observed plant-stress ground truth
2025-02-27 18:30:00,18.5,Flowering,20.61,81.75,0.0,23.82,High Humidity Stress,34.4,Low,High Humidity Stress,35.8,Moderate,Train,Derived prototype label - NOT observed plant-stress ground truth
2025-02-27 19:00:00,19.0,Flowering,20.66,82.55,0.0,23.56,High Humidity Stress,35.8,Moderate,High Humidity Stress,28.0,Low,Train,Derived prototype label - NOT observed plant-stress ground truth
2025-02-27 19:30:00,19.5,Flowering,20.74,82.86,0.0,23.27,High Humidity Stress,28.0,Low,High Humidity Stress,27.0,Low,Train,Derived prototype label - NOT observed plant-stress ground truth
2025-02-27 20:00:00,20.0,Flowering,20.84,81.14,0.0,23.14,High Humidity Stress,27.0,Low,High Humidity Stress,37.7,Moderate,Train,Derived prototype label - NOT observed plant-stress ground truth
2025-02-27 20:30:00,20.5,Flowering,20.96,80.93,0.0,22.96,High Humidity Stress,37.7,Moderate,High Humidity Stress,39.5,Moderate,Train,Derived prototype label - NOT observed plant-stress ground truth
2025-02-27 21:00:00,21.0,Flowering,21.09,83.27,0.0,22.84,High Humidity Stress,39.5,Moderate,High Humidity Stress,29.1,Low,Train,Derived prototype label - NOT observed plant-stress ground truth
2025-02-27 21:30:00,21.5,Flowering,21.22,83.68,0.0,22.74,High Humidity Stress,29.1,Low,High Humidity Stress,27.6,Low,Train,Derived prototype label - NOT observed plant-stress ground truth
2025-02-27 22:00:00,22.0,Flowering,21.34,81.38,0.0,22.71,High Humidity Stress,27.6,Low,High Humidity Stress,57.2,Moderate,Train,Derived prototype label - NOT observed plant-stress ground truth
2025-02-27 22:30:00,22.5,Flowering,21.44,81.06,0.0,22.59,High Humidity Stress,57.2,Moderate,High Humidity Stress,47.1,Moderate,Train,Derived prototype label - NOT observed plant-stress ground truth
2025-02-27 23:00:00,23.0,Flowering,21.52,87.55,0.0,22.52,High Humidity Stress,47.1,Moderate,No Significant Environmental Stress,0.0,Low,Train,Derived prototype label - NOT observed plant-stress ground truth
2025-02-27 23:30:00,23.5,Flowering,21.57,85.34,0.0,22.46,No Significant Environmental Stress,0.0,Low,No Significant Environmental Stress,0.0,Low,Train,Derived prototype label - NOT observed plant-stress ground truth
2025-02-28 00:00:00,0.0,Flowering,20.93,72.75,0.0,22.38,No Significant Environmental Stress,0.0,Low,No Significant Environmental Stress,0.0,Low,Train,Derived prototype label - NOT observed plant-stress ground truth
2025-02-28 00:30:00,0.5,Flowering,20.92,73.95,0.0,22.3,No Significant Environmental Stress,0.0,Low,No Significant Environmental Stress,0.0,Low,Train,Derived prototype label - NOT observed plant-stress ground truth
2025-02-28 01:00:00,1.0,Flowering,20.87,74.33,0.0,22.23,No Significant Environmental Stress,0.0,Low,No Significant Environmental Stress,0.0,Low,Train,Derived prototype label - NOT observed plant-stress ground truth
2025-02-28 01:30:00,1.5,Flowering,20.79,72.96,0.0,22.24,No Significant Environmental Stress,0.0,Low,No Significant Environmental Stress,6.5,Low,Train,Derived prototype label - NOT observed plant-stress ground truth
2025-02-28 02:00:00,2.0,Flowering,20.68,70.63,0.0,22.16,No Significant Environmental Stress,6.5,Low,No Significant Environmental Stress,1.7,Low,Train,Derived prototype label - NOT observed plant-stress ground truth
2025-02-28 02:30:00,2.5,Flowering,20.56,76.42,0.0,22.09,No Significant Environmental Stress,1.7,Low,No Significant Environmental Stress,0.0,Low,Train,Derived prototype label - NOT observed plant-stress ground truth
2025-02-28 03:00:00,3.0,Flowering,20.43,75.38,0.0,22.02,No Significant Environmental Stress,0.0,Low,No Significant Environmental Stress,6.5,Low,Train,Derived prototype label - NOT observed plant-stress ground truth
2025-02-28 03:30:00,3.5,Flowering,20.31,73.09,0.0,21.93,No Significant Environmental Stress,6.5,Low,No Significant Environmental Stress,12.7,Low,Train,Derived prototype label - NOT observed plant-stress ground truth
2025-02-28 04:00:00,4.0,Flowering,20.18,76.43,0.0,21.91,No Significant Environmental Stress,12.7,Low,No Significant Environmental Stress,0.0,Low,Train,Derived prototype label - NOT observed plant-stress ground truth
2025-02-28 04:30:00,4.5,Flowering,20.08,77.79,0.0,21.85,No Significant Environmental Stress,0.0,Low,No Significant Environmental Stress,0.0,Low,Train,Derived prototype label - NOT observed plant-stress ground truth
2025-02-28 05:00:00,5.0,Flowering,20.0,74.24,0.0,21.87,No Significant Environmental Stress,0.0,Low,Low Light Stress,86.9,High,Train,Derived prototype label - NOT observed plant-stress ground truth
2025-02-28 05:30:00,5.5,Flowering,19.95,74.28,0.0,21.8,Low Light Stress,86.9,High,Low Light Stress,56.3,Moderate,Train,Derived prototype label - NOT observed plant-stress ground truth
2025-02-28 06:00:00,6.0,Flowering,19.93,75.7,0.0,21.8,Low Light Stress,56.3,Moderate,Low Light Stress,22.3,Low,Train,Derived prototype label - NOT observed plant-stress ground truth
2025-02-28 06:30:00,6.5,Flowering,21.44,75.91,5002.0,21.81,Low Light Stress,22.3,Low,No Significant Environmental Stress,0.0,Low,Train,Derived prototype label - NOT observed plant-stress ground truth
2025-02-28 07:00:00,7.0,Flowering,22.43,72.32,10915.0,21.85,No Significant Environmental Stress,0.0,Low,No Significant Environmental Stress,0.0,Low,Train,Derived prototype label - NOT observed plant-stress ground truth
2025-02-28 07:30:00,7.5,Flowering,23.38,72.24,18223.0,21.96,No Significant Environmental Stress,0.0,Low,No Significant Environmental Stress,0.0,Low,Train,Derived prototype label - NOT observed plant-stress ground truth
2025-02-28 08:00:00,8.0,Flowering,24.28,71.1,22624.0,22.07,No Significant Environmental Stress,0.0,Low,No Significant Environmental Stress,0.0,Low,Train,Derived prototype label - NOT observed plant-stress ground truth
2025-02-28 08:30:00,8.5,Flowering,25.12,69.25,27272.0,22.22,No Significant Environmental Stress,0.0,Low,No Significant Environmental Stress,0.0,Low,Train,Derived prototype label - NOT observed plant-stress ground truth
2025-02-28 09:00:00,9.0,Flowering,25.88,66.03,28612.0,22.35,No Significant Environmental Stress,0.0,Low,No Significant Environmental Stress,1.2,Low,Train,Derived prototype label - NOT observed plant-stress ground truth
2025-02-28 09:30:00,9.5,Flowering,26.54,65.41,35452.0,22.56,No Significant Environmental Stress,1.2,Low,No Significant Environmental Stress,6.3,Low,Train,Derived prototype label - NOT observed plant-stress ground truth
2025-02-28 10:00:00,10.0,Flowering,27.1,67.62,39495.0,22.73,No Significant Environmental Stress,6.3,Low,No Significant Environmental Stress,10.2,Low,Train,Derived prototype label - NOT observed plant-stress ground truth
2025-02-28 10:30:00,10.5,Flowering,27.54,63.08,40499.0,22.95,No Significant Environmental Stress,10.2,Low,No Significant Environmental Stress,12.4,Low,Train,Derived prototype label - NOT observed plant-stress ground truth
2025-02-28 11:00:00,11.0,Flowering,27.87,64.05,39394.0,23.21,No Significant Environmental Stress,12.4,Low,Heat Stress,13.2,Low,Train,Derived prototype label - NOT observed plant-stress ground truth
2025-02-28 11:30:00,11.5,Flowering,28.06,63.9,41794.0,23.44,Heat Stress,13.2,Low,No Significant Environmental Stress,12.4,Low,Train,Derived prototype label - NOT observed plant-stress ground truth
2025-02-28 12:00:00,12.0,Flowering,28.13,63.73,43108.0,23.71,No Significant Environmental Stress,12.4,Low,No Significant Environmental Stress,10.2,Low,Train,Derived prototype label - NOT observed plant-stress ground truth
2025-02-28 12:30:00,12.5,Flowering,28.06,60.42,43203.0,23.87,No Significant Environmental Stress,10.2,Low,No Significant Environmental Stress,6.3,Low,Train,Derived prototype label - NOT observed plant-stress ground truth
2025-02-28 13:00:00,13.0,Flowering,27.87,63.13,40145.0,24.06,No Significant Environmental Stress,6.3,Low,No Significant Environmental Stress,5.0,Low,Train,Derived prototype label - NOT observed plant-stress ground truth
2025-02-28 13:30:00,13.5,Flowering,27.54,61.81,40215.0,24.19,No Significant Environmental Stress,5.0,Low,Heat Stress,24.2,Low,Train,Derived prototype label - NOT observed plant-stress ground truth
2025-02-28 14:00:00,14.0,Flowering,27.43,63.66,38403.0,24.37,Heat Stress,24.2,Low,Heat Stress,39.8,Moderate,Train,Derived prototype label - NOT observed plant-stress ground truth
2025-02-28 14:30:00,14.5,Flowering,29.04,60.58,34455.0,25.07,Heat Stress,39.8,Moderate,Heat Stress,41.6,Moderate,Train,Derived prototype label - NOT observed plant-stress ground truth
2025-02-28 15:00:00,15.0,Flowering,30.13,60.36,28772.0,25.69,Heat Stress,41.6,Moderate,No Significant Environmental Stress,2.3,Low,Train,Derived prototype label - NOT observed plant-stress ground truth
2025-02-28 15:30:00,15.5,Flowering,30.25,60.29,26521.0,25.78,No Significant Environmental Stress,2.3,Low,No Significant Environmental Stress,0.0,Low,Train,Derived prototype label - NOT observed plant-stress ground truth
2025-02-28 16:00:00,16.0,Flowering,27.01,68.5,20404.0,25.19,No Significant Environmental Stress,0.0,Low,Low Light Stress,15.5,Low,Train,Derived prototype label - NOT observed plant-stress ground truth
2025-02-28 16:30:00,16.5,Flowering,24.38,71.31,16409.0,24.6,Low Light Stress,15.5,Low,Low Light Stress,46.4,Moderate,Train,Derived prototype label - NOT observed plant-stress ground truth
2025-02-28 17:00:00,17.0,Flowering,22.43,68.89,12173.0,24.23,Low Light Stress,46.4,Moderate,No Significant Environmental Stress,0.0,Low,Train,Derived prototype label - NOT observed plant-stress ground truth
2025-02-28 17:30:00,17.5,Flowering,21.44,74.36,6507.0,24.04,No Significant Environmental Stress,0.0,Low,No Significant Environmental Stress,0.0,Low,Train,Derived prototype label - NOT observed plant-stress ground truth
2025-02-28 18:00:00,18.0,Flowering,19.93,72.35,0.0,23.83,No Significant Environmental Stress,0.0,Low,No Significant Environmental Stress,0.0,Low,Train,Derived prototype label - NOT observed plant-stress ground truth
2025-02-28 18:30:00,18.5,Flowering,19.95,73.76,0.0,23.65,No Significant Environmental Stress,0.0,Low,No Significant Environmental Stress,3.8,Low,Train,Derived prototype label - NOT observed plant-stress ground truth
2025-02-28 19:00:00,19.0,Flowering,20.0,74.13,0.0,23.46,No Significant Environmental Stress,3.8,Low,No Significant Environmental Stress,0.0,Low,Train,Derived prototype label - NOT observed plant-stress ground truth
2025-02-28 19:30:00,19.5,Flowering,20.08,75.84,0.0,23.23,No Significant Environmental Stress,0.0,Low,No Significant Environmental Stress,0.0,Low,Train,Derived prototype label - NOT observed plant-stress ground truth
2025-02-28 20:00:00,20.0,Flowering,20.18,72.19,0.0,23.09,No Significant Environmental Stress,0.0,Low,No Significant Environmental Stress,4.1,Low,Train,Derived prototype label - NOT observed plant-stress ground truth
2025-02-28 20:30:00,20.5,Flowering,20.31,72.74,0.0,22.92,No Significant Environmental Stress,4.1,Low,No Significant Environmental Stress,0.0,Low,Train,Derived prototype label - NOT observed plant-stress ground truth
2025-02-28 21:00:00,21.0,Flowering,20.43,75.9,0.0,22.75,No Significant Environmental Stress,0.0,Low,No Significant Environmental Stress,0.0,Low,Train,Derived prototype label - NOT observed plant-stress ground truth
2025-02-28 21:30:00,21.5,Flowering,20.56,73.46,0.0,22.64,No Significant Environmental Stress,0.0,Low,No Significant Environmental Stress,0.0,Low,Train,Derived prototype label - NOT observed plant-stress ground truth
2025-02-28 22:00:00,22.0,Flowering,20.68,73.42,0.0,22.52,No Significant Environmental Stress,0.0,Low,No Significant Environmental Stress,0.1,Low,Train,Derived prototype label - NOT observed plant-stress ground truth
2025-02-28 22:30:00,22.5,Flowering,20.79,71.74,0.0,22.44,No Significant Environmental Stress,0.1,Low,No Significant Environmental Stress,0.0,Low,Train,Derived prototype label - NOT observed plant-stress ground truth
2025-02-28 23:00:00,23.0,Flowering,20.87,75.02,0.0,22.43,No Significant Environmental Stress,0.0,Low,High Humidity Stress,17.4,Low,Train,Derived prototype label - NOT observed plant-stress ground truth
2025-02-28 23:30:00,23.5,Flowering,20.92,73.83,0.0,22.35,High Humidity Stress,17.4,Low,No Significant Environmental Stress,5.3,Low,Train,Derived prototype label - NOT observed plant-stress ground truth
2025-03-01 00:00:00,0.0,Flowering,21.86,78.82,0.0,22.33,No Significant Environmental Stress,5.3,Low,High Humidity Stress,33.8,Low,Train,Derived prototype label - NOT observed plant-stress ground truth
2025-03-01 00:30:00,0.5,Flowering,21.85,76.17,0.0,22.28,High Humidity Stress,33.8,Low,High Humidity Stress,21.8,Low,Train,Derived prototype label - NOT observed plant-stress ground truth
2025-03-01 01:00:00,1.0,Flowering,21.8,82.43,0.0,22.22,High Humidity Stress,21.8,Low,High Humidity Stress,30.1,Low,Train,Derived prototype label - NOT observed plant-stress ground truth
2025-03-01 01:30:00,1.5,Flowering,21.72,79.79,0.0,22.28,High Humidity Stress,30.1,Low,High Humidity Stress,24.6,Low,Train,Derived prototype label - NOT observed plant-stress ground truth
2025-03-01 02:00:00,2.0,Flowering,21.61,81.61,0.0,22.21,High Humidity Stress,24.6,Low,High Humidity Stress,20.5,Low,Train,Derived prototype label - NOT observed plant-stress ground truth
2025-03-01 02:30:00,2.5,Flowering,21.49,80.39,0.0,22.17,High Humidity Stress,20.5,Low,High Humidity Stress,25.5,Low,Train,Derived prototype label - NOT observed plant-stress ground truth
2025-03-01 03:00:00,3.0,Flowering,21.36,79.49,0.0,22.09,High Humidity Stress,25.5,Low,High Humidity Stress,18.4,Low,Train,Derived prototype label - NOT observed plant-stress ground truth
2025-03-01 03:30:00,3.5,Flowering,21.23,80.6,0.0,22.13,High Humidity Stress,18.4,Low,High Humidity Stress,33.4,Low,Train,Derived prototype label - NOT observed plant-stress ground truth
2025-03-01 04:00:00,4.0,Flowering,21.11,79.03,0.0,22.07,High Humidity Stress,33.4,Low,High Humidity Stress,41.5,Moderate,Train,Derived prototype label - NOT observed plant-stress ground truth
2025-03-01 04:30:00,4.5,Flowering,21.01,82.33,0.0,22.02,High Humidity Stress,41.5,Moderate,High Humidity Stress,23.6,Low,Train,Derived prototype label - NOT observed plant-stress ground truth
2025-03-01 05:00:00,5.0,Flowering,20.93,84.12,0.0,21.94,High Humidity Stress,23.6,Low,Combined Environmental Stress,98.6,High,Train,Derived prototype label - NOT observed plant-stress ground truth
2025-03-01 05:30:00,5.5,Flowering,20.88,80.18,0.0,21.88,Combined Environmental Stress,98.6,High,Low Light Stress,56.2,Moderate,Train,Derived prototype label - NOT observed plant-stress ground truth
2025-03-01 06:00:00,6.0,Flowering,20.86,84.34,0.0,21.83,Low Light Stress,56.2,Moderate,Low Light Stress,21.9,Low,Train,Derived prototype label - NOT observed plant-stress ground truth
2025-03-01 06:30:00,6.5,Flowering,22.38,77.69,5589.0,21.86,Low Light Stress,21.9,Low,No Significant Environmental Stress,8.2,Low,Train,Derived prototype label - NOT observed plant-stress ground truth
2025-03-01 07:00:00,7.0,Flowering,23.37,76.44,11463.0,22.01,No Significant Environmental Stress,8.2,Low,No Significant Environmental Stress,9.8,Low,Train,Derived prototype label - NOT observed plant-stress ground truth
2025-03-01 07:30:00,7.5,Flowering,24.34,76.81,15610.0,22.12,No Significant Environmental Stress,9.8,Low,No Significant Environmental Stress,0.0,Low,Train,Derived prototype label - NOT observed plant-stress ground truth
2025-03-01 08:00:00,8.0,Flowering,25.25,77.15,20368.0,22.33,No Significant Environmental Stress,0.0,Low,No Significant Environmental Stress,0.0,Low,Train,Derived prototype label - NOT observed plant-stress ground truth
2025-03-01 08:30:00,8.5,Flowering,26.09,74.83,26556.0,22.57,No Significant Environmental Stress,0.0,Low,No Significant Environmental Stress,6.1,Low,Train,Derived prototype label - NOT observed plant-stress ground truth
2025-03-01 09:00:00,9.0,Flowering,26.85,72.54,26744.0,22.75,No Significant Environmental Stress,6.1,Low,No Significant Environmental Stress,12.8,Low,Train,Derived prototype label - NOT observed plant-stress ground truth
2025-03-01 09:30:00,9.5,Flowering,27.52,73.78,33351.0,22.95,No Significant Environmental Stress,12.8,Low,Heat Stress,18.0,Low,Train,Derived prototype label - NOT observed plant-stress ground truth
2025-03-01 10:00:00,10.0,Flowering,28.09,69.82,40158.0,23.2,Heat Stress,18.0,Low,Heat Stress,21.8,Low,Train,Derived prototype label - NOT observed plant-stress ground truth
2025-03-01 10:30:00,10.5,Flowering,28.54,69.33,42254.0,23.45,Heat Stress,21.8,Low,Heat Stress,24.1,Low,Train,Derived prototype label - NOT observed plant-stress ground truth
2025-03-01 11:00:00,11.0,Flowering,28.86,69.73,46973.0,23.66,Heat Stress,24.1,Low,Heat Stress,25.0,Low,Train,Derived prototype label - NOT observed plant-stress ground truth
2025-03-01 11:30:00,11.5,Flowering,29.06,70.34,47308.0,23.89,Heat Stress,25.0,Low,Heat Stress,24.1,Low,Train,Derived prototype label - NOT observed plant-stress ground truth
2025-03-01 12:00:00,12.0,Flowering,29.13,63.89,47080.0,24.07,Heat Stress,24.1,Low,Heat Stress,21.8,Low,Train,Derived prototype label - NOT observed plant-stress ground truth
2025-03-01 12:30:00,12.5,Flowering,29.06,64.86,43560.0,24.29,Heat Stress,21.8,Low,Heat Stress,24.4,Low,Train,Derived prototype label - NOT observed plant-stress ground truth
2025-03-01 13:00:00,13.0,Flowering,28.86,67.85,42175.0,24.48,Heat Stress,24.4,Low,Heat Stress,55.8,Moderate,Train,Derived prototype label - NOT observed plant-stress ground truth
2025-03-01 13:30:00,13.5,Flowering,29.05,68.01,42145.0,25.08,Heat Stress,55.8,Moderate,Combined Environmental Stress,100.0,High,Train,Derived prototype label - NOT observed plant-stress ground truth
2025-03-01 14:00:00,14.0,Flowering,30.96,60.84,45884.0,27.06,Combined Environmental Stress,100.0,High,Combined Environmental Stress,67.9,Moderate,Train,Derived prototype label - NOT observed plant-stress ground truth
2025-03-01 14:30:00,14.5,Flowering,34.2,53.56,38884.0,30.08,Combined Environmental Stress,67.9,Moderate,Root-Zone Heat Stress,15.6,Low,Train,Derived prototype label - NOT observed plant-stress ground truth
2025-03-01 15:00:00,15.0,Flowering,31.73,59.83,33852.0,27.74,Root-Zone Heat Stress,15.6,Low,No Significant Environmental Stress,12.8,Low,Train,Derived prototype label - NOT observed plant-stress ground truth
2025-03-01 15:30:00,15.5,Flowering,27.55,67.78,28004.0,26.12,No Significant Environmental Stress,12.8,Low,No Significant Environmental Stress,0.0,Low,Train,Derived prototype label - NOT observed plant-stress ground truth
2025-03-01 16:00:00,16.0,Flowering,25.25,77.81,21113.0,24.81,No Significant Environmental Stress,0.0,Low,Low Light Stress,26.6,Low,Train,Derived prototype label - NOT observed plant-stress ground truth
2025-03-01 16:30:00,16.5,Flowering,24.34,73.36,18694.0,24.76,Low Light Stress,26.6,Low,Low Light Stress,57.5,Moderate,Train,Derived prototype label - NOT observed plant-stress ground truth
2025-03-01 17:00:00,17.0,Flowering,23.37,77.98,11110.0,24.54,Low Light Stress,57.5,Moderate,High Humidity Stress,20.4,Low,Train,Derived prototype label - NOT observed plant-stress ground truth
2025-03-01 17:30:00,17.5,Flowering,22.38,79.37,5902.0,24.39,High Humidity Stress,20.4,Low,High Humidity Stress,31.6,Low,Train,Derived prototype label - NOT observed plant-stress ground truth
2025-03-01 18:00:00,18.0,Flowering,20.86,79.48,0.0,24.15,High Humidity Stress,31.6,Low,High Humidity Stress,41.0,Moderate,Train,Derived prototype label - NOT observed plant-stress ground truth
2025-03-01 18:30:00,18.5,Flowering,20.88,81.94,0.0,23.9,High Humidity Stress,41.0,Moderate,High Humidity Stress,41.5,Moderate,Train,Derived prototype label - NOT observed plant-stress ground truth
2025-03-01 19:00:00,19.0,Flowering,20.93,83.99,0.0,23.74,High Humidity Stress,41.5,Moderate,High Humidity Stress,32.0,Low,Train,Derived prototype label - NOT observed plant-stress ground truth
2025-03-01 19:30:00,19.5,Flowering,21.01,84.11,0.0,23.51,High Humidity Stress,32.0,Low,High Humidity Stress,38.7,Moderate,Train,Derived prototype label - NOT observed plant-stress ground truth
2025-03-01 20:00:00,20.0,Flowering,21.11,82.03,0.0,23.3,High Humidity Stress,38.7,Moderate,High Humidity Stress,34.5,Low,Train,Derived prototype label - NOT observed plant-stress ground truth
2025-03-01 20:30:00,20.5,Flowering,21.23,83.49,0.0,23.16,High Humidity Stress,34.5,Low,High Humidity Stress,31.8,Low,Train,Derived prototype label - NOT observed plant-stress ground truth
2025-03-01 21:00:00,21.0,Flowering,21.36,82.57,0.0,23.02,High Humidity Stress,31.8,Low,High Humidity Stress,36.5,Moderate,Train,Derived prototype label - NOT observed plant-stress ground truth
2025-03-01 21:30:00,21.5,Flowering,21.49,81.97,0.0,22.93,High Humidity Stress,36.5,Moderate,High Humidity Stress,28.2,Low,Train,Derived prototype label - NOT observed plant-stress ground truth
2025-03-01 22:00:00,22.0,Flowering,21.61,83.02,0.0,22.83,High Humidity Stress,28.2,Low,High Humidity Stress,40.5,Moderate,Train,Derived prototype label - NOT observed plant-stress ground truth
2025-03-01 22:30:00,22.5,Flowering,21.72,81.18,0.0,22.74,High Humidity Stress,40.5,Moderate,High Humidity Stress,41.0,Moderate,Train,Derived prototype label - NOT observed plant-stress ground truth
2025-03-01 23:00:00,23.0,Flowering,21.8,83.89,0.0,22.74,High Humidity Stress,41.0,Moderate,No Significant Environmental Stress,0.0,Low,Train,Derived prototype label - NOT observed plant-stress ground truth
2025-03-01 23:30:00,23.5,Flowering,21.85,84.01,0.0,22.65,No Significant Environmental Stress,0.0,Low,No Significant Environmental Stress,0.0,Low,Train,Derived prototype label - NOT observed plant-stress ground truth
2025-03-02 00:00:00,0.0,Fruiting,20.82,75.84,0.0,22.52,No Significant Environmental Stress,0.0,Low,No Significant Environmental Stress,0.0,Low,Train,Derived prototype label - NOT observed plant-stress ground truth
2025-03-02 00:30:00,0.5,Fruiting,20.81,72.97,0.0,22.44,No Significant Environmental Stress,0.0,Low,No Significant Environmental Stress,0.0,Low,Train,Derived prototype label - NOT observed plant-stress ground truth
2025-03-02 01:00:00,1.0,Fruiting,20.76,76.62,0.0,22.35,No Significant Environmental Stress,0.0,Low,No Significant Environmental Stress,0.0,Low,Train,Derived prototype label - NOT observed plant-stress ground truth
2025-03-02 01:30:00,1.5,Fruiting,20.68,74.76,0.0,22.28,No Significant Environmental Stress,0.0,Low,No Significant Environmental Stress,0.0,Low,Train,Derived prototype label - NOT observed plant-stress ground truth
2025-03-02 02:00:00,2.0,Fruiting,20.57,73.03,0.0,22.2,No Significant Environmental Stress,0.0,Low,No Significant Environmental Stress,0.0,Low,Train,Derived prototype label - NOT observed plant-stress ground truth
2025-03-02 02:30:00,2.5,Fruiting,20.45,77.68,0.0,22.09,No Significant Environmental Stress,0.0,Low,No Significant Environmental Stress,0.0,Low,Train,Derived prototype label - NOT observed plant-stress ground truth
2025-03-02 03:00:00,3.0,Fruiting,20.32,79.24,0.0,22.04,No Significant Environmental Stress,0.0,Low,No Significant Environmental Stress,4.6,Low,Train,Derived prototype label - NOT observed plant-stress ground truth
2025-03-02 03:30:00,3.5,Fruiting,20.19,78.38,0.0,21.94,No Significant Environmental Stress,4.6,Low,No Significant Environmental Stress,0.0,Low,Train,Derived prototype label - NOT observed plant-stress ground truth
2025-03-02 04:00:00,4.0,Fruiting,20.07,81.01,0.0,21.84,No Significant Environmental Stress,0.0,Low,No Significant Environmental Stress,0.0,Low,Train,Derived prototype label - NOT observed plant-stress ground truth
2025-03-02 04:30:00,4.5,Fruiting,19.97,77.38,0.0,21.87,No Significant Environmental Stress,0.0,Low,No Significant Environmental Stress,0.0,Low,Train,Derived prototype label - NOT observed plant-stress ground truth
2025-03-02 05:00:00,5.0,Fruiting,19.89,75.4,0.0,21.82,No Significant Environmental Stress,0.0,Low,Low Light Stress,87.4,High,Train,Derived prototype label - NOT observed plant-stress ground truth
2025-03-02 05:30:00,5.5,Fruiting,19.84,75.64,0.0,21.71,Low Light Stress,87.4,High,Low Light Stress,46.2,Moderate,Train,Derived prototype label - NOT observed plant-stress ground truth
2025-03-02 06:00:00,6.0,Fruiting,19.82,78.59,0.0,21.64,Low Light Stress,46.2,Moderate,Low Light Stress,14.9,Low,Train,Derived prototype label - NOT observed plant-stress ground truth
2025-03-02 06:30:00,6.5,Fruiting,21.38,75.43,6548.0,21.68,Low Light Stress,14.9,Low,No Significant Environmental Stress,0.0,Low,Train,Derived prototype label - NOT observed plant-stress ground truth
2025-03-02 07:00:00,7.0,Fruiting,22.42,75.37,12269.0,21.74,No Significant Environmental Stress,0.0,Low,No Significant Environmental Stress,0.0,Low,Train,Derived prototype label - NOT observed plant-stress ground truth
2025-03-02 07:30:00,7.5,Fruiting,23.42,73.78,16519.0,21.79,No Significant Environmental Stress,0.0,Low,No Significant Environmental Stress,0.0,Low,Train,Derived prototype label - NOT observed plant-stress ground truth
2025-03-02 08:00:00,8.0,Fruiting,24.37,72.45,22615.0,22.05,No Significant Environmental Stress,0.0,Low,No Significant Environmental Stress,0.0,Low,Train,Derived prototype label - NOT observed plant-stress ground truth
2025-03-02 08:30:00,8.5,Fruiting,25.25,70.51,24377.0,22.26,No Significant Environmental Stress,0.0,Low,No Significant Environmental Stress,0.0,Low,Train,Derived prototype label - NOT observed plant-stress ground truth
2025-03-02 09:00:00,9.0,Fruiting,26.05,69.83,32604.0,22.46,No Significant Environmental Stress,0.0,Low,No Significant Environmental Stress,0.0,Low,Train,Derived prototype label - NOT observed plant-stress ground truth
2025-03-02 09:30:00,9.5,Fruiting,26.74,67.0,33150.0,22.65,No Significant Environmental Stress,0.0,Low,No Significant Environmental Stress,0.0,Low,Train,Derived prototype label - NOT observed plant-stress ground truth
2025-03-02 10:00:00,10.0,Fruiting,27.33,67.56,36166.0,22.87,No Significant Environmental Stress,0.0,Low,No Significant Environmental Stress,1.6,Low,Train,Derived prototype label - NOT observed plant-stress ground truth
2025-03-02 10:30:00,10.5,Fruiting,27.8,68.69,44943.0,23.1,No Significant Environmental Stress,1.6,Low,No Significant Environmental Stress,4.1,Low,Train,Derived prototype label - NOT observed plant-stress ground truth
2025-03-02 11:00:00,11.0,Fruiting,28.14,63.55,42683.0,23.34,No Significant Environmental Stress,4.1,Low,No Significant Environmental Stress,4.9,Low,Train,Derived prototype label - NOT observed plant-stress ground truth
2025-03-02 11:30:00,11.5,Fruiting,28.35,62.7,44150.0,23.59,No Significant Environmental Stress,4.9,Low,No Significant Environmental Stress,4.1,Low,Train,Derived prototype label - NOT observed plant-stress ground truth
2025-03-02 12:00:00,12.0,Fruiting,28.42,62.96,38726.0,23.78,No Significant Environmental Stress,4.1,Low,No Significant Environmental Stress,1.6,Low,Train,Derived prototype label - NOT observed plant-stress ground truth
2025-03-02 12:30:00,12.5,Fruiting,28.35,65.78,46009.0,23.92,No Significant Environmental Stress,1.6,Low,No Significant Environmental Stress,0.0,Low,Train,Derived prototype label - NOT observed plant-stress ground truth
2025-03-02 13:00:00,13.0,Fruiting,28.14,65.55,43761.0,24.11,No Significant Environmental Stress,0.0,Low,No Significant Environmental Stress,0.0,Low,Train,Derived prototype label - NOT observed plant-stress ground truth
2025-03-02 13:30:00,13.5,Fruiting,27.8,68.1,42138.0,24.23,No Significant Environmental Stress,0.0,Low,No Significant Environmental Stress,0.0,Low,Train,Derived prototype label - NOT observed plant-stress ground truth
2025-03-02 14:00:00,14.0,Fruiting,27.33,67.6,33552.0,24.42,No Significant Environmental Stress,0.0,Low,No Significant Environmental Stress,0.0,Low,Train,Derived prototype label - NOT observed plant-stress ground truth
2025-03-02 14:30:00,14.5,Fruiting,26.74,66.51,34809.0,24.45,No Significant Environmental Stress,0.0,Low,No Significant Environmental Stress,0.0,Low,Train,Derived prototype label - NOT observed plant-stress ground truth
2025-03-02 15:00:00,15.0,Fruiting,26.05,69.89,28099.0,24.51,No Significant Environmental Stress,0.0,Low,No Significant Environmental Stress,0.0,Low,Train,Derived prototype label - NOT observed plant-stress ground truth
2025-03-02 15:30:00,15.5,Fruiting,25.25,70.67,28414.0,24.51,No Significant Environmental Stress,0.0,Low,No Significant Environmental Stress,0.0,Low,Train,Derived prototype label - NOT observed plant-stress ground truth
2025-03-02 16:00:00,16.0,Fruiting,24.37,72.06,19328.0,24.47,No Significant Environmental Stress,0.0,Low,Low Light Stress,20.9,Low,Train,Derived prototype label - NOT observed plant-stress ground truth
2025-03-02 16:30:00,16.5,Fruiting,23.42,73.93,17437.0,24.35,Low Light Stress,20.9,Low,Low Light Stress,48.3,Moderate,Train,Derived prototype label - NOT observed plant-stress ground truth
2025-03-02 17:00:00,17.0,Fruiting,22.42,73.81,11184.0,24.3,Low Light Stress,48.3,Moderate,No Significant Environmental Stress,0.0,Low,Train,Derived prototype label - NOT observed plant-stress ground truth
2025-03-02 17:30:00,17.5,Fruiting,21.38,76.04,6169.0,24.12,No Significant Environmental Stress,0.0,Low,No Significant Environmental Stress,0.0,Low,Train,Derived prototype label - NOT observed plant-stress ground truth
2025-03-02 18:00:00,18.0,Fruiting,19.82,77.51,0.0,23.85,No Significant Environmental Stress,0.0,Low,No Significant Environmental Stress,0.0,Low,Train,Derived prototype label - NOT observed plant-stress ground truth
2025-03-02 18:30:00,18.5,Fruiting,19.84,76.77,0.0,23.57,No Significant Environmental Stress,0.0,Low,No Significant Environmental Stress,0.0,Low,Train,Derived prototype label - NOT observed plant-stress ground truth
2025-03-02 19:00:00,19.0,Fruiting,19.89,78.73,0.0,23.34,No Significant Environmental Stress,0.0,Low,No Significant Environmental Stress,0.0,Low,Train,Derived prototype label - NOT observed plant-stress ground truth
2025-03-02 19:30:00,19.5,Fruiting,19.97,75.06,0.0,23.15,No Significant Environmental Stress,0.0,Low,No Significant Environmental Stress,0.0,Low,Train,Derived prototype label - NOT observed plant-stress ground truth
2025-03-02 20:00:00,20.0,Fruiting,20.07,76.64,0.0,23.02,No Significant Environmental Stress,0.0,Low,No Significant Environmental Stress,0.0,Low,Train,Derived prototype label - NOT observed plant-stress ground truth
2025-03-02 20:30:00,20.5,Fruiting,20.19,78.45,0.0,22.89,No Significant Environmental Stress,0.0,Low,No Significant Environmental Stress,0.0,Low,Train,Derived prototype label - NOT observed plant-stress ground truth
2025-03-02 21:00:00,21.0,Fruiting,20.32,74.83,0.0,22.75,No Significant Environmental Stress,0.0,Low,No Significant Environmental Stress,0.0,Low,Train,Derived prototype label - NOT observed plant-stress ground truth
2025-03-02 21:30:00,21.5,Fruiting,20.45,72.82,0.0,22.64,No Significant Environmental Stress,0.0,Low,No Significant Environmental Stress,0.0,Low,Train,Derived prototype label - NOT observed plant-stress ground truth
2025-03-02 22:00:00,22.0,Fruiting,20.57,78.74,0.0,22.44,No Significant Environmental Stress,0.0,Low,No Significant Environmental Stress,0.0,Low,Train,Derived prototype label - NOT observed plant-stress ground truth
2025-03-02 22:30:00,22.5,Fruiting,20.68,76.77,0.0,22.39,No Significant Environmental Stress,0.0,Low,No Significant Environmental Stress,0.0,Low,Train,Derived prototype label - NOT observed plant-stress ground truth
2025-03-02 23:00:00,23.0,Fruiting,20.76,75.09,0.0,22.35,No Significant Environmental Stress,0.0,Low,No Significant Environmental Stress,0.0,Low,Train,Derived prototype label - NOT observed plant-stress ground truth
2025-03-02 23:30:00,23.5,Fruiting,20.81,77.0,0.0,22.25,No Significant Environmental Stress,0.0,Low,No Significant Environmental Stress,0.0,Low,Train,Derived prototype label - NOT observed plant-stress ground truth
2025-03-03 00:00:00,0.0,Fruiting,21.93,70.87,0.0,22.23,No Significant Environmental Stress,0.0,Low,No Significant Environmental Stress,0.0,Low,Train,Derived prototype label - NOT observed plant-stress ground truth
2025-03-03 00:30:00,0.5,Fruiting,21.91,72.0,0.0,22.27,No Significant Environmental Stress,0.0,Low,No Significant Environmental Stress,0.0,Low,Train,Derived prototype label - NOT observed plant-stress ground truth
2025-03-03 01:00:00,1.0,Fruiting,21.86,71.89,0.0,22.25,No Significant Environmental Stress,0.0,Low,No Significant Environmental Stress,0.0,Low,Train,Derived prototype label - NOT observed plant-stress ground truth
2025-03-03 01:30:00,1.5,Fruiting,21.78,74.43,0.0,22.22,No Significant Environmental Stress,0.0,Low,No Significant Environmental Stress,0.0,Low,Train,Derived prototype label - NOT observed plant-stress ground truth
2025-03-03 02:00:00,2.0,Fruiting,21.68,73.74,0.0,22.17,No Significant Environmental Stress,0.0,Low,No Significant Environmental Stress,0.0,Low,Train,Derived prototype label - NOT observed plant-stress ground truth
2025-03-03 02:30:00,2.5,Fruiting,21.56,73.18,0.0,22.12,No Significant Environmental Stress,0.0,Low,No Significant Environmental Stress,0.0,Low,Train,Derived prototype label - NOT observed plant-stress ground truth
2025-03-03 03:00:00,3.0,Fruiting,21.43,71.86,0.0,22.13,No Significant Environmental Stress,0.0,Low,No Significant Environmental Stress,0.0,Low,Train,Derived prototype label - NOT observed plant-stress ground truth
2025-03-03 03:30:00,3.5,Fruiting,21.3,72.7,0.0,22.21,No Significant Environmental Stress,0.0,Low,No Significant Environmental Stress,0.0,Low,Train,Derived prototype label - NOT observed plant-stress ground truth
2025-03-03 04:00:00,4.0,Fruiting,21.18,74.31,0.0,22.2,No Significant Environmental Stress,0.0,Low,No Significant Environmental Stress,0.0,Low,Train,Derived prototype label - NOT observed plant-stress ground truth
2025-03-03 04:30:00,4.5,Fruiting,21.08,72.42,0.0,22.17,No Significant Environmental Stress,0.0,Low,No Significant Environmental Stress,0.0,Low,Train,Derived prototype label - NOT observed plant-stress ground truth
2025-03-03 05:00:00,5.0,Fruiting,21.0,72.99,0.0,22.14,No Significant Environmental Stress,0.0,Low,Low Light Stress,82.3,High,Train,Derived prototype label - NOT observed plant-stress ground truth
2025-03-03 05:30:00,5.5,Fruiting,20.95,76.14,0.0,22.09,Low Light Stress,82.3,High,Low Light Stress,49.7,Moderate,Train,Derived prototype label - NOT observed plant-stress ground truth
2025-03-03 06:00:00,6.0,Fruiting,20.93,74.2,0.0,21.99,Low Light Stress,49.7,Moderate,Low Light Stress,23.9,Low,Train,Derived prototype label - NOT observed plant-stress ground truth
2025-03-03 06:30:00,6.5,Fruiting,22.27,71.43,5902.0,21.96,Low Light Stress,23.9,Low,No Significant Environmental Stress,0.0,Low,Train,Derived prototype label - NOT observed plant-stress ground truth
2025-03-03 07:00:00,7.0,Fruiting,23.09,65.0,10623.0,22.16,No Significant Environmental Stress,0.0,Low,No Significant Environmental Stress,0.0,Low,Train,Derived prototype label - NOT observed plant-stress ground truth
2025-03-03 07:30:00,7.5,Fruiting,23.88,70.11,17753.0,22.32,No Significant Environmental Stress,0.0,Low,No Significant Environmental Stress,0.0,Low,Train,Derived prototype label - NOT observed plant-stress ground truth
2025-03-03 08:00:00,8.0,Fruiting,24.63,65.24,21531.0,22.41,No Significant Environmental Stress,0.0,Low,No Significant Environmental Stress,0.0,Low,Train,Derived prototype label - NOT observed plant-stress ground truth
2025-03-03 08:30:00,8.5,Fruiting,25.33,65.44,24616.0,22.49,No Significant Environmental Stress,0.0,Low,No Significant Environmental Stress,0.0,Low,Train,Derived prototype label - NOT observed plant-stress ground truth
2025-03-03 09:00:00,9.0,Fruiting,25.96,66.74,26503.0,22.65,No Significant Environmental Stress,0.0,Low,No Significant Environmental Stress,0.0,Low,Train,Derived prototype label - NOT observed plant-stress ground truth
2025-03-03 09:30:00,9.5,Fruiting,26.51,65.3,33468.0,22.84,No Significant Environmental Stress,0.0,Low,No Significant Environmental Stress,0.0,Low,Train,Derived prototype label - NOT observed plant-stress ground truth
2025-03-03 10:00:00,10.0,Fruiting,26.97,60.22,36415.0,23.03,No Significant Environmental Stress,0.0,Low,No Significant Environmental Stress,0.0,Low,Train,Derived prototype label - NOT observed plant-stress ground truth
2025-03-03 10:30:00,10.5,Fruiting,27.34,63.0,38399.0,23.17,No Significant Environmental Stress,0.0,Low,No Significant Environmental Stress,0.0,Low,Train,Derived prototype label - NOT observed plant-stress ground truth
2025-03-03 11:00:00,11.0,Fruiting,27.61,63.16,38158.0,23.29,No Significant Environmental Stress,0.0,Low,No Significant Environmental Stress,0.0,Low,Train,Derived prototype label - NOT observed plant-stress ground truth
2025-03-03 11:30:00,11.5,Fruiting,27.78,60.73,41696.0,23.49,No Significant Environmental Stress,0.0,Low,No Significant Environmental Stress,0.7,Low,Train,Derived prototype label - NOT observed plant-stress ground truth
2025-03-03 12:00:00,12.0,Fruiting,27.83,62.77,39633.0,23.64,No Significant Environmental Stress,0.7,Low,No Significant Environmental Stress,0.0,Low,Train,Derived prototype label - NOT observed plant-stress ground truth
2025-03-03 12:30:00,12.5,Fruiting,27.78,59.8,41313.0,23.89,No Significant Environmental Stress,0.0,Low,No Significant Environmental Stress,0.0,Low,Train,Derived prototype label - NOT observed plant-stress ground truth
2025-03-03 13:00:00,13.0,Fruiting,27.61,63.66,36527.0,24.0,No Significant Environmental Stress,0.0,Low,No Significant Environmental Stress,0.0,Low,Train,Derived prototype label - NOT observed plant-stress ground truth
2025-03-03 13:30:00,13.5,Fruiting,27.34,63.59,35261.0,24.2,No Significant Environmental Stress,0.0,Low,Root-Zone Heat Stress,28.2,Low,Train,Derived prototype label - NOT observed plant-stress ground truth
2025-03-03 14:00:00,14.0,Fruiting,26.97,63.79,32408.0,24.57,Root-Zone Heat Stress,28.2,Low,Root-Zone Heat Stress,62.1,Moderate,Train,Derived prototype label - NOT observed plant-stress ground truth
2025-03-03 14:30:00,14.5,Fruiting,26.51,64.76,38329.0,27.41,Root-Zone Heat Stress,62.1,Moderate,Root-Zone Heat Stress,65.7,Moderate,Train,Derived prototype label - NOT observed plant-stress ground truth
2025-03-03 15:00:00,15.0,Fruiting,25.96,64.27,27587.0,30.3,Root-Zone Heat Stress,65.7,Moderate,Root-Zone Heat Stress,17.6,Low,Train,Derived prototype label - NOT observed plant-stress ground truth
2025-03-03 15:30:00,15.5,Fruiting,25.33,67.4,29002.0,30.61,Root-Zone Heat Stress,17.6,Low,No Significant Environmental Stress,0.0,Low,Train,Derived prototype label - NOT observed plant-stress ground truth
2025-03-03 16:00:00,16.0,Fruiting,24.63,67.01,20802.0,26.5,No Significant Environmental Stress,0.0,Low,Low Light Stress,22.6,Low,Train,Derived prototype label - NOT observed plant-stress ground truth
2025-03-03 16:30:00,16.5,Fruiting,23.88,67.84,16891.0,24.54,Low Light Stress,22.6,Low,Low Light Stress,49.2,Moderate,Train,Derived prototype label - NOT observed plant-stress ground truth
2025-03-03 17:00:00,17.0,Fruiting,23.09,68.65,10870.0,24.38,Low Light Stress,49.2,Moderate,No Significant Environmental Stress,0.0,Low,Train,Derived prototype label - NOT observed plant-stress ground truth
2025-03-03 17:30:00,17.5,Fruiting,22.27,73.76,5993.0,24.26,No Significant Environmental Stress,0.0,Low,No Significant Environmental Stress,0.0,Low,Train,Derived prototype label - NOT observed plant-stress ground truth
2025-03-03 18:00:00,18.0,Fruiting,20.93,77.95,0.0,24.05,No Significant Environmental Stress,0.0,Low,No Significant Environmental Stress,0.0,Low,Train,Derived prototype label - NOT observed plant-stress ground truth
2025-03-03 18:30:00,18.5,Fruiting,20.95,73.41,0.0,23.92,No Significant Environmental Stress,0.0,Low,No Significant Environmental Stress,0.0,Low,Train,Derived prototype label - NOT observed plant-stress ground truth
2025-03-03 19:00:00,19.0,Fruiting,21.0,73.12,0.0,23.78,No Significant Environmental Stress,0.0,Low,No Significant Environmental Stress,0.0,Low,Train,Derived prototype label - NOT observed plant-stress ground truth
2025-03-03 19:30:00,19.5,Fruiting,21.08,75.94,0.0,23.57,No Significant Environmental Stress,0.0,Low,No Significant Environmental Stress,0.0,Low,Train,Derived prototype label - NOT observed plant-stress ground truth
2025-03-03 20:00:00,20.0,Fruiting,21.18,74.49,0.0,23.41,No Significant Environmental Stress,0.0,Low,No Significant Environmental Stress,0.0,Low,Train,Derived prototype label - NOT observed plant-stress ground truth
2025-03-03 20:30:00,20.5,Fruiting,21.3,75.07,0.0,23.26,No Significant Environmental Stress,0.0,Low,No Significant Environmental Stress,0.0,Low,Train,Derived prototype label - NOT observed plant-stress ground truth
2025-03-03 21:00:00,21.0,Fruiting,21.43,75.97,0.0,23.12,No Significant Environmental Stress,0.0,Low,No Significant Environmental Stress,0.0,Low,Train,Derived prototype label - NOT observed plant-stress ground truth
2025-03-03 21:30:00,21.5,Fruiting,21.56,75.89,0.0,22.95,No Significant Environmental Stress,0.0,Low,No Significant Environmental Stress,0.0,Low,Train,Derived prototype label - NOT observed plant-stress ground truth
2025-03-03 22:00:00,22.0,Fruiting,21.68,73.75,0.0,22.78,No Significant Environmental Stress,0.0,Low,No Significant Environmental Stress,0.0,Low,Train,Derived prototype label - NOT observed plant-stress ground truth
2025-03-03 22:30:00,22.5,Fruiting,21.78,72.98,0.0,22.69,No Significant Environmental Stress,0.0,Low,No Significant Environmental Stress,0.0,Low,Train,Derived prototype label - NOT observed plant-stress ground truth
2025-03-03 23:00:00,23.0,Fruiting,21.86,75.83,0.0,22.57,No Significant Environmental Stress,0.0,Low,No Significant Environmental Stress,0.0,Low,Train,Derived prototype label - NOT observed plant-stress ground truth
2025-03-03 23:30:00,23.5,Fruiting,21.91,69.97,0.0,22.53,No Significant Environmental Stress,0.0,Low,No Significant Environmental Stress,0.0,Low,Train,Derived prototype label - NOT observed plant-stress ground truth
2025-03-04 00:00:00,0.0,Fruiting,20.93,79.64,0.0,22.4,No Significant Environmental Stress,0.0,Low,No Significant Environmental Stress,0.0,Low,Train,Derived prototype label - NOT observed plant-stress ground truth
2025-03-04 00:30:00,0.5,Fruiting,20.91,78.66,0.0,22.33,No Significant Environmental Stress,0.0,Low,No Significant Environmental Stress,0.0,Low,Train,Derived prototype label - NOT observed plant-stress ground truth
2025-03-04 01:00:00,1.0,Fruiting,20.86,78.06,0.0,22.21,No Significant Environmental Stress,0.0,Low,No Significant Environmental Stress,0.0,Low,Train,Derived prototype label - NOT observed plant-stress ground truth
2025-03-04 01:30:00,1.5,Fruiting,20.78,78.47,0.0,22.19,No Significant Environmental Stress,0.0,Low,No Significant Environmental Stress,0.0,Low,Train,Derived prototype label - NOT observed plant-stress ground truth
2025-03-04 02:00:00,2.0,Fruiting,20.68,75.86,0.0,22.14,No Significant Environmental Stress,0.0,Low,No Significant Environmental Stress,0.0,Low,Train,Derived prototype label - NOT observed plant-stress ground truth
2025-03-04 02:30:00,2.5,Fruiting,20.56,76.39,0.0,22.11,No Significant Environmental Stress,0.0,Low,No Significant Environmental Stress,0.0,Low,Train,Derived prototype label - NOT observed plant-stress ground truth
2025-03-04 03:00:00,3.0,Fruiting,20.43,79.14,0.0,22.04,No Significant Environmental Stress,0.0,Low,No Significant Environmental Stress,0.9,Low,Train,Derived prototype label - NOT observed plant-stress ground truth
2025-03-04 03:30:00,3.5,Fruiting,20.3,78.01,0.0,22.01,No Significant Environmental Stress,0.9,Low,No Significant Environmental Stress,0.0,Low,Train,Derived prototype label - NOT observed plant-stress ground truth
2025-03-04 04:00:00,4.0,Fruiting,20.18,80.19,0.0,21.89,No Significant Environmental Stress,0.0,Low,No Significant Environmental Stress,0.0,Low,Train,Derived prototype label - NOT observed plant-stress ground truth
2025-03-04 04:30:00,4.5,Fruiting,20.08,78.95,0.0,21.76,No Significant Environmental Stress,0.0,Low,No Significant Environmental Stress,0.0,Low,Train,Derived prototype label - NOT observed plant-stress ground truth
2025-03-04 05:00:00,5.0,Fruiting,20.0,78.75,0.0,21.71,No Significant Environmental Stress,0.0,Low,Low Light Stress,86.9,High,Train,Derived prototype label - NOT observed plant-stress ground truth
2025-03-04 05:30:00,5.5,Fruiting,19.95,75.95,0.0,21.73,Low Light Stress,86.9,High,Low Light Stress,55.3,Moderate,Train,Derived prototype label - NOT observed plant-stress ground truth
2025-03-04 06:00:00,6.0,Fruiting,19.93,77.69,0.0,21.7,Low Light Stress,55.3,Moderate,Low Light Stress,32.3,Low,Train,Derived prototype label - NOT observed plant-stress ground truth
2025-03-04 06:30:00,6.5,Fruiting,21.37,79.49,4887.0,21.72,Low Light Stress,32.3,Low,No Significant Environmental Stress,10.4,Low,Train,Derived prototype label - NOT observed plant-stress ground truth
2025-03-04 07:00:00,7.0,Fruiting,22.3,74.81,9090.0,21.73,No Significant Environmental Stress,10.4,Low,No Significant Environmental Stress,0.0,Low,Train,Derived prototype label - NOT observed plant-stress ground truth
2025-03-04 07:30:00,7.5,Fruiting,23.2,74.75,13094.0,21.81,No Significant Environmental Stress,0.0,Low,No Significant Environmental Stress,0.0,Low,Train,Derived prototype label - NOT observed plant-stress ground truth
2025-03-04 08:00:00,8.0,Fruiting,24.04,72.32,20739.0,21.92,No Significant Environmental Stress,0.0,Low,No Significant Environmental Stress,0.0,Low,Train,Derived prototype label - NOT observed plant-stress ground truth
2025-03-04 08:30:00,8.5,Fruiting,24.83,72.3,21280.0,22.08,No Significant Environmental Stress,0.0,Low,No Significant Environmental Stress,0.0,Low,Train,Derived prototype label - NOT observed plant-stress ground truth
2025-03-04 09:00:00,9.0,Fruiting,25.54,71.67,25552.0,22.26,No Significant Environmental Stress,0.0,Low,No Significant Environmental Stress,0.0,Low,Train,Derived prototype label - NOT observed plant-stress ground truth
2025-03-04 09:30:00,9.5,Fruiting,26.16,70.21,33268.0,22.46,No Significant Environmental Stress,0.0,Low,No Significant Environmental Stress,0.0,Low,Train,Derived prototype label - NOT observed plant-stress ground truth
2025-03-04 10:00:00,10.0,Fruiting,26.69,68.04,32526.0,22.71,No Significant Environmental Stress,0.0,Low,No Significant Environmental Stress,0.0,Low,Train,Derived prototype label - NOT observed plant-stress ground truth
2025-03-04 10:30:00,10.5,Fruiting,27.11,69.13,31622.0,22.95,No Significant Environmental Stress,0.0,Low,No Significant Environmental Stress,0.0,Low,Train,Derived prototype label - NOT observed plant-stress ground truth
2025-03-04 11:00:00,11.0,Fruiting,27.41,70.37,41504.0,23.22,No Significant Environmental Stress,0.0,Low,No Significant Environmental Stress,0.0,Low,Train,Derived prototype label - NOT observed plant-stress ground truth
2025-03-04 11:30:00,11.5,Fruiting,27.6,64.03,37092.0,23.41,No Significant Environmental Stress,0.0,Low,No Significant Environmental Stress,0.0,Low,Train,Derived prototype label - NOT observed plant-stress ground truth
2025-03-04 12:00:00,12.0,Fruiting,27.66,65.62,35635.0,23.65,No Significant Environmental Stress,0.0,Low,No Significant Environmental Stress,0.0,Low,Train,Derived prototype label - NOT observed plant-stress ground truth
2025-03-04 12:30:00,12.5,Fruiting,27.6,68.67,36031.0,23.84,No Significant Environmental Stress,0.0,Low,No Significant Environmental Stress,0.0,Low,Train,Derived prototype label - NOT observed plant-stress ground truth
2025-03-04 13:00:00,13.0,Fruiting,27.41,67.37,42048.0,24.05,No Significant Environmental Stress,0.0,Low,No Significant Environmental Stress,0.0,Low,Train,Derived prototype label - NOT observed plant-stress ground truth
2025-03-04 13:30:00,13.5,Fruiting,27.11,67.48,37092.0,24.2,No Significant Environmental Stress,0.0,Low,No Significant Environmental Stress,0.0,Low,Train,Derived prototype label - NOT observed plant-stress ground truth
2025-03-04 14:00:00,14.0,Fruiting,26.69,69.39,31012.0,24.33,No Significant Environmental Stress,0.0,Low,No Significant Environmental Stress,0.0,Low,Train,Derived prototype label - NOT observed plant-stress ground truth
2025-03-04 14:30:00,14.5,Fruiting,26.16,69.34,29038.0,24.45,No Significant Environmental Stress,0.0,Low,No Significant Environmental Stress,0.0,Low,Train,Derived prototype label - NOT observed plant-stress ground truth
2025-03-04 15:00:00,15.0,Fruiting,25.54,69.51,23760.0,24.52,No Significant Environmental Stress,0.0,Low,No Significant Environmental Stress,0.0,Low,Train,Derived prototype label - NOT observed plant-stress ground truth
2025-03-04 15:30:00,15.5,Fruiting,24.83,72.7,21603.0,24.47,No Significant Environmental Stress,0.0,Low,No Significant Environmental Stress,0.0,Low,Train,Derived prototype label - NOT observed plant-stress ground truth
2025-03-04 16:00:00,16.0,Fruiting,24.04,71.35,18723.0,24.42,No Significant Environmental Stress,0.0,Low,Low Light Stress,25.1,Low,Train,Derived prototype label - NOT observed plant-stress ground truth
2025-03-04 16:30:00,16.5,Fruiting,23.2,77.9,17730.0,24.36,Low Light Stress,25.1,Low,Low Light Stress,56.0,Moderate,Train,Derived prototype label - NOT observed plant-stress ground truth
2025-03-04 17:00:00,17.0,Fruiting,22.3,76.16,10408.0,24.15,Low Light Stress,56.0,Moderate,No Significant Environmental Stress,4.5,Low,Train,Derived prototype label - NOT observed plant-stress ground truth
2025-03-04 17:30:00,17.5,Fruiting,21.37,72.29,4755.0,23.96,No Significant Environmental Stress,4.5,Low,No Significant Environmental Stress,0.0,Low,Train,Derived prototype label - NOT observed plant-stress ground truth
2025-03-04 18:00:00,18.0,Fruiting,19.93,80.99,0.0,23.8,No Significant Environmental Stress,0.0,Low,No Significant Environmental Stress,0.0,Low,Train,Derived prototype label - NOT observed plant-stress ground truth
2025-03-04 18:30:00,18.5,Fruiting,19.95,76.02,0.0,23.66,No Significant Environmental Stress,0.0,Low,No Significant Environmental Stress,0.0,Low,Train,Derived prototype label - NOT observed plant-stress ground truth
2025-03-04 19:00:00,19.0,Fruiting,20.0,75.76,0.0,23.43,No Significant Environmental Stress,0.0,Low,No Significant Environmental Stress,0.0,Low,Train,Derived prototype label - NOT observed plant-stress ground truth
2025-03-04 19:30:00,19.5,Fruiting,20.08,78.44,0.0,23.3,No Significant Environmental Stress,0.0,Low,No Significant Environmental Stress,6.1,Low,Train,Derived prototype label - NOT observed plant-stress ground truth
2025-03-04 20:00:00,20.0,Fruiting,20.18,78.21,0.0,23.17,No Significant Environmental Stress,6.1,Low,No Significant Environmental Stress,0.0,Low,Train,Derived prototype label - NOT observed plant-stress ground truth
2025-03-04 20:30:00,20.5,Fruiting,20.3,81.35,0.0,22.98,No Significant Environmental Stress,0.0,Low,No Significant Environmental Stress,0.0,Low,Train,Derived prototype label - NOT observed plant-stress ground truth
2025-03-04 21:00:00,21.0,Fruiting,20.43,77.82,0.0,22.84,No Significant Environmental Stress,0.0,Low,No Significant Environmental Stress,0.0,Low,Train,Derived prototype label - NOT observed plant-stress ground truth
2025-03-04 21:30:00,21.5,Fruiting,20.56,76.26,0.0,22.72,No Significant Environmental Stress,0.0,Low,No Significant Environmental Stress,2.5,Low,Train,Derived prototype label - NOT observed plant-stress ground truth
2025-03-04 22:00:00,22.0,Fruiting,20.68,78.4,0.0,22.54,No Significant Environmental Stress,2.5,Low,No Significant Environmental Stress,0.0,Low,Train,Derived prototype label - NOT observed plant-stress ground truth
2025-03-04 22:30:00,22.5,Fruiting,20.78,80.55,0.0,22.43,No Significant Environmental Stress,0.0,Low,No Significant Environmental Stress,0.0,Low,Train,Derived prototype label - NOT observed plant-stress ground truth
2025-03-04 23:00:00,23.0,Fruiting,20.86,75.88,0.0,22.32,No Significant Environmental Stress,0.0,Low,No Significant Environmental Stress,5.8,Low,Train,Derived prototype label - NOT observed plant-stress ground truth
2025-03-04 23:30:00,23.5,Fruiting,20.91,76.37,0.0,22.3,No Significant Environmental Stress,5.8,Low,No Significant Environmental Stress,2.5,Low,Train,Derived prototype label - NOT observed plant-stress ground truth
2025-03-05 00:00:00,0.0,Fruiting,22.23,81.04,0.0,22.25,No Significant Environmental Stress,2.5,Low,No Significant Environmental Stress,4.5,Low,Train,Derived prototype label - NOT observed plant-stress ground truth
2025-03-05 00:30:00,0.5,Fruiting,22.21,77.76,0.0,22.26,No Significant Environmental Stress,4.5,Low,No Significant Environmental Stress,0.9,Low,Train,Derived prototype label - NOT observed plant-stress ground truth
2025-03-05 01:00:00,1.0,Fruiting,22.16,80.83,0.0,22.23,No Significant Environmental Stress,0.9,Low,No Significant Environmental Stress,0.0,Low,Train,Derived prototype label - NOT observed plant-stress ground truth
2025-03-05 01:30:00,1.5,Fruiting,22.08,78.61,0.0,22.14,No Significant Environmental Stress,0.0,Low,No Significant Environmental Stress,0.0,Low,Train,Derived prototype label - NOT observed plant-stress ground truth
2025-03-05 02:00:00,2.0,Fruiting,21.98,76.26,0.0,22.18,No Significant Environmental Stress,0.0,Low,No Significant Environmental Stress,0.0,Low,Train,Derived prototype label - NOT observed plant-stress ground truth
2025-03-05 02:30:00,2.5,Fruiting,21.86,79.26,0.0,22.17,No Significant Environmental Stress,0.0,Low,No Significant Environmental Stress,0.0,Low,Train,Derived prototype label - NOT observed plant-stress ground truth
2025-03-05 03:00:00,3.0,Fruiting,21.73,77.76,0.0,22.19,No Significant Environmental Stress,0.0,Low,No Significant Environmental Stress,0.0,Low,Train,Derived prototype label - NOT observed plant-stress ground truth
2025-03-05 03:30:00,3.5,Fruiting,21.6,77.11,0.0,22.21,No Significant Environmental Stress,0.0,Low,No Significant Environmental Stress,0.0,Low,Train,Derived prototype label - NOT observed plant-stress ground truth
2025-03-05 04:00:00,4.0,Fruiting,21.48,79.19,0.0,22.15,No Significant Environmental Stress,0.0,Low,No Significant Environmental Stress,2.5,Low,Train,Derived prototype label - NOT observed plant-stress ground truth
2025-03-05 04:30:00,4.5,Fruiting,21.37,76.33,0.0,22.18,No Significant Environmental Stress,2.5,Low,No Significant Environmental Stress,0.0,Low,Train,Derived prototype label - NOT observed plant-stress ground truth
2025-03-05 05:00:00,5.0,Fruiting,21.3,80.55,0.0,22.14,No Significant Environmental Stress,0.0,Low,Low Light Stress,82.0,High,Train,Derived prototype label - NOT observed plant-stress ground truth
2025-03-05 05:30:00,5.5,Fruiting,21.25,74.3,0.0,22.15,Low Light Stress,82.0,High,Low Light Stress,62.7,Moderate,Train,Derived prototype label - NOT observed plant-stress ground truth
2025-03-05 06:00:00,6.0,Fruiting,21.23,78.29,0.0,22.15,Low Light Stress,62.7,Moderate,Low Light Stress,40.8,Moderate,Train,Derived prototype label - NOT observed plant-stress ground truth
2025-03-05 06:30:00,6.5,Fruiting,22.57,74.74,3536.0,22.22,Low Light Stress,40.8,Moderate,Low Light Stress,15.9,Low,Train,Derived prototype label - NOT observed plant-stress ground truth
2025-03-05 07:00:00,7.0,Fruiting,23.39,76.0,7531.0,22.26,Low Light Stress,15.9,Low,No Significant Environmental Stress,1.1,Low,Train,Derived prototype label - NOT observed plant-stress ground truth
2025-03-05 07:30:00,7.5,Fruiting,24.19,72.94,12093.0,22.34,No Significant Environmental Stress,1.1,Low,No Significant Environmental Stress,0.0,Low,Train,Derived prototype label - NOT observed plant-stress ground truth
2025-03-05 08:00:00,8.0,Fruiting,24.94,73.37,14806.0,22.41,No Significant Environmental Stress,0.0,Low,No Significant Environmental Stress,0.0,Low,Train,Derived prototype label - NOT observed plant-stress ground truth
2025-03-05 08:30:00,8.5,Fruiting,25.64,69.3,18423.0,22.56,No Significant Environmental Stress,0.0,Low,No Significant Environmental Stress,0.0,Low,Train,Derived prototype label - NOT observed plant-stress ground truth
2025-03-05 09:00:00,9.0,Fruiting,26.28,68.13,19363.0,22.73,No Significant Environmental Stress,0.0,Low,No Significant Environmental Stress,0.0,Low,Train,Derived prototype label - NOT observed plant-stress ground truth
2025-03-05 09:30:00,9.5,Fruiting,26.83,71.64,22465.0,22.92,No Significant Environmental Stress,0.0,Low,Heat Stress,16.6,Low,Train,Derived prototype label - NOT observed plant-stress ground truth
2025-03-05 10:00:00,10.0,Fruiting,27.3,70.08,26720.0,23.13,Heat Stress,16.6,Low,Combined Environmental Stress,84.6,High,Train,Derived prototype label - NOT observed plant-stress ground truth
2025-03-05 10:30:00,10.5,Fruiting,29.42,61.09,29684.0,24.72,Combined Environmental Stress,84.6,High,Heat Stress,60.0,Moderate,Train,Derived prototype label - NOT observed plant-stress ground truth
2025-03-05 11:00:00,11.0,Fruiting,33.57,44.9,34501.0,27.24,Heat Stress,60.0,Moderate,No Significant Environmental Stress,8.0,Low,Train,Derived prototype label - NOT observed plant-stress ground truth
2025-03-05 11:30:00,11.5,Fruiting,32.49,60.38,35360.0,26.63,No Significant Environmental Stress,8.0,Low,No Significant Environmental Stress,1.3,Low,Train,Derived prototype label - NOT observed plant-stress ground truth
2025-03-05 12:00:00,12.0,Fruiting,28.68,65.44,26523.0,24.45,No Significant Environmental Stress,1.3,Low,No Significant Environmental Stress,0.0,Low,Train,Derived prototype label - NOT observed plant-stress ground truth
2025-03-05 12:30:00,12.5,Fruiting,28.11,66.16,26251.0,24.17,No Significant Environmental Stress,0.0,Low,No Significant Environmental Stress,0.0,Low,Train,Derived prototype label - NOT observed plant-stress ground truth
2025-03-05 13:00:00,13.0,Fruiting,27.94,64.06,27173.0,24.42,No Significant Environmental Stress,0.0,Low,No Significant Environmental Stress,0.0,Low,Train,Derived prototype label - NOT observed plant-stress ground truth
2025-03-05 13:30:00,13.5,Fruiting,27.67,66.73,21879.0,24.57,No Significant Environmental Stress,0.0,Low,No Significant Environmental Stress,0.0,Low,Train,Derived prototype label - NOT observed plant-stress ground truth
2025-03-05 14:00:00,14.0,Fruiting,27.3,66.49,24074.0,24.64,No Significant Environmental Stress,0.0,Low,No Significant Environmental Stress,0.0,Low,Train,Derived prototype label - NOT observed plant-stress ground truth
2025-03-05 14:30:00,14.5,Fruiting,26.83,69.36,19767.0,24.74,No Significant Environmental Stress,0.0,Low,No Significant Environmental Stress,0.0,Low,Train,Derived prototype label - NOT observed plant-stress ground truth
2025-03-05 15:00:00,15.0,Fruiting,26.28,70.81,15896.0,24.77,No Significant Environmental Stress,0.0,Low,No Significant Environmental Stress,1.1,Low,Train,Derived prototype label - NOT observed plant-stress ground truth
2025-03-05 15:30:00,15.5,Fruiting,25.64,69.27,16787.0,24.75,No Significant Environmental Stress,1.1,Low,Low Light Stress,24.7,Low,Train,Derived prototype label - NOT observed plant-stress ground truth
2025-03-05 16:00:00,16.0,Fruiting,24.94,68.95,14799.0,24.7,Low Light Stress,24.7,Low,Low Light Stress,42.0,Moderate,Train,Derived prototype label - NOT observed plant-stress ground truth
2025-03-05 16:30:00,16.5,Fruiting,24.19,75.99,10490.0,24.66,Low Light Stress,42.0,Moderate,Low Light Stress,61.8,Moderate,Train,Derived prototype label - NOT observed plant-stress ground truth
2025-03-05 17:00:00,17.0,Fruiting,23.39,74.68,7309.0,24.54,Low Light Stress,61.8,Moderate,No Significant Environmental Stress,0.0,Low,Train,Derived prototype label - NOT observed plant-stress ground truth
2025-03-05 17:30:00,17.5,Fruiting,22.57,78.75,3689.0,24.36,No Significant Environmental Stress,0.0,Low,No Significant Environmental Stress,0.0,Low,Train,Derived prototype label - NOT observed plant-stress ground truth
2025-03-05 18:00:00,18.0,Fruiting,21.23,78.04,0.0,24.14,No Significant Environmental Stress,0.0,Low,No Significant Environmental Stress,0.0,Low,Train,Derived prototype label - NOT observed plant-stress ground truth
2025-03-05 18:30:00,18.5,Fruiting,21.25,76.3,0.0,23.84,No Significant Environmental Stress,0.0,Low,No Significant Environmental Stress,0.0,Low,Train,Derived prototype label - NOT observed plant-stress ground truth
2025-03-05 19:00:00,19.0,Fruiting,21.3,77.35,0.0,23.67,No Significant Environmental Stress,0.0,Low,No Significant Environmental Stress,0.0,Low,Train,Derived prototype label - NOT observed plant-stress ground truth
2025-03-05 19:30:00,19.5,Fruiting,21.37,76.38,0.0,23.54,No Significant Environmental Stress,0.0,Low,No Significant Environmental Stress,0.0,Low,Train,Derived prototype label - NOT observed plant-stress ground truth
2025-03-05 20:00:00,20.0,Fruiting,21.48,79.48,0.0,23.37,No Significant Environmental Stress,0.0,Low,No Significant Environmental Stress,0.0,Low,Train,Derived prototype label - NOT observed plant-stress ground truth
2025-03-05 20:30:00,20.5,Fruiting,21.6,74.52,0.0,23.2,No Significant Environmental Stress,0.0,Low,No Significant Environmental Stress,0.0,Low,Train,Derived prototype label - NOT observed plant-stress ground truth
2025-03-05 21:00:00,21.0,Fruiting,21.73,77.57,0.0,23.09,No Significant Environmental Stress,0.0,Low,No Significant Environmental Stress,0.0,Low,Train,Derived prototype label - NOT observed plant-stress ground truth
2025-03-05 21:30:00,21.5,Fruiting,21.86,78.19,0.0,22.94,No Significant Environmental Stress,0.0,Low,No Significant Environmental Stress,0.9,Low,Train,Derived prototype label - NOT observed plant-stress ground truth
2025-03-05 22:00:00,22.0,Fruiting,21.98,78.57,0.0,22.8,No Significant Environmental Stress,0.9,Low,No Significant Environmental Stress,1.9,Low,Train,Derived prototype label - NOT observed plant-stress ground truth
2025-03-05 22:30:00,22.5,Fruiting,22.08,77.57,0.0,22.77,No Significant Environmental Stress,1.9,Low,No Significant Environmental Stress,2.5,Low,Train,Derived prototype label - NOT observed plant-stress ground truth
2025-03-05 23:00:00,23.0,Fruiting,22.16,78.38,0.0,22.76,No Significant Environmental Stress,2.5,Low,No Significant Environmental Stress,3.4,Low,Train,Derived prototype label - NOT observed plant-stress ground truth
2025-03-05 23:30:00,23.5,Fruiting,22.21,78.84,0.0,22.63,No Significant Environmental Stress,3.4,Low,No Significant Environmental Stress,3.2,Low,Train,Derived prototype label - NOT observed plant-stress ground truth
2025-03-06 00:00:00,0.0,Fruiting,22.29,75.61,0.0,22.54,No Significant Environmental Stress,3.2,Low,No Significant Environmental Stress,2.6,Low,Train,Derived prototype label - NOT observed plant-stress ground truth
2025-03-06 00:30:00,0.5,Fruiting,22.27,78.87,0.0,22.45,No Significant Environmental Stress,2.6,Low,No Significant Environmental Stress,1.6,Low,Train,Derived prototype label - NOT observed plant-stress ground truth
2025-03-06 01:00:00,1.0,Fruiting,22.22,77.15,0.0,22.37,No Significant Environmental Stress,1.6,Low,No Significant Environmental Stress,0.5,Low,Train,Derived prototype label - NOT observed plant-stress ground truth
2025-03-06 01:30:00,1.5,Fruiting,22.14,78.62,0.0,22.35,No Significant Environmental Stress,0.5,Low,No Significant Environmental Stress,0.0,Low,Train,Derived prototype label - NOT observed plant-stress ground truth
2025-03-06 02:00:00,2.0,Fruiting,22.04,77.88,0.0,22.37,No Significant Environmental Stress,0.0,Low,No Significant Environmental Stress,0.0,Low,Train,Derived prototype label - NOT observed plant-stress ground truth
2025-03-06 02:30:00,2.5,Fruiting,21.92,76.18,0.0,22.34,No Significant Environmental Stress,0.0,Low,No Significant Environmental Stress,0.0,Low,Train,Derived prototype label - NOT observed plant-stress ground truth
2025-03-06 03:00:00,3.0,Fruiting,21.79,77.96,0.0,22.33,No Significant Environmental Stress,0.0,Low,No Significant Environmental Stress,0.0,Low,Train,Derived prototype label - NOT observed plant-stress ground truth
2025-03-06 03:30:00,3.5,Fruiting,21.66,77.99,0.0,22.28,No Significant Environmental Stress,0.0,Low,No Significant Environmental Stress,0.0,Low,Train,Derived prototype label - NOT observed plant-stress ground truth
2025-03-06 04:00:00,4.0,Fruiting,21.54,75.95,0.0,22.28,No Significant Environmental Stress,0.0,Low,No Significant Environmental Stress,0.0,Low,Train,Derived prototype label - NOT observed plant-stress ground truth
2025-03-06 04:30:00,4.5,Fruiting,21.44,76.82,0.0,22.25,No Significant Environmental Stress,0.0,Low,No Significant Environmental Stress,0.0,Low,Train,Derived prototype label - NOT observed plant-stress ground truth
2025-03-06 05:00:00,5.0,Fruiting,21.36,77.25,0.0,22.22,No Significant Environmental Stress,0.0,Low,Low Light Stress,82.0,High,Train,Derived prototype label - NOT observed plant-stress ground truth
2025-03-06 05:30:00,5.5,Fruiting,21.31,77.92,0.0,22.17,Low Light Stress,82.0,High,Low Light Stress,41.1,Moderate,Train,Derived prototype label - NOT observed plant-stress ground truth
2025-03-06 06:00:00,6.0,Fruiting,21.29,77.74,0.0,22.17,Low Light Stress,41.1,Moderate,No Significant Environmental Stress,9.8,Low,Train,Derived prototype label - NOT observed plant-stress ground truth
2025-03-06 06:30:00,6.5,Fruiting,22.52,74.22,7486.0,22.17,No Significant Environmental Stress,9.8,Low,No Significant Environmental Stress,0.0,Low,Train,Derived prototype label - NOT observed plant-stress ground truth
2025-03-06 07:00:00,7.0,Fruiting,23.25,75.34,13208.0,22.21,No Significant Environmental Stress,0.0,Low,No Significant Environmental Stress,0.0,Low,Train,Derived prototype label - NOT observed plant-stress ground truth
2025-03-06 07:30:00,7.5,Fruiting,23.94,75.3,19777.0,22.35,No Significant Environmental Stress,0.0,Low,No Significant Environmental Stress,0.0,Low,Train,Derived prototype label - NOT observed plant-stress ground truth
2025-03-06 08:00:00,8.0,Fruiting,24.6,75.68,27147.0,22.5,No Significant Environmental Stress,0.0,Low,No Significant Environmental Stress,0.0,Low,Train,Derived prototype label - NOT observed plant-stress ground truth
2025-03-06 08:30:00,8.5,Fruiting,25.21,72.24,33880.0,22.61,No Significant Environmental Stress,0.0,Low,No Significant Environmental Stress,0.0,Low,Train,Derived prototype label - NOT observed plant-stress ground truth
2025-03-06 09:00:00,9.0,Fruiting,25.77,68.03,39349.0,22.72,No Significant Environmental Stress,0.0,Low,No Significant Environmental Stress,0.0,Low,Train,Derived prototype label - NOT observed plant-stress ground truth
2025-03-06 09:30:00,9.5,Fruiting,26.25,68.22,49989.0,22.93,No Significant Environmental Stress,0.0,Low,No Significant Environmental Stress,0.0,Low,Train,Derived prototype label - NOT observed plant-stress ground truth
2025-03-06 10:00:00,10.0,Fruiting,26.66,69.87,44864.0,23.07,No Significant Environmental Stress,0.0,Low,No Significant Environmental Stress,0.0,Low,Train,Derived prototype label - NOT observed plant-stress ground truth
2025-03-06 10:30:00,10.5,Fruiting,26.99,66.56,46058.0,23.26,No Significant Environmental Stress,0.0,Low,No Significant Environmental Stress,0.0,Low,Train,Derived prototype label - NOT observed plant-stress ground truth
2025-03-06 11:00:00,11.0,Fruiting,27.22,70.77,46890.0,23.44,No Significant Environmental Stress,0.0,Low,No Significant Environmental Stress,0.0,Low,Train,Derived prototype label - NOT observed plant-stress ground truth
2025-03-06 11:30:00,11.5,Fruiting,27.37,68.13,54293.0,23.63,No Significant Environmental Stress,0.0,Low,No Significant Environmental Stress,0.0,Low,Train,Derived prototype label - NOT observed plant-stress ground truth
2025-03-06 12:00:00,12.0,Fruiting,27.42,67.61,49020.0,23.81,No Significant Environmental Stress,0.0,Low,No Significant Environmental Stress,0.0,Low,Train,Derived prototype label - NOT observed plant-stress ground truth
2025-03-06 12:30:00,12.5,Fruiting,27.37,66.96,47420.0,23.99,No Significant Environmental Stress,0.0,Low,No Significant Environmental Stress,0.0,Low,Train,Derived prototype label - NOT observed plant-stress ground truth
2025-03-06 13:00:00,13.0,Fruiting,27.22,65.6,43493.0,24.12,No Significant Environmental Stress,0.0,Low,No Significant Environmental Stress,0.0,Low,Train,Derived prototype label - NOT observed plant-stress ground truth
2025-03-06 13:30:00,13.5,Fruiting,26.99,68.32,46462.0,24.2,No Significant Environmental Stress,0.0,Low,No Significant Environmental Stress,0.0,Low,Train,Derived prototype label - NOT observed plant-stress ground truth
2025-03-06 14:00:00,14.0,Fruiting,26.66,67.34,52398.0,24.28,No Significant Environmental Stress,0.0,Low,No Significant Environmental Stress,0.0,Low,Train,Derived prototype label - NOT observed plant-stress ground truth
2025-03-06 14:30:00,14.5,Fruiting,26.25,69.77,39996.0,24.37,No Significant Environmental Stress,0.0,Low,No Significant Environmental Stress,0.0,Low,Train,Derived prototype label - NOT observed plant-stress ground truth
2025-03-06 15:00:00,15.0,Fruiting,25.77,69.79,37749.0,24.41,No Significant Environmental Stress,0.0,Low,No Significant Environmental Stress,0.0,Low,Train,Derived prototype label - NOT observed plant-stress ground truth
2025-03-06 15:30:00,15.5,Fruiting,25.21,71.2,30724.0,24.39,No Significant Environmental Stress,0.0,Low,No Significant Environmental Stress,0.0,Low,Train,Derived prototype label - NOT observed plant-stress ground truth
2025-03-06 16:00:00,16.0,Fruiting,24.6,72.91,28354.0,24.34,No Significant Environmental Stress,0.0,Low,No Significant Environmental Stress,0.0,Low,Train,Derived prototype label - NOT observed plant-stress ground truth
2025-03-06 16:30:00,16.5,Fruiting,23.94,70.63,17816.0,24.29,No Significant Environmental Stress,0.0,Low,Low Light Stress,39.2,Moderate,Train,Derived prototype label - NOT observed plant-stress ground truth
2025-03-06 17:00:00,17.0,Fruiting,23.25,78.2,16347.0,24.27,Low Light Stress,39.2,Moderate,No Significant Environmental Stress,0.0,Low,Train,Derived prototype label - NOT observed plant-stress ground truth
2025-03-06 17:30:00,17.5,Fruiting,22.52,77.78,7826.0,24.17,No Significant Environmental Stress,0.0,Low,No Significant Environmental Stress,0.0,Low,Train,Derived prototype label - NOT observed plant-stress ground truth
2025-03-06 18:00:00,18.0,Fruiting,21.29,76.15,0.0,24.03,No Significant Environmental Stress,0.0,Low,No Significant Environmental Stress,0.0,Low,Train,Derived prototype label - NOT observed plant-stress ground truth
2025-03-06 18:30:00,18.5,Fruiting,21.31,78.89,0.0,23.83,No Significant Environmental Stress,0.0,Low,No Significant Environmental Stress,0.2,Low,Train,Derived prototype label - NOT observed plant-stress ground truth
2025-03-06 19:00:00,19.0,Fruiting,21.36,76.35,0.0,23.7,No Significant Environmental Stress,0.2,Low,No Significant Environmental Stress,0.0,Low,Train,Derived prototype label - NOT observed plant-stress ground truth
2025-03-06 19:30:00,19.5,Fruiting,21.44,80.04,0.0,23.48,No Significant Environmental Stress,0.0,Low,No Significant Environmental Stress,0.0,Low,Train,Derived prototype label - NOT observed plant-stress ground truth
2025-03-06 20:00:00,20.0,Fruiting,21.54,78.52,0.0,23.29,No Significant Environmental Stress,0.0,Low,No Significant Environmental Stress,0.0,Low,Train,Derived prototype label - NOT observed plant-stress ground truth
2025-03-06 20:30:00,20.5,Fruiting,21.66,78.67,0.0,23.2,No Significant Environmental Stress,0.0,Low,No Significant Environmental Stress,0.0,Low,Train,Derived prototype label - NOT observed plant-stress ground truth
2025-03-06 21:00:00,21.0,Fruiting,21.79,79.78,0.0,23.17,No Significant Environmental Stress,0.0,Low,No Significant Environmental Stress,0.5,Low,Train,Derived prototype label - NOT observed plant-stress ground truth
2025-03-06 21:30:00,21.5,Fruiting,21.92,78.93,0.0,23.14,No Significant Environmental Stress,0.5,Low,No Significant Environmental Stress,1.6,Low,Train,Derived prototype label - NOT observed plant-stress ground truth
2025-03-06 22:00:00,22.0,Fruiting,22.04,76.63,0.0,23.01,No Significant Environmental Stress,1.6,Low,No Significant Environmental Stress,2.6,Low,Train,Derived prototype label - NOT observed plant-stress ground truth
2025-03-06 22:30:00,22.5,Fruiting,22.14,79.21,0.0,22.88,No Significant Environmental Stress,2.6,Low,No Significant Environmental Stress,3.2,Low,Train,Derived prototype label - NOT observed plant-stress ground truth
2025-03-06 23:00:00,23.0,Fruiting,22.22,76.34,0.0,22.78,No Significant Environmental Stress,3.2,Low,No Significant Environmental Stress,10.8,Low,Train,Derived prototype label - NOT observed plant-stress ground truth
2025-03-06 23:30:00,23.5,Fruiting,22.27,77.8,0.0,22.77,No Significant Environmental Stress,10.8,Low,No Significant Environmental Stress,4.1,Low,Train,Derived prototype label - NOT observed plant-stress ground truth
2025-03-07 00:00:00,0.0,Fruiting,20.72,82.36,0.0,22.69,No Significant Environmental Stress,4.1,Low,No Significant Environmental Stress,8.7,Low,Train,Derived prototype label - NOT observed plant-stress ground truth
2025-03-07 00:30:00,0.5,Fruiting,20.7,80.89,0.0,22.53,No Significant Environmental Stress,8.7,Low,No Significant Environmental Stress,0.0,Low,Train,Derived prototype label - NOT observed plant-stress ground truth
2025-03-07 01:00:00,1.0,Fruiting,20.65,81.9,0.0,22.41,No Significant Environmental Stress,0.0,Low,No Significant Environmental Stress,0.0,Low,Train,Derived prototype label - NOT observed plant-stress ground truth
2025-03-07 01:30:00,1.5,Fruiting,20.57,77.61,0.0,22.34,No Significant Environmental Stress,0.0,Low,No Significant Environmental Stress,3.0,Low,Train,Derived prototype label - NOT observed plant-stress ground truth
2025-03-07 02:00:00,2.0,Fruiting,20.47,79.26,0.0,22.22,No Significant Environmental Stress,3.0,Low,No Significant Environmental Stress,0.0,Low,Train,Derived prototype label - NOT observed plant-stress ground truth
2025-03-07 02:30:00,2.5,Fruiting,20.35,80.66,0.0,22.2,No Significant Environmental Stress,0.0,Low,No Significant Environmental Stress,0.0,Low,Train,Derived prototype label - NOT observed plant-stress ground truth
2025-03-07 03:00:00,3.0,Fruiting,20.22,78.28,0.0,22.09,No Significant Environmental Stress,0.0,Low,No Significant Environmental Stress,0.0,Low,Train,Derived prototype label - NOT observed plant-stress ground truth
2025-03-07 03:30:00,3.5,Fruiting,20.09,78.72,0.0,22.07,No Significant Environmental Stress,0.0,Low,No Significant Environmental Stress,0.0,Low,Train,Derived prototype label - NOT observed plant-stress ground truth
2025-03-07 04:00:00,4.0,Fruiting,19.97,79.01,0.0,21.94,No Significant Environmental Stress,0.0,Low,No Significant Environmental Stress,0.0,Low,Train,Derived prototype label - NOT observed plant-stress ground truth
2025-03-07 04:30:00,4.5,Fruiting,19.86,77.85,0.0,21.85,No Significant Environmental Stress,0.0,Low,No Significant Environmental Stress,0.0,Low,Train,Derived prototype label - NOT observed plant-stress ground truth
2025-03-07 05:00:00,5.0,Fruiting,19.78,79.2,0.0,21.79,No Significant Environmental Stress,0.0,Low,Low Light Stress,87.9,High,Train,Derived prototype label - NOT observed plant-stress ground truth
2025-03-07 05:30:00,5.5,Fruiting,19.73,78.8,0.0,21.7,Low Light Stress,87.9,High,Low Light Stress,59.5,Moderate,Train,Derived prototype label - NOT observed plant-stress ground truth
2025-03-07 06:00:00,6.0,Fruiting,19.72,78.49,0.0,21.68,Low Light Stress,59.5,Moderate,Low Light Stress,34.9,Low,Train,Derived prototype label - NOT observed plant-stress ground truth
2025-03-07 06:30:00,6.5,Fruiting,21.01,79.93,4118.0,21.68,Low Light Stress,34.9,Low,No Significant Environmental Stress,0.6,Low,Train,Derived prototype label - NOT observed plant-stress ground truth
2025-03-07 07:00:00,7.0,Fruiting,21.8,78.68,8613.0,21.79,No Significant Environmental Stress,0.6,Low,No Significant Environmental Stress,0.0,Low,Train,Derived prototype label - NOT observed plant-stress ground truth
2025-03-07 07:30:00,7.5,Fruiting,22.55,76.48,14899.0,21.8,No Significant Environmental Stress,0.0,Low,No Significant Environmental Stress,0.0,Low,Train,Derived prototype label - NOT observed plant-stress ground truth
2025-03-07 08:00:00,8.0,Fruiting,23.27,78.41,16155.0,21.86,No Significant Environmental Stress,0.0,Low,No Significant Environmental Stress,0.0,Low,Train,Derived prototype label - NOT observed plant-stress ground truth
2025-03-07 08:30:00,8.5,Fruiting,23.94,70.49,21524.0,22.02,No Significant Environmental Stress,0.0,Low,No Significant Environmental Stress,0.0,Low,Train,Derived prototype label - NOT observed plant-stress ground truth
2025-03-07 09:00:00,9.0,Fruiting,24.54,73.66,27872.0,22.12,No Significant Environmental Stress,0.0,Low,No Significant Environmental Stress,0.0,Low,Train,Derived prototype label - NOT observed plant-stress ground truth
2025-03-07 09:30:00,9.5,Fruiting,25.06,71.82,25222.0,22.33,No Significant Environmental Stress,0.0,Low,No Significant Environmental Stress,0.0,Low,Train,Derived prototype label - NOT observed plant-stress ground truth
2025-03-07 10:00:00,10.0,Fruiting,25.51,70.75,29703.0,22.53,No Significant Environmental Stress,0.0,Low,No Significant Environmental Stress,0.0,Low,Train,Derived prototype label - NOT observed plant-stress ground truth
2025-03-07 10:30:00,10.5,Fruiting,25.86,69.99,36763.0,22.71,No Significant Environmental Stress,0.0,Low,No Significant Environmental Stress,0.0,Low,Train,Derived prototype label - NOT observed plant-stress ground truth
2025-03-07 11:00:00,11.0,Fruiting,26.12,69.21,30573.0,22.92,No Significant Environmental Stress,0.0,Low,No Significant Environmental Stress,0.0,Low,Train,Derived prototype label - NOT observed plant-stress ground truth
2025-03-07 11:30:00,11.5,Fruiting,26.28,68.71,35406.0,23.1,No Significant Environmental Stress,0.0,Low,No Significant Environmental Stress,0.0,Low,Train,Derived prototype label - NOT observed plant-stress ground truth
2025-03-07 12:00:00,12.0,Fruiting,26.33,72.86,30943.0,23.31,No Significant Environmental Stress,0.0,Low,No Significant Environmental Stress,0.0,Low,Train,Derived prototype label - NOT observed plant-stress ground truth
2025-03-07 12:30:00,12.5,Fruiting,26.28,66.13,32014.0,23.59,No Significant Environmental Stress,0.0,Low,No Significant Environmental Stress,0.0,Low,Train,Derived prototype label - NOT observed plant-stress ground truth
2025-03-07 13:00:00,13.0,Fruiting,26.12,69.37,33225.0,23.71,No Significant Environmental Stress,0.0,Low,No Significant Environmental Stress,0.0,Low,Train,Derived prototype label - NOT observed plant-stress ground truth
2025-03-07 13:30:00,13.5,Fruiting,25.86,71.48,34432.0,23.81,No Significant Environmental Stress,0.0,Low,No Significant Environmental Stress,0.0,Low,Train,Derived prototype label - NOT observed plant-stress ground truth
2025-03-07 14:00:00,14.0,Fruiting,25.51,70.19,27908.0,23.95,No Significant Environmental Stress,0.0,Low,No Significant Environmental Stress,0.0,Low,Train,Derived prototype label - NOT observed plant-stress ground truth
2025-03-07 14:30:00,14.5,Fruiting,25.06,70.59,26820.0,24.06,No Significant Environmental Stress,0.0,Low,No Significant Environmental Stress,0.0,Low,Train,Derived prototype label - NOT observed plant-stress ground truth
2025-03-07 15:00:00,15.0,Fruiting,24.54,74.11,26391.0,24.05,No Significant Environmental Stress,0.0,Low,No Significant Environmental Stress,0.0,Low,Train,Derived prototype label - NOT observed plant-stress ground truth
2025-03-07 15:30:00,15.5,Fruiting,23.94,75.46,21423.0,24.05,No Significant Environmental Stress,0.0,Low,Low Light Stress,18.1,Low,Train,Derived prototype label - NOT observed plant-stress ground truth
2025-03-07 16:00:00,16.0,Fruiting,23.27,72.8,16456.0,24.0,Low Light Stress,18.1,Low,Low Light Stress,34.8,Low,Train,Derived prototype label - NOT observed plant-stress ground truth
2025-03-07 16:30:00,16.5,Fruiting,22.55,77.03,11694.0,23.99,Low Light Stress,34.8,Low,Low Light Stress,58.4,Moderate,Train,Derived prototype label - NOT observed plant-stress ground truth
2025-03-07 17:00:00,17.0,Fruiting,21.8,77.37,8642.0,23.84,Low Light Stress,58.4,Moderate,No Significant Environmental Stress,0.0,Low,Train,Derived prototype label - NOT observed plant-stress ground truth
2025-03-07 17:30:00,17.5,Fruiting,21.01,76.75,4310.0,23.71,No Significant Environmental Stress,0.0,Low,No Significant Environmental Stress,0.0,Low,Train,Derived prototype label - NOT observed plant-stress ground truth
2025-03-07 18:00:00,18.0,Fruiting,19.72,77.31,0.0,23.46,No Significant Environmental Stress,0.0,Low,No Significant Environmental Stress,4.9,Low,Train,Derived prototype label - NOT observed plant-stress ground truth
2025-03-07 18:30:00,18.5,Fruiting,19.73,77.83,0.0,23.26,No Significant Environmental Stress,4.9,Low,High Humidity Stress,33.0,Low,Train,Derived prototype label - NOT observed plant-stress ground truth
2025-03-07 19:00:00,19.0,Fruiting,19.78,81.07,0.0,23.15,High Humidity Stress,33.0,Low,High Humidity Stress,53.0,Moderate,Train,Derived prototype label - NOT observed plant-stress ground truth
2025-03-07 19:30:00,19.5,Fruiting,19.86,87.25,0.0,22.93,High Humidity Stress,53.0,Moderate,High Humidity Stress,50.1,Moderate,Train,Derived prototype label - NOT observed plant-stress ground truth
2025-03-07 20:00:00,20.0,Fruiting,19.97,91.63,0.0,22.82,High Humidity Stress,50.1,Moderate,High Humidity Stress,17.9,Low,Train,Derived prototype label - NOT observed plant-stress ground truth
2025-03-07 20:30:00,20.5,Fruiting,20.09,90.99,0.0,22.65,High Humidity Stress,17.9,Low,No Significant Environmental Stress,0.0,Low,Train,Derived prototype label - NOT observed plant-stress ground truth
2025-03-07 21:00:00,21.0,Fruiting,20.22,83.94,0.0,22.52,No Significant Environmental Stress,0.0,Low,No Significant Environmental Stress,0.0,Low,Train,Derived prototype label - NOT observed plant-stress ground truth
2025-03-07 21:30:00,21.5,Fruiting,20.35,79.98,0.0,22.37,No Significant Environmental Stress,0.0,Low,No Significant Environmental Stress,0.0,Low,Train,Derived prototype label - NOT observed plant-stress ground truth
2025-03-07 22:00:00,22.0,Fruiting,20.47,78.24,0.0,22.24,No Significant Environmental Stress,0.0,Low,No Significant Environmental Stress,0.0,Low,Train,Derived prototype label - NOT observed plant-stress ground truth
2025-03-07 22:30:00,22.5,Fruiting,20.57,79.93,0.0,22.2,No Significant Environmental Stress,0.0,Low,No Significant Environmental Stress,0.0,Low,Train,Derived prototype label - NOT observed plant-stress ground truth
2025-03-07 23:00:00,23.0,Fruiting,20.65,79.19,0.0,22.17,No Significant Environmental Stress,0.0,Low,No Significant Environmental Stress,0.0,Low,Train,Derived prototype label - NOT observed plant-stress ground truth
2025-03-07 23:30:00,23.5,Fruiting,20.7,75.52,0.0,22.09,No Significant Environmental Stress,0.0,Low,No Significant Environmental Stress,0.0,Low,Train,Derived prototype label - NOT observed plant-stress ground truth
2025-03-08 00:00:00,0.0,Fruiting,19.85,74.25,0.0,21.98,No Significant Environmental Stress,0.0,Low,No Significant Environmental Stress,0.0,Low,Train,Derived prototype label - NOT observed plant-stress ground truth
2025-03-08 00:30:00,0.5,Fruiting,19.84,75.38,0.0,21.9,No Significant Environmental Stress,0.0,Low,No Significant Environmental Stress,0.0,Low,Train,Derived prototype label - NOT observed plant-stress ground truth
2025-03-08 01:00:00,1.0,Fruiting,19.79,72.11,0.0,21.88,No Significant Environmental Stress,0.0,Low,No Significant Environmental Stress,0.0,Low,Train,Derived prototype label - NOT observed plant-stress ground truth
2025-03-08 01:30:00,1.5,Fruiting,19.71,77.01,0.0,21.8,No Significant Environmental Stress,0.0,Low,No Significant Environmental Stress,0.0,Low,Train,Derived prototype label - NOT observed plant-stress ground truth
2025-03-08 02:00:00,2.0,Fruiting,19.6,76.6,0.0,21.83,No Significant Environmental Stress,0.0,Low,No Significant Environmental Stress,0.0,Low,Train,Derived prototype label - NOT observed plant-stress ground truth
2025-03-08 02:30:00,2.5,Fruiting,19.48,72.51,0.0,21.8,No Significant Environmental Stress,0.0,Low,No Significant Environmental Stress,0.0,Low,Train,Derived prototype label - NOT observed plant-stress ground truth
2025-03-08 03:00:00,3.0,Fruiting,19.35,76.52,0.0,21.76,No Significant Environmental Stress,0.0,Low,Cold Stress,15.7,Low,Train,Derived prototype label - NOT observed plant-stress ground truth
2025-03-08 03:30:00,3.5,Fruiting,18.65,75.05,0.0,21.68,Cold Stress,15.7,Low,Cold Stress,36.0,Moderate,Train,Derived prototype label - NOT observed plant-stress ground truth
2025-03-08 04:00:00,4.0,Fruiting,16.66,78.49,0.0,21.6,Cold Stress,36.0,Moderate,Cold Stress,39.7,Moderate,Train,Derived prototype label - NOT observed plant-stress ground truth
2025-03-08 04:30:00,4.5,Fruiting,14.93,74.87,0.0,21.48,Cold Stress,39.7,Moderate,Cold Stress,19.7,Low,Train,Derived prototype label - NOT observed plant-stress ground truth
2025-03-08 05:00:00,5.0,Fruiting,14.61,77.44,0.0,21.44,Cold Stress,19.7,Low,Combined Environmental Stress,95.3,High,Train,Derived prototype label - NOT observed plant-stress ground truth
2025-03-08 05:30:00,5.5,Fruiting,16.32,76.01,0.0,21.45,Combined Environmental Stress,95.3,High,Low Light Stress,53.2,Moderate,Train,Derived prototype label - NOT observed plant-stress ground truth
2025-03-08 06:00:00,6.0,Fruiting,18.1,77.46,0.0,21.41,Low Light Stress,53.2,Moderate,Low Light Stress,26.0,Low,Train,Derived prototype label - NOT observed plant-stress ground truth
2025-03-08 06:30:00,6.5,Fruiting,20.37,77.06,5787.0,21.45,Low Light Stress,26.0,Low,No Significant Environmental Stress,0.0,Low,Train,Derived prototype label - NOT observed plant-stress ground truth
2025-03-08 07:00:00,7.0,Fruiting,21.37,72.6,10245.0,21.55,No Significant Environmental Stress,0.0,Low,No Significant Environmental Stress,0.0,Low,Train,Derived prototype label - NOT observed plant-stress ground truth
2025-03-08 07:30:00,7.5,Fruiting,22.34,74.0,16382.0,21.6,No Significant Environmental Stress,0.0,Low,No Significant Environmental Stress,0.0,Low,Train,Derived prototype label - NOT observed plant-stress ground truth
2025-03-08 08:00:00,8.0,Fruiting,23.25,70.61,22968.0,21.69,No Significant Environmental Stress,0.0,Low,No Significant Environmental Stress,0.0,Low,Train,Derived prototype label - NOT observed plant-stress ground truth
2025-03-08 08:30:00,8.5,Fruiting,24.1,72.31,25764.0,21.79,No Significant Environmental Stress,0.0,Low,No Significant Environmental Stress,0.0,Low,Train,Derived prototype label - NOT observed plant-stress ground truth
2025-03-08 09:00:00,9.0,Fruiting,24.87,68.49,29373.0,21.93,No Significant Environmental Stress,0.0,Low,No Significant Environmental Stress,0.0,Low,Train,Derived prototype label - NOT observed plant-stress ground truth
2025-03-08 09:30:00,9.5,Fruiting,25.54,70.46,34243.0,22.16,No Significant Environmental Stress,0.0,Low,No Significant Environmental Stress,0.0,Low,Train,Derived prototype label - NOT observed plant-stress ground truth
2025-03-08 10:00:00,10.0,Fruiting,26.11,64.77,38884.0,22.42,No Significant Environmental Stress,0.0,Low,No Significant Environmental Stress,0.0,Low,Train,Derived prototype label - NOT observed plant-stress ground truth
2025-03-08 10:30:00,10.5,Fruiting,26.56,68.4,38324.0,22.6,No Significant Environmental Stress,0.0,Low,No Significant Environmental Stress,0.0,Low,Train,Derived prototype label - NOT observed plant-stress ground truth
2025-03-08 11:00:00,11.0,Fruiting,26.88,64.77,45458.0,22.9,No Significant Environmental Stress,0.0,Low,No Significant Environmental Stress,0.0,Low,Train,Derived prototype label - NOT observed plant-stress ground truth
2025-03-08 11:30:00,11.5,Fruiting,27.08,64.36,45162.0,23.14,No Significant Environmental Stress,0.0,Low,No Significant Environmental Stress,0.0,Low,Train,Derived prototype label - NOT observed plant-stress ground truth
2025-03-08 12:00:00,12.0,Fruiting,27.15,66.79,40968.0,23.31,No Significant Environmental Stress,0.0,Low,No Significant Environmental Stress,0.0,Low,Train,Derived prototype label - NOT observed plant-stress ground truth
2025-03-08 12:30:00,12.5,Fruiting,27.08,62.12,41690.0,23.46,No Significant Environmental Stress,0.0,Low,No Significant Environmental Stress,0.0,Low,Train,Derived prototype label - NOT observed plant-stress ground truth
2025-03-08 13:00:00,13.0,Fruiting,26.88,67.26,45220.0,23.65,No Significant Environmental Stress,0.0,Low,No Significant Environmental Stress,0.0,Low,Train,Derived prototype label - NOT observed plant-stress ground truth
2025-03-08 13:30:00,13.5,Fruiting,26.56,66.78,48643.0,23.83,No Significant Environmental Stress,0.0,Low,No Significant Environmental Stress,0.0,Low,Train,Derived prototype label - NOT observed plant-stress ground truth
2025-03-08 14:00:00,14.0,Fruiting,26.11,67.72,34933.0,23.99,No Significant Environmental Stress,0.0,Low,No Significant Environmental Stress,0.0,Low,Train,Derived prototype label - NOT observed plant-stress ground truth
2025-03-08 14:30:00,14.5,Fruiting,25.54,65.88,36384.0,24.08,No Significant Environmental Stress,0.0,Low,No Significant Environmental Stress,0.0,Low,Train,Derived prototype label - NOT observed plant-stress ground truth
2025-03-08 15:00:00,15.0,Fruiting,24.87,70.57,30235.0,24.11,No Significant Environmental Stress,0.0,Low,No Significant Environmental Stress,0.0,Low,Train,Derived prototype label - NOT observed plant-stress ground truth
2025-03-08 15:30:00,15.5,Fruiting,24.1,68.73,29411.0,24.08,No Significant Environmental Stress,0.0,Low,No Significant Environmental Stress,0.0,Low,Train,Derived prototype label - NOT observed plant-stress ground truth
2025-03-08 16:00:00,16.0,Fruiting,23.25,73.08,20370.0,24.05,No Significant Environmental Stress,0.0,Low,Low Light Stress,21.7,Low,Train,Derived prototype label - NOT observed plant-stress ground truth
2025-03-08 16:30:00,16.5,Fruiting,22.34,74.12,16887.0,23.95,Low Light Stress,21.7,Low,Low Light Stress,51.6,Moderate,Train,Derived prototype label - NOT observed plant-stress ground truth
2025-03-08 17:00:00,17.0,Fruiting,21.37,74.78,11038.0,23.84,Low Light Stress,51.6,Moderate,No Significant Environmental Stress,0.0,Low,Train,Derived prototype label - NOT observed plant-stress ground truth
2025-03-08 17:30:00,17.5,Fruiting,20.37,74.75,6090.0,23.75,No Significant Environmental Stress,0.0,Low,No Significant Environmental Stress,0.0,Low,Train,Derived prototype label - NOT observed plant-stress ground truth
2025-03-08 18:00:00,18.0,Fruiting,18.85,74.08,0.0,23.51,No Significant Environmental Stress,0.0,Low,No Significant Environmental Stress,0.0,Low,Train,Derived prototype label - NOT observed plant-stress ground truth
2025-03-08 18:30:00,18.5,Fruiting,18.87,78.31,0.0,23.29,No Significant Environmental Stress,0.0,Low,No Significant Environmental Stress,0.0,Low,Train,Derived prototype label - NOT observed plant-stress ground truth
2025-03-08 19:00:00,19.0,Fruiting,18.92,74.32,0.0,23.12,No Significant Environmental Stress,0.0,Low,No Significant Environmental Stress,0.0,Low,Train,Derived prototype label - NOT observed plant-stress ground truth
2025-03-08 19:30:00,19.5,Fruiting,19.0,76.52,0.0,22.95,No Significant Environmental Stress,0.0,Low,No Significant Environmental Stress,0.0,Low,Train,Derived prototype label - NOT observed plant-stress ground truth
2025-03-08 20:00:00,20.0,Fruiting,19.1,73.84,0.0,22.73,No Significant Environmental Stress,0.0,Low,No Significant Environmental Stress,0.0,Low,Train,Derived prototype label - NOT observed plant-stress ground truth
2025-03-08 20:30:00,20.5,Fruiting,19.22,76.91,0.0,22.52,No Significant Environmental Stress,0.0,Low,No Significant Environmental Stress,0.0,Low,Train,Derived prototype label - NOT observed plant-stress ground truth
2025-03-08 21:00:00,21.0,Fruiting,19.35,76.18,0.0,22.37,No Significant Environmental Stress,0.0,Low,No Significant Environmental Stress,0.0,Low,Train,Derived prototype label - NOT observed plant-stress ground truth
2025-03-08 21:30:00,21.5,Fruiting,19.48,75.51,0.0,22.3,No Significant Environmental Stress,0.0,Low,No Significant Environmental Stress,0.0,Low,Train,Derived prototype label - NOT observed plant-stress ground truth
2025-03-08 22:00:00,22.0,Fruiting,19.6,76.75,0.0,22.21,No Significant Environmental Stress,0.0,Low,No Significant Environmental Stress,0.0,Low,Train,Derived prototype label - NOT observed plant-stress ground truth
2025-03-08 22:30:00,22.5,Fruiting,19.71,74.8,0.0,22.06,No Significant Environmental Stress,0.0,Low,No Significant Environmental Stress,0.0,Low,Train,Derived prototype label - NOT observed plant-stress ground truth
2025-03-08 23:00:00,23.0,Fruiting,19.79,73.3,0.0,22.04,No Significant Environmental Stress,0.0,Low,No Significant Environmental Stress,0.0,Low,Train,Derived prototype label - NOT observed plant-stress ground truth
2025-03-08 23:30:00,23.5,Fruiting,19.84,74.44,0.0,21.95,No Significant Environmental Stress,0.0,Low,No Significant Environmental Stress,7.6,Low,Train,Derived prototype label - NOT observed plant-stress ground truth
2025-03-09 00:00:00,0.0,Fruiting,20.45,79.31,0.0,21.93,No Significant Environmental Stress,7.6,Low,No Significant Environmental Stress,4.8,Low,Train,Derived prototype label - NOT observed plant-stress ground truth
2025-03-09 00:30:00,0.5,Fruiting,20.44,81.66,0.0,21.93,No Significant Environmental Stress,4.8,Low,No Significant Environmental Stress,5.2,Low,Train,Derived prototype label - NOT observed plant-stress ground truth
2025-03-09 01:00:00,1.0,Fruiting,20.39,81.06,0.0,21.96,No Significant Environmental Stress,5.2,Low,No Significant Environmental Stress,4.0,Low,Train,Derived prototype label - NOT observed plant-stress ground truth
2025-03-09 01:30:00,1.5,Fruiting,20.31,81.15,0.0,21.97,No Significant Environmental Stress,4.0,Low,No Significant Environmental Stress,0.0,Low,Train,Derived prototype label - NOT observed plant-stress ground truth
2025-03-09 02:00:00,2.0,Fruiting,20.2,80.88,0.0,21.92,No Significant Environmental Stress,0.0,Low,No Significant Environmental Stress,5.1,Low,Train,Derived prototype label - NOT observed plant-stress ground truth
2025-03-09 02:30:00,2.5,Fruiting,20.08,79.39,0.0,21.9,No Significant Environmental Stress,5.1,Low,Root-Zone Cold Stress,27.7,Low,Train,Derived prototype label - NOT observed plant-stress ground truth
2025-03-09 03:00:00,3.0,Fruiting,19.95,81.12,0.0,21.67,Root-Zone Cold Stress,27.7,Low,Root-Zone Cold Stress,26.5,Low,Train,Derived prototype label - NOT observed plant-stress ground truth
2025-03-09 03:30:00,3.5,Fruiting,19.82,80.94,0.0,17.78,Root-Zone Cold Stress,26.5,Low,No Significant Environmental Stress,11.8,Low,Train,Derived prototype label - NOT observed plant-stress ground truth
2025-03-09 04:00:00,4.0,Fruiting,19.7,79.65,0.0,17.74,No Significant Environmental Stress,11.8,Low,No Significant Environmental Stress,4.9,Low,Train,Derived prototype label - NOT observed plant-stress ground truth
2025-03-09 04:30:00,4.5,Fruiting,19.6,82.6,0.0,21.52,No Significant Environmental Stress,4.9,Low,No Significant Environmental Stress,9.2,Low,Train,Derived prototype label - NOT observed plant-stress ground truth
2025-03-09 05:00:00,5.0,Fruiting,19.52,81.07,0.0,21.71,No Significant Environmental Stress,9.2,Low,Low Light Stress,89.1,High,Train,Derived prototype label - NOT observed plant-stress ground truth
2025-03-09 05:30:00,5.5,Fruiting,19.47,82.02,0.0,21.54,Low Light Stress,89.1,High,Low Light Stress,56.2,Moderate,Train,Derived prototype label - NOT observed plant-stress ground truth
2025-03-09 06:00:00,6.0,Fruiting,19.45,82.71,0.0,21.56,Low Light Stress,56.2,Moderate,Low Light Stress,40.1,Moderate,Train,Derived prototype label - NOT observed plant-stress ground truth
2025-03-09 06:30:00,6.5,Fruiting,20.87,80.02,4832.0,21.53,Low Light Stress,40.1,Moderate,Low Light Stress,19.1,Low,Train,Derived prototype label - NOT observed plant-stress ground truth
2025-03-09 07:00:00,7.0,Fruiting,21.77,79.27,7669.0,21.54,Low Light Stress,19.1,Low,No Significant Environmental Stress,0.0,Low,Train,Derived prototype label - NOT observed plant-stress ground truth
2025-03-09 07:30:00,7.5,Fruiting,22.64,76.63,11504.0,21.59,No Significant Environmental Stress,0.0,Low,No Significant Environmental Stress,0.0,Low,Train,Derived prototype label - NOT observed plant-stress ground truth
2025-03-09 08:00:00,8.0,Fruiting,23.46,76.72,16158.0,21.74,No Significant Environmental Stress,0.0,Low,No Significant Environmental Stress,0.0,Low,Train,Derived prototype label - NOT observed plant-stress ground truth
2025-03-09 08:30:00,8.5,Fruiting,24.23,75.53,18432.0,21.89,No Significant Environmental Stress,0.0,Low,No Significant Environmental Stress,0.0,Low,Train,Derived prototype label - NOT observed plant-stress ground truth
2025-03-09 09:00:00,9.0,Fruiting,24.92,75.53,23886.0,22.02,No Significant Environmental Stress,0.0,Low,No Significant Environmental Stress,11.8,Low,Train,Derived prototype label - NOT observed plant-stress ground truth
2025-03-09 09:30:00,9.5,Fruiting,25.52,75.5,27909.0,22.19,No Significant Environmental Stress,11.8,Low,High Humidity Stress,24.9,Low,Train,Derived prototype label - NOT observed plant-stress ground truth
2025-03-09 10:00:00,10.0,Fruiting,26.03,82.58,28228.0,22.43,High Humidity Stress,24.9,Low,No Significant Environmental Stress,0.0,Low,Train,Derived prototype label - NOT observed plant-stress ground truth
2025-03-09 10:30:00,10.5,Fruiting,26.44,85.47,26124.0,22.62,No Significant Environmental Stress,0.0,Low,No Significant Environmental Stress,0.0,Low,Train,Derived prototype label - NOT observed plant-stress ground truth
2025-03-09 11:00:00,11.0,Fruiting,26.73,78.0,31365.0,22.91,No Significant Environmental Stress,0.0,Low,No Significant Environmental Stress,0.0,Low,Train,Derived prototype label - NOT observed plant-stress ground truth
2025-03-09 11:30:00,11.5,Fruiting,26.91,73.81,31601.0,23.15,No Significant Environmental Stress,0.0,Low,No Significant Environmental Stress,0.0,Low,Train,Derived prototype label - NOT observed plant-stress ground truth
2025-03-09 12:00:00,12.0,Fruiting,26.97,72.0,29157.0,23.35,No Significant Environmental Stress,0.0,Low,No Significant Environmental Stress,0.0,Low,Train,Derived prototype label - NOT observed plant-stress ground truth
2025-03-09 12:30:00,12.5,Fruiting,26.91,71.52,33471.0,23.59,No Significant Environmental Stress,0.0,Low,No Significant Environmental Stress,0.0,Low,Train,Derived prototype label - NOT observed plant-stress ground truth
2025-03-09 13:00:00,13.0,Fruiting,26.73,74.06,30059.0,23.78,No Significant Environmental Stress,0.0,Low,No Significant Environmental Stress,0.0,Low,Train,Derived prototype label - NOT observed plant-stress ground truth
2025-03-09 13:30:00,13.5,Fruiting,26.44,74.92,28629.0,23.87,No Significant Environmental Stress,0.0,Low,No Significant Environmental Stress,0.0,Low,Train,Derived prototype label - NOT observed plant-stress ground truth
2025-03-09 14:00:00,14.0,Fruiting,26.03,69.21,28697.0,23.89,No Significant Environmental Stress,0.0,Low,No Significant Environmental Stress,0.0,Low,Train,Derived prototype label - NOT observed plant-stress ground truth
2025-03-09 14:30:00,14.5,Fruiting,25.52,71.7,26782.0,24.02,No Significant Environmental Stress,0.0,Low,No Significant Environmental Stress,0.0,Low,Train,Derived prototype label - NOT observed plant-stress ground truth
2025-03-09 15:00:00,15.0,Fruiting,24.92,75.29,22210.0,24.04,No Significant Environmental Stress,0.0,Low,No Significant Environmental Stress,0.0,Low,Train,Derived prototype label - NOT observed plant-stress ground truth
2025-03-09 15:30:00,15.5,Fruiting,24.23,79.2,21516.0,24.01,No Significant Environmental Stress,0.0,Low,Low Light Stress,19.7,Low,Train,Derived prototype label - NOT observed plant-stress ground truth
2025-03-09 16:00:00,16.0,Fruiting,23.46,77.4,16560.0,24.06,Low Light Stress,19.7,Low,Low Light Stress,40.3,Moderate,Train,Derived prototype label - NOT observed plant-stress ground truth
2025-03-09 16:30:00,16.5,Fruiting,22.64,81.19,11789.0,24.04,Low Light Stress,40.3,Moderate,Low Light Stress,63.3,Moderate,Train,Derived prototype label - NOT observed plant-stress ground truth
2025-03-09 17:00:00,17.0,Fruiting,21.77,78.55,7624.0,23.91,Low Light Stress,63.3,Moderate,High Humidity Stress,14.1,Low,Train,Derived prototype label - NOT observed plant-stress ground truth
2025-03-09 17:30:00,17.5,Fruiting,20.87,82.35,4191.0,23.81,High Humidity Stress,14.1,Low,No Significant Environmental Stress,1.4,Low,Train,Derived prototype label - NOT observed plant-stress ground truth
2025-03-09 18:00:00,18.0,Fruiting,19.45,83.1,0.0,23.61,No Significant Environmental Stress,1.4,Low,No Significant Environmental Stress,0.0,Low,Train,Derived prototype label - NOT observed plant-stress ground truth
2025-03-09 18:30:00,18.5,Fruiting,19.47,80.31,0.0,23.44,No Significant Environmental Stress,0.0,Low,No Significant Environmental Stress,0.3,Low,Train,Derived prototype label - NOT observed plant-stress ground truth
2025-03-09 19:00:00,19.0,Fruiting,19.52,79.4,0.0,23.32,No Significant Environmental Stress,0.3,Low,No Significant Environmental Stress,6.5,Low,Train,Derived prototype label - NOT observed plant-stress ground truth
2025-03-09 19:30:00,19.5,Fruiting,19.6,80.06,0.0,23.11,No Significant Environmental Stress,6.5,Low,No Significant Environmental Stress,5.3,Low,Train,Derived prototype label - NOT observed plant-stress ground truth
2025-03-09 20:00:00,20.0,Fruiting,19.7,81.42,0.0,22.93,No Significant Environmental Stress,5.3,Low,No Significant Environmental Stress,0.0,Low,Train,Derived prototype label - NOT observed plant-stress ground truth
2025-03-09 20:30:00,20.5,Fruiting,19.82,81.17,0.0,22.75,No Significant Environmental Stress,0.0,Low,No Significant Environmental Stress,5.3,Low,Train,Derived prototype label - NOT observed plant-stress ground truth
2025-03-09 21:00:00,21.0,Fruiting,19.95,79.57,0.0,22.61,No Significant Environmental Stress,5.3,Low,No Significant Environmental Stress,9.2,Low,Train,Derived prototype label - NOT observed plant-stress ground truth
2025-03-09 21:30:00,21.5,Fruiting,20.08,81.17,0.0,22.49,No Significant Environmental Stress,9.2,Low,No Significant Environmental Stress,3.5,Low,Train,Derived prototype label - NOT observed plant-stress ground truth
2025-03-09 22:00:00,22.0,Fruiting,20.2,82.03,0.0,22.35,No Significant Environmental Stress,3.5,Low,No Significant Environmental Stress,1.5,Low,Train,Derived prototype label - NOT observed plant-stress ground truth
2025-03-09 22:30:00,22.5,Fruiting,20.31,80.76,0.0,22.28,No Significant Environmental Stress,1.5,Low,No Significant Environmental Stress,7.3,Low,Train,Derived prototype label - NOT observed plant-stress ground truth
2025-03-09 23:00:00,23.0,Fruiting,20.39,80.34,0.0,22.2,No Significant Environmental Stress,7.3,Low,No Significant Environmental Stress,1.8,Low,Train,Derived prototype label - NOT observed plant-stress ground truth
2025-03-09 23:30:00,23.5,Fruiting,20.44,81.61,0.0,22.12,No Significant Environmental Stress,1.8,Low,No Significant Environmental Stress,1.5,Low,Train,Derived prototype label - NOT observed plant-stress ground truth
2025-03-10 00:00:00,0.0,Fruiting,22.15,78.9,0.0,22.06,No Significant Environmental Stress,1.5,Low,No Significant Environmental Stress,0.9,Low,Train,Derived prototype label - NOT observed plant-stress ground truth
2025-03-10 00:30:00,0.5,Fruiting,22.13,78.05,0.0,22.05,No Significant Environmental Stress,0.9,Low,No Significant Environmental Stress,0.0,Low,Train,Derived prototype label - NOT observed plant-stress ground truth
2025-03-10 01:00:00,1.0,Fruiting,22.08,77.92,0.0,22.11,No Significant Environmental Stress,0.0,Low,No Significant Environmental Stress,0.0,Low,Train,Derived prototype label - NOT observed plant-stress ground truth
2025-03-10 01:30:00,1.5,Fruiting,22.0,75.94,0.0,22.1,No Significant Environmental Stress,0.0,Low,No Significant Environmental Stress,0.0,Low,Train,Derived prototype label - NOT observed plant-stress ground truth
2025-03-10 02:00:00,2.0,Fruiting,21.9,76.61,0.0,22.05,No Significant Environmental Stress,0.0,Low,No Significant Environmental Stress,3.7,Low,Train,Derived prototype label - NOT observed plant-stress ground truth
2025-03-10 02:30:00,2.5,Fruiting,21.77,77.79,0.0,22.02,No Significant Environmental Stress,3.7,Low,No Significant Environmental Stress,0.0,Low,Train,Derived prototype label - NOT observed plant-stress ground truth
2025-03-10 03:00:00,3.0,Fruiting,21.65,80.81,0.0,22.06,No Significant Environmental Stress,0.0,Low,No Significant Environmental Stress,0.0,Low,Train,Derived prototype label - NOT observed plant-stress ground truth
2025-03-10 03:30:00,3.5,Fruiting,21.52,78.53,0.0,22.0,No Significant Environmental Stress,0.0,Low,No Significant Environmental Stress,0.0,Low,Train,Derived prototype label - NOT observed plant-stress ground truth
2025-03-10 04:00:00,4.0,Fruiting,21.4,78.73,0.0,22.0,No Significant Environmental Stress,0.0,Low,No Significant Environmental Stress,0.0,Low,Train,Derived prototype label - NOT observed plant-stress ground truth
2025-03-10 04:30:00,4.5,Fruiting,21.29,77.32,0.0,21.99,No Significant Environmental Stress,0.0,Low,No Significant Environmental Stress,0.0,Low,Train,Derived prototype label - NOT observed plant-stress ground truth
2025-03-10 05:00:00,5.0,Fruiting,21.21,79.25,0.0,22.03,No Significant Environmental Stress,0.0,Low,Low Light Stress,82.0,High,Train,Derived prototype label - NOT observed plant-stress ground truth
2025-03-10 05:30:00,5.5,Fruiting,21.16,79.89,0.0,22.04,Low Light Stress,82.0,High,Low Light Stress,56.8,Moderate,Train,Derived prototype label - NOT observed plant-stress ground truth
2025-03-10 06:00:00,6.0,Fruiting,21.15,77.72,0.0,22.05,Low Light Stress,56.8,Moderate,Low Light Stress,27.2,Low,Train,Derived prototype label - NOT observed plant-stress ground truth
2025-03-10 06:30:00,6.5,Fruiting,22.61,75.15,4604.0,22.14,Low Light Stress,27.2,Low,No Significant Environmental Stress,0.0,Low,Train,Derived prototype label - NOT observed plant-stress ground truth
2025-03-10 07:00:00,7.0,Fruiting,23.55,80.34,10143.0,22.18,No Significant Environmental Stress,0.0,Low,No Significant Environmental Stress,0.0,Low,Train,Derived prototype label - NOT observed plant-stress ground truth
2025-03-10 07:30:00,7.5,Fruiting,24.47,72.8,18253.0,22.29,No Significant Environmental Stress,0.0,Low,No Significant Environmental Stress,0.0,Low,Train,Derived prototype label - NOT observed plant-stress ground truth
2025-03-10 08:00:00,8.0,Fruiting,25.33,70.23,21034.0,22.35,No Significant Environmental Stress,0.0,Low,No Significant Environmental Stress,0.0,Low,Train,Derived prototype label - NOT observed plant-stress ground truth
2025-03-10 08:30:00,8.5,Fruiting,26.13,68.89,22401.0,22.52,No Significant Environmental Stress,0.0,Low,No Significant Environmental Stress,0.0,Low,Train,Derived prototype label - NOT observed plant-stress ground truth
2025-03-10 09:00:00,9.0,Fruiting,26.86,68.39,25647.0,22.79,No Significant Environmental Stress,0.0,Low,No Significant Environmental Stress,0.4,Low,Train,Derived prototype label - NOT observed plant-stress ground truth
2025-03-10 09:30:00,9.5,Fruiting,27.49,70.96,27957.0,23.06,No Significant Environmental Stress,0.4,Low,No Significant Environmental Stress,5.4,Low,Train,Derived prototype label - NOT observed plant-stress ground truth
2025-03-10 10:00:00,10.0,Fruiting,28.03,67.01,31959.0,23.22,No Significant Environmental Stress,5.4,Low,No Significant Environmental Stress,9.0,Low,Train,Derived prototype label - NOT observed plant-stress ground truth
2025-03-10 10:30:00,10.5,Fruiting,28.46,63.01,35890.0,23.45,No Significant Environmental Stress,9.0,Low,No Significant Environmental Stress,11.1,Low,Train,Derived prototype label - NOT observed plant-stress ground truth
2025-03-10 11:00:00,11.0,Fruiting,28.77,67.18,31243.0,23.69,No Significant Environmental Stress,11.1,Low,No Significant Environmental Stress,11.9,Low,Train,Derived prototype label - NOT observed plant-stress ground truth
2025-03-10 11:30:00,11.5,Fruiting,28.95,66.98,29500.0,23.91,No Significant Environmental Stress,11.9,Low,No Significant Environmental Stress,11.1,Low,Train,Derived prototype label - NOT observed plant-stress ground truth
2025-03-10 12:00:00,12.0,Fruiting,29.02,66.13,39437.0,24.14,No Significant Environmental Stress,11.1,Low,No Significant Environmental Stress,9.0,Low,Train,Derived prototype label - NOT observed plant-stress ground truth
2025-03-10 12:30:00,12.5,Fruiting,28.95,68.41,33691.0,24.27,No Significant Environmental Stress,9.0,Low,No Significant Environmental Stress,5.4,Low,Train,Derived prototype label - NOT observed plant-stress ground truth
2025-03-10 13:00:00,13.0,Fruiting,28.77,69.6,38463.0,24.45,No Significant Environmental Stress,5.4,Low,No Significant Environmental Stress,0.4,Low,Train,Derived prototype label - NOT observed plant-stress ground truth
2025-03-10 13:30:00,13.5,Fruiting,28.46,67.25,37641.0,24.55,No Significant Environmental Stress,0.4,Low,No Significant Environmental Stress,0.0,Low,Train,Derived prototype label - NOT observed plant-stress ground truth
2025-03-10 14:00:00,14.0,Fruiting,28.03,67.8,37175.0,24.7,No Significant Environmental Stress,0.0,Low,No Significant Environmental Stress,0.0,Low,Train,Derived prototype label - NOT observed plant-stress ground truth
2025-03-10 14:30:00,14.5,Fruiting,27.49,67.67,33372.0,24.74,No Significant Environmental Stress,0.0,Low,No Significant Environmental Stress,0.0,Low,Train,Derived prototype label - NOT observed plant-stress ground truth
2025-03-10 15:00:00,15.0,Fruiting,26.86,67.89,23721.0,24.84,No Significant Environmental Stress,0.0,Low,No Significant Environmental Stress,0.0,Low,Train,Derived prototype label - NOT observed plant-stress ground truth
2025-03-10 15:30:00,15.5,Fruiting,26.13,73.17,21790.0,24.9,No Significant Environmental Stress,0.0,Low,No Significant Environmental Stress,2.9,Low,Train,Derived prototype label - NOT observed plant-stress ground truth
2025-03-10 16:00:00,16.0,Fruiting,25.33,68.89,19202.0,24.89,No Significant Environmental Stress,2.9,Low,Low Light Stress,27.7,Low,Train,Derived prototype label - NOT observed plant-stress ground truth
2025-03-10 16:30:00,16.5,Fruiting,24.47,72.11,14461.0,24.75,Low Light Stress,27.7,Low,Low Light Stress,54.9,Moderate,Train,Derived prototype label - NOT observed plant-stress ground truth
2025-03-10 17:00:00,17.0,Fruiting,23.55,73.33,9938.0,24.59,Low Light Stress,54.9,Moderate,No Significant Environmental Stress,0.0,Low,Train,Derived prototype label - NOT observed plant-stress ground truth
2025-03-10 17:30:00,17.5,Fruiting,22.61,76.9,4958.0,24.43,No Significant Environmental Stress,0.0,Low,No Significant Environmental Stress,0.0,Low,Train,Derived prototype label - NOT observed plant-stress ground truth
2025-03-10 18:00:00,18.0,Fruiting,21.15,78.63,0.0,24.26,No Significant Environmental Stress,0.0,Low,No Significant Environmental Stress,0.0,Low,Train,Derived prototype label - NOT observed plant-stress ground truth
2025-03-10 18:30:00,18.5,Fruiting,21.16,75.24,0.0,24.12,No Significant Environmental Stress,0.0,Low,No Significant Environmental Stress,0.0,Low,Train,Derived prototype label - NOT observed plant-stress ground truth
2025-03-10 19:00:00,19.0,Fruiting,21.21,77.53,0.0,23.89,No Significant Environmental Stress,0.0,Low,No Significant Environmental Stress,0.0,Low,Train,Derived prototype label - NOT observed plant-stress ground truth
2025-03-10 19:30:00,19.5,Fruiting,21.29,76.91,0.0,23.65,No Significant Environmental Stress,0.0,Low,No Significant Environmental Stress,6.5,Low,Train,Derived prototype label - NOT observed plant-stress ground truth
2025-03-10 20:00:00,20.0,Fruiting,21.4,77.88,0.0,23.49,No Significant Environmental Stress,6.5,Low,No Significant Environmental Stress,0.0,Low,Train,Derived prototype label - NOT observed plant-stress ground truth
2025-03-10 20:30:00,20.5,Fruiting,21.52,81.42,0.0,23.33,No Significant Environmental Stress,0.0,Low,No Significant Environmental Stress,0.0,Low,Train,Derived prototype label - NOT observed plant-stress ground truth
2025-03-10 21:00:00,21.0,Fruiting,21.65,76.66,0.0,23.18,No Significant Environmental Stress,0.0,Low,No Significant Environmental Stress,0.0,Low,Train,Derived prototype label - NOT observed plant-stress ground truth
2025-03-10 21:30:00,21.5,Fruiting,21.77,79.54,0.0,22.93,No Significant Environmental Stress,0.0,Low,No Significant Environmental Stress,0.0,Low,Train,Derived prototype label - NOT observed plant-stress ground truth
2025-03-10 22:00:00,22.0,Fruiting,21.9,77.05,0.0,22.84,No Significant Environmental Stress,0.0,Low,No Significant Environmental Stress,0.9,Low,Train,Derived prototype label - NOT observed plant-stress ground truth
2025-03-10 22:30:00,22.5,Fruiting,22.0,77.28,0.0,22.75,No Significant Environmental Stress,0.9,Low,No Significant Environmental Stress,1.5,Low,Train,Derived prototype label - NOT observed plant-stress ground truth
2025-03-10 23:00:00,23.0,Fruiting,22.08,76.34,0.0,22.71,No Significant Environmental Stress,1.5,Low,No Significant Environmental Stress,0.0,Low,Train,Derived prototype label - NOT observed plant-stress ground truth
2025-03-10 23:30:00,23.5,Fruiting,22.13,79.59,0.0,22.68,No Significant Environmental Stress,0.0,Low,No Significant Environmental Stress,0.0,Low,Train,Derived prototype label - NOT observed plant-stress ground truth
2025-03-11 00:00:00,0.0,Fruiting,19.97,75.78,0.0,22.5,No Significant Environmental Stress,0.0,Low,No Significant Environmental Stress,0.0,Low,Train,Derived prototype label - NOT observed plant-stress ground truth
2025-03-11 00:30:00,0.5,Fruiting,19.95,74.97,0.0,22.39,No Significant Environmental Stress,0.0,Low,No Significant Environmental Stress,0.0,Low,Train,Derived prototype label - NOT observed plant-stress ground truth
2025-03-11 01:00:00,1.0,Fruiting,19.9,74.96,0.0,22.27,No Significant Environmental Stress,0.0,Low,No Significant Environmental Stress,0.0,Low,Train,Derived prototype label - NOT observed plant-stress ground truth
2025-03-11 01:30:00,1.5,Fruiting,19.83,73.71,0.0,22.16,No Significant Environmental Stress,0.0,Low,No Significant Environmental Stress,0.0,Low,Train,Derived prototype label - NOT observed plant-stress ground truth
2025-03-11 02:00:00,2.0,Fruiting,19.72,75.4,0.0,22.0,No Significant Environmental Stress,0.0,Low,No Significant Environmental Stress,0.0,Low,Train,Derived prototype label - NOT observed plant-stress ground truth
2025-03-11 02:30:00,2.5,Fruiting,19.6,74.46,0.0,21.95,No Significant Environmental Stress,0.0,Low,No Significant Environmental Stress,0.0,Low,Train,Derived prototype label - NOT observed plant-stress ground truth
2025-03-11 03:00:00,3.0,Fruiting,19.47,78.06,0.0,21.92,No Significant Environmental Stress,0.0,Low,No Significant Environmental Stress,0.0,Low,Train,Derived prototype label - NOT observed plant-stress ground truth
2025-03-11 03:30:00,3.5,Fruiting,19.34,73.64,0.0,21.83,No Significant Environmental Stress,0.0,Low,No Significant Environmental Stress,0.0,Low,Train,Derived prototype label - NOT observed plant-stress ground truth
2025-03-11 04:00:00,4.0,Fruiting,19.22,73.16,0.0,21.74,No Significant Environmental Stress,0.0,Low,No Significant Environmental Stress,0.0,Low,Train,Derived prototype label - NOT observed plant-stress ground truth
2025-03-11 04:30:00,4.5,Fruiting,19.12,73.27,0.0,21.69,No Significant Environmental Stress,0.0,Low,No Significant Environmental Stress,0.0,Low,Train,Derived prototype label - NOT observed plant-stress ground truth
2025-03-11 05:00:00,5.0,Fruiting,19.04,76.4,0.0,21.52,No Significant Environmental Stress,0.0,Low,Low Light Stress,91.3,High,Train,Derived prototype label - NOT observed plant-stress ground truth
2025-03-11 05:30:00,5.5,Fruiting,18.99,76.9,0.0,21.45,Low Light Stress,91.3,High,Low Light Stress,62.2,Moderate,Train,Derived prototype label - NOT observed plant-stress ground truth
2025-03-11 06:00:00,6.0,Fruiting,18.97,75.33,0.0,21.43,Low Light Stress,62.2,Moderate,Low Light Stress,36.3,Moderate,Train,Derived prototype label - NOT observed plant-stress ground truth
2025-03-11 06:30:00,6.5,Fruiting,20.62,73.52,3946.0,21.42,Low Light Stress,36.3,Moderate,Low Light Stress,19.9,Low,Train,Derived prototype label - NOT observed plant-stress ground truth
2025-03-11 07:00:00,7.0,Fruiting,21.74,76.46,8358.0,21.53,Low Light Stress,19.9,Low,No Significant Environmental Stress,0.0,Low,Train,Derived prototype label - NOT observed plant-stress ground truth
2025-03-11 07:30:00,7.5,Fruiting,22.83,70.93,11362.0,21.76,No Significant Environmental Stress,0.0,Low,No Significant Environmental Stress,0.0,Low,Train,Derived prototype label - NOT observed plant-stress ground truth
2025-03-11 08:00:00,8.0,Fruiting,23.86,71.75,15402.0,21.81,No Significant Environmental Stress,0.0,Low,No Significant Environmental Stress,0.0,Low,Train,Derived prototype label - NOT observed plant-stress ground truth
2025-03-11 08:30:00,8.5,Fruiting,24.81,68.61,17697.0,21.98,No Significant Environmental Stress,0.0,Low,No Significant Environmental Stress,0.0,Low,Train,Derived prototype label - NOT observed plant-stress ground truth
2025-03-11 09:00:00,9.0,Fruiting,25.68,67.29,19966.0,22.15,No Significant Environmental Stress,0.0,Low,No Significant Environmental Stress,0.0,Low,Train,Derived prototype label - NOT observed plant-stress ground truth
2025-03-11 09:30:00,9.5,Fruiting,26.43,67.17,20507.0,22.34,No Significant Environmental Stress,0.0,Low,No Significant Environmental Stress,0.0,Low,Train,Derived prototype label - NOT observed plant-stress ground truth
2025-03-11 10:00:00,10.0,Fruiting,27.07,66.13,22644.0,22.6,No Significant Environmental Stress,0.0,Low,No Significant Environmental Stress,0.0,Low,Train,Derived prototype label - NOT observed plant-stress ground truth
2025-03-11 10:30:00,10.5,Fruiting,27.58,63.77,30192.0,22.89,No Significant Environmental Stress,0.0,Low,No Significant Environmental Stress,2.0,Low,Train,Derived prototype label - NOT observed plant-stress ground truth
2025-03-11 11:00:00,11.0,Fruiting,27.95,68.77,28782.0,23.17,No Significant Environmental Stress,2.0,Low,No Significant Environmental Stress,6.2,Low,Train,Derived prototype label - NOT observed plant-stress ground truth
2025-03-11 11:30:00,11.5,Fruiting,28.17,76.73,32608.0,23.41,No Significant Environmental Stress,6.2,Low,No Significant Environmental Stress,2.0,Low,Train,Derived prototype label - NOT observed plant-stress ground truth
2025-03-11 12:00:00,12.0,Fruiting,28.25,81.1,32212.0,23.62,No Significant Environmental Stress,2.0,Low,No Significant Environmental Stress,0.0,Low,Train,Derived prototype label - NOT observed plant-stress ground truth
2025-03-11 12:30:00,12.5,Fruiting,28.17,74.63,27638.0,23.85,No Significant Environmental Stress,0.0,Low,No Significant Environmental Stress,0.0,Low,Train,Derived prototype label - NOT observed plant-stress ground truth
2025-03-11 13:00:00,13.0,Fruiting,27.95,72.73,31791.0,24.03,No Significant Environmental Stress,0.0,Low,Low Humidity Stress,14.9,Low,Train,Derived prototype label - NOT observed plant-stress ground truth
2025-03-11 13:30:00,13.5,Fruiting,27.58,68.34,28666.0,24.15,Low Humidity Stress,14.9,Low,Low Humidity Stress,36.2,Moderate,Train,Derived prototype label - NOT observed plant-stress ground truth
2025-03-11 14:00:00,14.0,Fruiting,27.07,55.47,30723.0,24.33,Low Humidity Stress,36.2,Moderate,Low Humidity Stress,18.3,Low,Train,Derived prototype label - NOT observed plant-stress ground truth
2025-03-11 14:30:00,14.5,Fruiting,26.43,48.96,23174.0,24.4,Low Humidity Stress,18.3,Low,No Significant Environmental Stress,0.0,Low,Train,Derived prototype label - NOT observed plant-stress ground truth
2025-03-11 15:00:00,15.0,Fruiting,25.68,54.42,21978.0,24.42,No Significant Environmental Stress,0.0,Low,No Significant Environmental Stress,3.0,Low,Train,Derived prototype label - NOT observed plant-stress ground truth
2025-03-11 15:30:00,15.5,Fruiting,24.81,60.89,18555.0,24.44,No Significant Environmental Stress,3.0,Low,Low Light Stress,23.6,Low,Train,Derived prototype label - NOT observed plant-stress ground truth
2025-03-11 16:00:00,16.0,Fruiting,23.86,71.09,14456.0,24.36,Low Light Stress,23.6,Low,Low Light Stress,40.5,Moderate,Train,Derived prototype label - NOT observed plant-stress ground truth
2025-03-11 16:30:00,16.5,Fruiting,22.83,72.14,10687.0,24.24,Low Light Stress,40.5,Moderate,Low Light Stress,63.5,Moderate,Train,Derived prototype label - NOT observed plant-stress ground truth
2025-03-11 17:00:00,17.0,Fruiting,21.74,74.32,7594.0,24.06,Low Light Stress,63.5,Moderate,No Significant Environmental Stress,0.0,Low,Train,Derived prototype label - NOT observed plant-stress ground truth
2025-03-11 17:30:00,17.5,Fruiting,20.62,74.11,3695.0,23.92,No Significant Environmental Stress,0.0,Low,No Significant Environmental Stress,0.0,Low,Train,Derived prototype label - NOT observed plant-stress ground truth
2025-03-11 18:00:00,18.0,Fruiting,18.97,73.73,0.0,23.67,No Significant Environmental Stress,0.0,Low,No Significant Environmental Stress,0.0,Low,Train,Derived prototype label - NOT observed plant-stress ground truth
2025-03-11 18:30:00,18.5,Fruiting,18.99,73.63,0.0,23.41,No Significant Environmental Stress,0.0,Low,No Significant Environmental Stress,0.0,Low,Train,Derived prototype label - NOT observed plant-stress ground truth
2025-03-11 19:00:00,19.0,Fruiting,19.04,71.08,0.0,23.2,No Significant Environmental Stress,0.0,Low,No Significant Environmental Stress,0.0,Low,Train,Derived prototype label - NOT observed plant-stress ground truth
2025-03-11 19:30:00,19.5,Fruiting,19.12,73.18,0.0,23.0,No Significant Environmental Stress,0.0,Low,No Significant Environmental Stress,0.0,Low,Train,Derived prototype label - NOT observed plant-stress ground truth
2025-03-11 20:00:00,20.0,Fruiting,19.22,74.67,0.0,22.85,No Significant Environmental Stress,0.0,Low,No Significant Environmental Stress,0.0,Low,Train,Derived prototype label - NOT observed plant-stress ground truth
2025-03-11 20:30:00,20.5,Fruiting,19.34,74.52,0.0,22.66,No Significant Environmental Stress,0.0,Low,No Significant Environmental Stress,0.0,Low,Train,Derived prototype label - NOT observed plant-stress ground truth
2025-03-11 21:00:00,21.0,Fruiting,19.47,77.74,0.0,22.49,No Significant Environmental Stress,0.0,Low,No Significant Environmental Stress,0.0,Low,Train,Derived prototype label - NOT observed plant-stress ground truth
2025-03-11 21:30:00,21.5,Fruiting,19.6,75.8,0.0,22.31,No Significant Environmental Stress,0.0,Low,No Significant Environmental Stress,0.0,Low,Train,Derived prototype label - NOT observed plant-stress ground truth
2025-03-11 22:00:00,22.0,Fruiting,19.72,78.73,0.0,22.22,No Significant Environmental Stress,0.0,Low,No Significant Environmental Stress,0.0,Low,Train,Derived prototype label - NOT observed plant-stress ground truth
2025-03-11 22:30:00,22.5,Fruiting,19.83,75.88,0.0,22.12,No Significant Environmental Stress,0.0,Low,No Significant Environmental Stress,0.0,Low,Train,Derived prototype label - NOT observed plant-stress ground truth
2025-03-11 23:00:00,23.0,Fruiting,19.9,72.0,0.0,22.02,No Significant Environmental Stress,0.0,Low,No Significant Environmental Stress,0.0,Low,Train,Derived prototype label - NOT observed plant-stress ground truth
2025-03-11 23:30:00,23.5,Fruiting,19.95,74.09,0.0,21.98,No Significant Environmental Stress,0.0,Low,No Significant Environmental Stress,0.0,Low,Train,Derived prototype label - NOT observed plant-stress ground truth
2025-03-12 00:00:00,0.0,Fruiting,20.45,75.24,0.0,21.9,No Significant Environmental Stress,0.0,Low,No Significant Environmental Stress,0.0,Low,Train,Derived prototype label - NOT observed plant-stress ground truth
2025-03-12 00:30:00,0.5,Fruiting,20.44,78.07,0.0,21.82,No Significant Environmental Stress,0.0,Low,No Significant Environmental Stress,0.0,Low,Train,Derived prototype label - NOT observed plant-stress ground truth
2025-03-12 01:00:00,1.0,Fruiting,20.39,75.07,0.0,21.76,No Significant Environmental Stress,0.0,Low,No Significant Environmental Stress,0.0,Low,Train,Derived prototype label - NOT observed plant-stress ground truth
2025-03-12 01:30:00,1.5,Fruiting,20.31,76.62,0.0,21.76,No Significant Environmental Stress,0.0,Low,No Significant Environmental Stress,0.0,Low,Train,Derived prototype label - NOT observed plant-stress ground truth
2025-03-12 02:00:00,2.0,Fruiting,20.2,75.92,0.0,21.71,No Significant Environmental Stress,0.0,Low,No Significant Environmental Stress,0.0,Low,Train,Derived prototype label - NOT observed plant-stress ground truth
2025-03-12 02:30:00,2.5,Fruiting,20.08,78.38,0.0,21.65,No Significant Environmental Stress,0.0,Low,No Significant Environmental Stress,0.0,Low,Train,Derived prototype label - NOT observed plant-stress ground truth
2025-03-12 03:00:00,3.0,Fruiting,19.95,75.77,0.0,21.65,No Significant Environmental Stress,0.0,Low,No Significant Environmental Stress,0.0,Low,Train,Derived prototype label - NOT observed plant-stress ground truth
2025-03-12 03:30:00,3.5,Fruiting,19.82,77.41,0.0,21.67,No Significant Environmental Stress,0.0,Low,No Significant Environmental Stress,0.0,Low,Train,Derived prototype label - NOT observed plant-stress ground truth
2025-03-12 04:00:00,4.0,Fruiting,19.7,78.17,0.0,21.67,No Significant Environmental Stress,0.0,Low,No Significant Environmental Stress,0.0,Low,Train,Derived prototype label - NOT observed plant-stress ground truth
2025-03-12 04:30:00,4.5,Fruiting,19.6,79.31,0.0,21.63,No Significant Environmental Stress,0.0,Low,No Significant Environmental Stress,0.0,Low,Train,Derived prototype label - NOT observed plant-stress ground truth
2025-03-12 05:00:00,5.0,Fruiting,19.52,77.63,0.0,21.57,No Significant Environmental Stress,0.0,Low,Low Light Stress,89.1,High,Train,Derived prototype label - NOT observed plant-stress ground truth
2025-03-12 05:30:00,5.5,Fruiting,19.47,74.89,0.0,21.51,Low Light Stress,89.1,High,Low Light Stress,49.4,Moderate,Train,Derived prototype label - NOT observed plant-stress ground truth
2025-03-12 06:00:00,6.0,Fruiting,19.45,76.92,0.0,21.59,Low Light Stress,49.4,Moderate,Low Light Stress,21.7,Low,Train,Derived prototype label - NOT observed plant-stress ground truth
2025-03-12 06:30:00,6.5,Fruiting,21.05,73.53,5971.0,21.61,Low Light Stress,21.7,Low,No Significant Environmental Stress,0.0,Low,Train,Derived prototype label - NOT observed plant-stress ground truth
2025-03-12 07:00:00,7.0,Fruiting,22.13,78.17,11035.0,21.65,No Significant Environmental Stress,0.0,Low,No Significant Environmental Stress,0.0,Low,Train,Derived prototype label - NOT observed plant-stress ground truth
2025-03-12 07:30:00,7.5,Fruiting,23.18,74.36,18444.0,21.77,No Significant Environmental Stress,0.0,Low,No Significant Environmental Stress,0.0,Low,Train,Derived prototype label - NOT observed plant-stress ground truth
2025-03-12 08:00:00,8.0,Fruiting,24.17,66.82,19478.0,21.88,No Significant Environmental Stress,0.0,Low,No Significant Environmental Stress,0.0,Low,Train,Derived prototype label - NOT observed plant-stress ground truth
2025-03-12 08:30:00,8.5,Fruiting,25.08,72.88,25996.0,22.05,No Significant Environmental Stress,0.0,Low,No Significant Environmental Stress,0.0,Low,Train,Derived prototype label - NOT observed plant-stress ground truth
2025-03-12 09:00:00,9.0,Fruiting,25.91,71.85,30061.0,22.29,No Significant Environmental Stress,0.0,Low,No Significant Environmental Stress,0.0,Low,Train,Derived prototype label - NOT observed plant-stress ground truth
2025-03-12 09:30:00,9.5,Fruiting,26.64,67.45,35900.0,22.46,No Significant Environmental Stress,0.0,Low,No Significant Environmental Stress,0.0,Low,Train,Derived prototype label - NOT observed plant-stress ground truth
2025-03-12 10:00:00,10.0,Fruiting,27.25,68.16,35921.0,22.73,No Significant Environmental Stress,0.0,Low,No Significant Environmental Stress,1.1,Low,Train,Derived prototype label - NOT observed plant-stress ground truth
2025-03-12 10:30:00,10.5,Fruiting,27.74,65.0,45785.0,22.98,No Significant Environmental Stress,1.1,Low,No Significant Environmental Stress,3.6,Low,Train,Derived prototype label - NOT observed plant-stress ground truth
2025-03-12 11:00:00,11.0,Fruiting,28.09,68.21,43821.0,23.26,No Significant Environmental Stress,3.6,Low,No Significant Environmental Stress,4.5,Low,Train,Derived prototype label - NOT observed plant-stress ground truth
2025-03-12 11:30:00,11.5,Fruiting,28.31,63.94,43476.0,23.46,No Significant Environmental Stress,4.5,Low,No Significant Environmental Stress,3.6,Low,Train,Derived prototype label - NOT observed plant-stress ground truth
2025-03-12 12:00:00,12.0,Fruiting,28.38,63.24,46789.0,23.72,No Significant Environmental Stress,3.6,Low,No Significant Environmental Stress,8.6,Low,Train,Derived prototype label - NOT observed plant-stress ground truth
2025-03-12 12:30:00,12.5,Fruiting,28.31,65.22,41835.0,23.97,No Significant Environmental Stress,8.6,Low,Low Humidity Stress,17.6,Low,Train,Derived prototype label - NOT observed plant-stress ground truth
2025-03-12 13:00:00,13.0,Fruiting,28.09,57.49,42516.0,24.15,Low Humidity Stress,17.6,Low,Low Humidity Stress,36.0,Moderate,Train,Derived prototype label - NOT observed plant-stress ground truth
2025-03-12 13:30:00,13.5,Fruiting,27.74,54.64,45002.0,24.3,Low Humidity Stress,36.0,Moderate,Low Humidity Stress,13.1,Low,Train,Derived prototype label - NOT observed plant-stress ground truth
2025-03-12 14:00:00,14.0,Fruiting,27.25,49.01,39972.0,24.44,Low Humidity Stress,13.1,Low,No Significant Environmental Stress,0.0,Low,Train,Derived prototype label - NOT observed plant-stress ground truth
2025-03-12 14:30:00,14.5,Fruiting,26.64,56.0,36931.0,24.45,No Significant Environmental Stress,0.0,Low,No Significant Environmental Stress,0.0,Low,Train,Derived prototype label - NOT observed plant-stress ground truth
2025-03-12 15:00:00,15.0,Fruiting,25.91,64.99,29224.0,24.5,No Significant Environmental Stress,0.0,Low,No Significant Environmental Stress,0.0,Low,Train,Derived prototype label - NOT observed plant-stress ground truth
2025-03-12 15:30:00,15.5,Fruiting,25.08,73.14,35052.0,24.52,No Significant Environmental Stress,0.0,Low,No Significant Environmental Stress,0.0,Low,Train,Derived prototype label - NOT observed plant-stress ground truth
2025-03-12 16:00:00,16.0,Fruiting,24.17,77.07,22844.0,24.5,No Significant Environmental Stress,0.0,Low,Low Light Stress,15.6,Low,Train,Derived prototype label - NOT observed plant-stress ground truth
2025-03-12 16:30:00,16.5,Fruiting,23.18,76.02,17785.0,24.46,Low Light Stress,15.6,Low,Low Light Stress,51.5,Moderate,Train,Derived prototype label - NOT observed plant-stress ground truth
2025-03-12 17:00:00,17.0,Fruiting,22.13,72.24,12155.0,24.38,Low Light Stress,51.5,Moderate,No Significant Environmental Stress,0.0,Low,Train,Derived prototype label - NOT observed plant-stress ground truth
2025-03-12 17:30:00,17.5,Fruiting,21.05,77.88,5574.0,24.16,No Significant Environmental Stress,0.0,Low,No Significant Environmental Stress,0.0,Low,Train,Derived prototype label - NOT observed plant-stress ground truth
2025-03-12 18:00:00,18.0,Fruiting,19.45,78.47,0.0,23.88,No Significant Environmental Stress,0.0,Low,No Significant Environmental Stress,0.0,Low,Train,Derived prototype label - NOT observed plant-stress ground truth
2025-03-12 18:30:00,18.5,Fruiting,19.47,74.15,0.0,23.62,No Significant Environmental Stress,0.0,Low,No Significant Environmental Stress,0.0,Low,Train,Derived prototype label - NOT observed plant-stress ground truth
2025-03-12 19:00:00,19.0,Fruiting,19.52,78.94,0.0,23.45,No Significant Environmental Stress,0.0,Low,No Significant Environmental Stress,0.0,Low,Train,Derived prototype label - NOT observed plant-stress ground truth
2025-03-12 19:30:00,19.5,Fruiting,19.6,77.15,0.0,23.2,No Significant Environmental Stress,0.0,Low,No Significant Environmental Stress,0.0,Low,Train,Derived prototype label - NOT observed plant-stress ground truth
2025-03-12 20:00:00,20.0,Fruiting,19.7,73.69,0.0,22.98,No Significant Environmental Stress,0.0,Low,No Significant Environmental Stress,0.0,Low,Train,Derived prototype label - NOT observed plant-stress ground truth
2025-03-12 20:30:00,20.5,Fruiting,19.82,77.81,0.0,22.8,No Significant Environmental Stress,0.0,Low,No Significant Environmental Stress,0.0,Low,Train,Derived prototype label - NOT observed plant-stress ground truth
2025-03-12 21:00:00,21.0,Fruiting,19.95,76.76,0.0,22.63,No Significant Environmental Stress,0.0,Low,No Significant Environmental Stress,0.0,Low,Train,Derived prototype label - NOT observed plant-stress ground truth
2025-03-12 21:30:00,21.5,Fruiting,20.08,79.15,0.0,22.57,No Significant Environmental Stress,0.0,Low,No Significant Environmental Stress,0.0,Low,Train,Derived prototype label - NOT observed plant-stress ground truth
2025-03-12 22:00:00,22.0,Fruiting,20.2,76.55,0.0,22.45,No Significant Environmental Stress,0.0,Low,No Significant Environmental Stress,0.0,Low,Train,Derived prototype label - NOT observed plant-stress ground truth
2025-03-12 22:30:00,22.5,Fruiting,20.31,76.83,0.0,22.27,No Significant Environmental Stress,0.0,Low,No Significant Environmental Stress,0.0,Low,Train,Derived prototype label - NOT observed plant-stress ground truth
2025-03-12 23:00:00,23.0,Fruiting,20.39,78.73,0.0,22.22,No Significant Environmental Stress,0.0,Low,No Significant Environmental Stress,1.6,Low,Train,Derived prototype label - NOT observed plant-stress ground truth
2025-03-12 23:30:00,23.5,Fruiting,20.44,77.13,0.0,22.14,No Significant Environmental Stress,1.6,Low,No Significant Environmental Stress,1.4,Low,Train,Derived prototype label - NOT observed plant-stress ground truth
2025-03-13 00:00:00,0.0,Fruiting,22.14,76.92,0.0,22.11,No Significant Environmental Stress,1.4,Low,No Significant Environmental Stress,0.8,Low,Train,Derived prototype label - NOT observed plant-stress ground truth
2025-03-13 00:30:00,0.5,Fruiting,22.12,73.11,0.0,22.13,No Significant Environmental Stress,0.8,Low,No Significant Environmental Stress,0.0,Low,Train,Derived prototype label - NOT observed plant-stress ground truth
2025-03-13 01:00:00,1.0,Fruiting,22.07,74.81,0.0,22.13,No Significant Environmental Stress,0.0,Low,No Significant Environmental Stress,0.0,Low,Train,Derived prototype label - NOT observed plant-stress ground truth
2025-03-13 01:30:00,1.5,Fruiting,21.99,73.92,0.0,22.11,No Significant Environmental Stress,0.0,Low,No Significant Environmental Stress,0.0,Low,Train,Derived prototype label - NOT observed plant-stress ground truth
2025-03-13 02:00:00,2.0,Fruiting,21.89,74.63,0.0,22.08,No Significant Environmental Stress,0.0,Low,No Significant Environmental Stress,0.0,Low,Train,Derived prototype label - NOT observed plant-stress ground truth
2025-03-13 02:30:00,2.5,Fruiting,21.77,74.56,0.0,22.04,No Significant Environmental Stress,0.0,Low,No Significant Environmental Stress,0.0,Low,Train,Derived prototype label - NOT observed plant-stress ground truth
2025-03-13 03:00:00,3.0,Fruiting,21.64,76.75,0.0,22.0,No Significant Environmental Stress,0.0,Low,No Significant Environmental Stress,0.0,Low,Train,Derived prototype label - NOT observed plant-stress ground truth
2025-03-13 03:30:00,3.5,Fruiting,21.51,76.75,0.0,21.94,No Significant Environmental Stress,0.0,Low,No Significant Environmental Stress,0.0,Low,Train,Derived prototype label - NOT observed plant-stress ground truth
2025-03-13 04:00:00,4.0,Fruiting,21.39,73.66,0.0,21.97,No Significant Environmental Stress,0.0,Low,No Significant Environmental Stress,0.0,Low,Train,Derived prototype label - NOT observed plant-stress ground truth
2025-03-13 04:30:00,4.5,Fruiting,21.29,75.67,0.0,22.0,No Significant Environmental Stress,0.0,Low,No Significant Environmental Stress,0.0,Low,Train,Derived prototype label - NOT observed plant-stress ground truth
2025-03-13 05:00:00,5.0,Fruiting,21.21,76.75,0.0,21.99,No Significant Environmental Stress,0.0,Low,Low Light Stress,82.0,High,Train,Derived prototype label - NOT observed plant-stress ground truth
2025-03-13 05:30:00,5.5,Fruiting,21.16,76.25,0.0,22.0,Low Light Stress,82.0,High,Low Light Stress,49.1,Moderate,Train,Derived prototype label - NOT observed plant-stress ground truth
2025-03-13 06:00:00,6.0,Fruiting,21.14,74.34,0.0,21.94,Low Light Stress,49.1,Moderate,Low Light Stress,20.7,Low,Train,Derived prototype label - NOT observed plant-stress ground truth
2025-03-13 06:30:00,6.5,Fruiting,22.22,76.8,6017.0,21.99,Low Light Stress,20.7,Low,No Significant Environmental Stress,0.0,Low,Train,Derived prototype label - NOT observed plant-stress ground truth
2025-03-13 07:00:00,7.0,Fruiting,22.79,73.2,11218.0,22.15,No Significant Environmental Stress,0.0,Low,No Significant Environmental Stress,0.0,Low,Train,Derived prototype label - NOT observed plant-stress ground truth
2025-03-13 07:30:00,7.5,Fruiting,23.34,70.77,15776.0,22.22,No Significant Environmental Stress,0.0,Low,No Significant Environmental Stress,0.0,Low,Train,Derived prototype label - NOT observed plant-stress ground truth
2025-03-13 08:00:00,8.0,Fruiting,23.86,73.1,18968.0,22.3,No Significant Environmental Stress,0.0,Low,No Significant Environmental Stress,0.0,Low,Train,Derived prototype label - NOT observed plant-stress ground truth
2025-03-13 08:30:00,8.5,Fruiting,24.35,70.97,27428.0,22.36,No Significant Environmental Stress,0.0,Low,No Significant Environmental Stress,0.0,Low,Train,Derived prototype label - NOT observed plant-stress ground truth
2025-03-13 09:00:00,9.0,Fruiting,24.78,72.01,31719.0,22.43,No Significant Environmental Stress,0.0,Low,No Significant Environmental Stress,0.0,Low,Train,Derived prototype label - NOT observed plant-stress ground truth
2025-03-13 09:30:00,9.5,Fruiting,25.17,70.37,32596.0,22.52,No Significant Environmental Stress,0.0,Low,No Significant Environmental Stress,0.0,Low,Train,Derived prototype label - NOT observed plant-stress ground truth
2025-03-13 10:00:00,10.0,Fruiting,25.49,69.19,36197.0,22.67,No Significant Environmental Stress,0.0,Low,No Significant Environmental Stress,0.0,Low,Train,Derived prototype label - NOT observed plant-stress ground truth
2025-03-13 10:30:00,10.5,Fruiting,25.75,68.99,35467.0,22.83,No Significant Environmental Stress,0.0,Low,No Significant Environmental Stress,0.0,Low,Train,Derived prototype label - NOT observed plant-stress ground truth
2025-03-13 11:00:00,11.0,Fruiting,25.94,68.59,41916.0,23.05,No Significant Environmental Stress,0.0,Low,No Significant Environmental Stress,0.0,Low,Train,Derived prototype label - NOT observed plant-stress ground truth
2025-03-13 11:30:00,11.5,Fruiting,26.05,68.62,43243.0,23.2,No Significant Environmental Stress,0.0,Low,No Significant Environmental Stress,0.0,Low,Train,Derived prototype label - NOT observed plant-stress ground truth
2025-03-13 12:00:00,12.0,Fruiting,26.09,71.3,45016.0,23.34,No Significant Environmental Stress,0.0,Low,No Significant Environmental Stress,0.0,Low,Train,Derived prototype label - NOT observed plant-stress ground truth
2025-03-13 12:30:00,12.5,Fruiting,26.05,65.79,41444.0,23.45,No Significant Environmental Stress,0.0,Low,No Significant Environmental Stress,0.0,Low,Train,Derived prototype label - NOT observed plant-stress ground truth
2025-03-13 13:00:00,13.0,Fruiting,25.94,68.17,37246.0,23.57,No Significant Environmental Stress,0.0,Low,No Significant Environmental Stress,0.0,Low,Train,Derived prototype label - NOT observed plant-stress ground truth
2025-03-13 13:30:00,13.5,Fruiting,25.75,66.21,39253.0,23.69,No Significant Environmental Stress,0.0,Low,No Significant Environmental Stress,0.0,Low,Train,Derived prototype label - NOT observed plant-stress ground truth
2025-03-13 14:00:00,14.0,Fruiting,25.49,69.57,38448.0,23.83,No Significant Environmental Stress,0.0,Low,No Significant Environmental Stress,0.0,Low,Train,Derived prototype label - NOT observed plant-stress ground truth
2025-03-13 14:30:00,14.5,Fruiting,25.17,68.08,34574.0,23.87,No Significant Environmental Stress,0.0,Low,No Significant Environmental Stress,0.0,Low,Train,Derived prototype label - NOT observed plant-stress ground truth
2025-03-13 15:00:00,15.0,Fruiting,24.78,66.19,27154.0,23.9,No Significant Environmental Stress,0.0,Low,No Significant Environmental Stress,0.0,Low,Train,Derived prototype label - NOT observed plant-stress ground truth
2025-03-13 15:30:00,15.5,Fruiting,24.35,70.7,26160.0,23.97,No Significant Environmental Stress,0.0,Low,No Significant Environmental Stress,0.0,Low,Train,Derived prototype label - NOT observed plant-stress ground truth
2025-03-13 16:00:00,16.0,Fruiting,23.86,74.39,17803.0,24.0,No Significant Environmental Stress,0.0,Low,Low Light Stress,21.8,Low,Train,Derived prototype label - NOT observed plant-stress ground truth
2025-03-13 16:30:00,16.5,Fruiting,23.34,73.15,17932.0,24.0,Low Light Stress,21.8,Low,Low Light Stress,57.0,Moderate,Train,Derived prototype label - NOT observed plant-stress ground truth
2025-03-13 17:00:00,17.0,Fruiting,22.79,74.09,11004.0,24.02,Low Light Stress,57.0,Moderate,No Significant Environmental Stress,0.0,Low,Train,Derived prototype label - NOT observed plant-stress ground truth
2025-03-13 17:30:00,17.5,Fruiting,22.22,74.28,4566.0,23.89,No Significant Environmental Stress,0.0,Low,No Significant Environmental Stress,0.0,Low,Train,Derived prototype label - NOT observed plant-stress ground truth
2025-03-13 18:00:00,18.0,Fruiting,21.14,76.41,0.0,23.67,No Significant Environmental Stress,0.0,Low,No Significant Environmental Stress,0.0,Low,Train,Derived prototype label - NOT observed plant-stress ground truth
2025-03-13 18:30:00,18.5,Fruiting,21.16,78.85,0.0,23.53,No Significant Environmental Stress,0.0,Low,No Significant Environmental Stress,0.0,Low,Train,Derived prototype label - NOT observed plant-stress ground truth
2025-03-13 19:00:00,19.0,Fruiting,21.21,72.75,0.0,23.4,No Significant Environmental Stress,0.0,Low,No Significant Environmental Stress,0.0,Low,Train,Derived prototype label - NOT observed plant-stress ground truth
2025-03-13 19:30:00,19.5,Fruiting,21.29,77.61,0.0,23.32,No Significant Environmental Stress,0.0,Low,No Significant Environmental Stress,0.0,Low,Train,Derived prototype label - NOT observed plant-stress ground truth
2025-03-13 20:00:00,20.0,Fruiting,21.39,76.9,0.0,23.18,No Significant Environmental Stress,0.0,Low,No Significant Environmental Stress,0.0,Low,Train,Derived prototype label - NOT observed plant-stress ground truth
2025-03-13 20:30:00,20.5,Fruiting,21.51,76.84,0.0,23.06,No Significant Environmental Stress,0.0,Low,No Significant Environmental Stress,0.0,Low,Train,Derived prototype label - NOT observed plant-stress ground truth
2025-03-13 21:00:00,21.0,Fruiting,21.64,76.97,0.0,22.96,No Significant Environmental Stress,0.0,Low,No Significant Environmental Stress,0.0,Low,Train,Derived prototype label - NOT observed plant-stress ground truth
2025-03-13 21:30:00,21.5,Fruiting,21.77,76.06,0.0,22.82,No Significant Environmental Stress,0.0,Low,No Significant Environmental Stress,0.0,Low,Train,Derived prototype label - NOT observed plant-stress ground truth
2025-03-13 22:00:00,22.0,Fruiting,21.89,77.17,0.0,22.76,No Significant Environmental Stress,0.0,Low,No Significant Environmental Stress,0.8,Low,Train,Derived prototype label - NOT observed plant-stress ground truth
2025-03-13 22:30:00,22.5,Fruiting,21.99,76.77,0.0,22.64,No Significant Environmental Stress,0.8,Low,No Significant Environmental Stress,1.4,Low,Train,Derived prototype label - NOT observed plant-stress ground truth
2025-03-13 23:00:00,23.0,Fruiting,22.07,77.98,0.0,22.55,No Significant Environmental Stress,1.4,Low,No Significant Environmental Stress,0.0,Low,Train,Derived prototype label - NOT observed plant-stress ground truth
2025-03-13 23:30:00,23.5,Fruiting,22.12,76.33,0.0,22.53,No Significant Environmental Stress,0.0,Low,No Significant Environmental Stress,0.0,Low,Train,Derived prototype label - NOT observed plant-stress ground truth
2025-03-14 00:00:00,0.0,Fruiting,21.84,76.45,0.0,22.49,No Significant Environmental Stress,0.0,Low,No Significant Environmental Stress,9.3,Low,Train,Derived prototype label - NOT observed plant-stress ground truth
2025-03-14 00:30:00,0.5,Fruiting,21.83,78.7,0.0,22.41,No Significant Environmental Stress,9.3,Low,No Significant Environmental Stress,1.2,Low,Train,Derived prototype label - NOT observed plant-stress ground truth
2025-03-14 01:00:00,1.0,Fruiting,21.78,82.04,0.0,22.41,No Significant Environmental Stress,1.2,Low,No Significant Environmental Stress,0.0,Low,Train,Derived prototype label - NOT observed plant-stress ground truth
2025-03-14 01:30:00,1.5,Fruiting,21.7,80.27,0.0,22.4,No Significant Environmental Stress,0.0,Low,No Significant Environmental Stress,0.0,Low,Train,Derived prototype label - NOT observed plant-stress ground truth
2025-03-14 02:00:00,2.0,Fruiting,21.59,76.0,0.0,22.45,No Significant Environmental Stress,0.0,Low,No Significant Environmental Stress,0.0,Low,Train,Derived prototype label - NOT observed plant-stress ground truth
2025-03-14 02:30:00,2.5,Fruiting,21.47,73.43,0.0,22.4,No Significant Environmental Stress,0.0,Low,No Significant Environmental Stress,0.0,Low,Train,Derived prototype label - NOT observed plant-stress ground truth
2025-03-14 03:00:00,3.0,Fruiting,21.34,77.38,0.0,22.43,No Significant Environmental Stress,0.0,Low,No Significant Environmental Stress,0.0,Low,Train,Derived prototype label - NOT observed plant-stress ground truth
2025-03-14 03:30:00,3.5,Fruiting,21.22,77.66,0.0,22.33,No Significant Environmental Stress,0.0,Low,No Significant Environmental Stress,0.0,Low,Train,Derived prototype label - NOT observed plant-stress ground truth
2025-03-14 04:00:00,4.0,Fruiting,21.09,78.84,0.0,22.28,No Significant Environmental Stress,0.0,Low,No Significant Environmental Stress,0.0,Low,Train,Derived prototype label - NOT observed plant-stress ground truth
2025-03-14 04:30:00,4.5,Fruiting,20.99,74.91,0.0,22.21,No Significant Environmental Stress,0.0,Low,No Significant Environmental Stress,0.0,Low,Train,Derived prototype label - NOT observed plant-stress ground truth
2025-03-14 05:00:00,5.0,Fruiting,20.91,79.23,0.0,22.13,No Significant Environmental Stress,0.0,Low,Low Light Stress,82.7,High,Train,Derived prototype label - NOT observed plant-stress ground truth
2025-03-14 05:30:00,5.5,Fruiting,20.86,75.99,0.0,22.06,Low Light Stress,82.7,High,Low Light Stress,55.1,Moderate,Train,Derived prototype label - NOT observed plant-stress ground truth
2025-03-14 06:00:00,6.0,Fruiting,20.84,76.75,0.0,21.98,Low Light Stress,55.1,Moderate,Low Light Stress,31.2,Low,Train,Derived prototype label - NOT observed plant-stress ground truth
2025-03-14 06:30:00,6.5,Fruiting,22.35,76.51,4913.0,22.02,Low Light Stress,31.2,Low,No Significant Environmental Stress,0.0,Low,Train,Derived prototype label - NOT observed plant-stress ground truth
2025-03-14 07:00:00,7.0,Fruiting,23.35,74.67,9284.0,22.16,No Significant Environmental Stress,0.0,Low,No Significant Environmental Stress,0.0,Low,Train,Derived prototype label - NOT observed plant-stress ground truth
2025-03-14 07:30:00,7.5,Fruiting,24.3,72.93,15081.0,22.23,No Significant Environmental Stress,0.0,Low,No Significant Environmental Stress,0.0,Low,Train,Derived prototype label - NOT observed plant-stress ground truth
2025-03-14 08:00:00,8.0,Fruiting,25.21,72.52,20502.0,22.33,No Significant Environmental Stress,0.0,Low,No Significant Environmental Stress,0.0,Low,Train,Derived prototype label - NOT observed plant-stress ground truth
2025-03-14 08:30:00,8.5,Fruiting,26.05,71.04,25708.0,22.47,No Significant Environmental Stress,0.0,Low,No Significant Environmental Stress,0.0,Low,Train,Derived prototype label - NOT observed plant-stress ground truth
2025-03-14 09:00:00,9.0,Fruiting,26.81,69.39,26329.0,22.59,No Significant Environmental Stress,0.0,Low,No Significant Environmental Stress,0.5,Low,Train,Derived prototype label - NOT observed plant-stress ground truth
2025-03-14 09:30:00,9.5,Fruiting,27.48,68.85,38093.0,22.82,No Significant Environmental Stress,0.5,Low,No Significant Environmental Stress,5.7,Low,Train,Derived prototype label - NOT observed plant-stress ground truth
2025-03-14 10:00:00,10.0,Fruiting,28.04,64.82,39167.0,23.1,No Significant Environmental Stress,5.7,Low,No Significant Environmental Stress,9.5,Low,Train,Derived prototype label - NOT observed plant-stress ground truth
2025-03-14 10:30:00,10.5,Fruiting,28.49,65.53,37338.0,23.41,No Significant Environmental Stress,9.5,Low,No Significant Environmental Stress,11.8,Low,Train,Derived prototype label - NOT observed plant-stress ground truth
2025-03-14 11:00:00,11.0,Fruiting,28.81,69.5,37564.0,23.65,No Significant Environmental Stress,11.8,Low,No Significant Environmental Stress,12.7,Low,Train,Derived prototype label - NOT observed plant-stress ground truth
2025-03-14 11:30:00,11.5,Fruiting,29.01,65.6,35990.0,23.95,No Significant Environmental Stress,12.7,Low,No Significant Environmental Stress,11.8,Low,Train,Derived prototype label - NOT observed plant-stress ground truth
2025-03-14 12:00:00,12.0,Fruiting,29.08,62.35,38452.0,24.16,No Significant Environmental Stress,11.8,Low,No Significant Environmental Stress,9.5,Low,Train,Derived prototype label - NOT observed plant-stress ground truth
2025-03-14 12:30:00,12.5,Fruiting,29.01,66.51,33475.0,24.34,No Significant Environmental Stress,9.5,Low,No Significant Environmental Stress,5.7,Low,Train,Derived prototype label - NOT observed plant-stress ground truth
2025-03-14 13:00:00,13.0,Fruiting,28.81,66.81,39456.0,24.56,No Significant Environmental Stress,5.7,Low,No Significant Environmental Stress,0.5,Low,Train,Derived prototype label - NOT observed plant-stress ground truth
2025-03-14 13:30:00,13.5,Fruiting,28.49,68.45,35953.0,24.76,No Significant Environmental Stress,0.5,Low,No Significant Environmental Stress,0.0,Low,Train,Derived prototype label - NOT observed plant-stress ground truth
2025-03-14 14:00:00,14.0,Fruiting,28.04,65.46,34827.0,24.86,No Significant Environmental Stress,0.0,Low,No Significant Environmental Stress,0.0,Low,Train,Derived prototype label - NOT observed plant-stress ground truth
2025-03-14 14:30:00,14.5,Fruiting,27.48,68.55,31165.0,24.93,No Significant Environmental Stress,0.0,Low,No Significant Environmental Stress,0.0,Low,Train,Derived prototype label - NOT observed plant-stress ground truth
2025-03-14 15:00:00,15.0,Fruiting,26.81,70.44,28332.0,24.9,No Significant Environmental Stress,0.0,Low,No Significant Environmental Stress,0.0,Low,Train,Derived prototype label - NOT observed plant-stress ground truth
2025-03-14 15:30:00,15.5,Fruiting,26.05,69.55,22267.0,24.96,No Significant Environmental Stress,0.0,Low,Low Light Stress,16.0,Low,Train,Derived prototype label - NOT observed plant-stress ground truth
2025-03-14 16:00:00,16.0,Fruiting,25.21,70.7,20641.0,24.87,Low Light Stress,16.0,Low,Low Light Stress,30.8,Low,Train,Derived prototype label - NOT observed plant-stress ground truth
2025-03-14 16:30:00,16.5,Fruiting,24.3,74.6,12065.0,24.77,Low Light Stress,30.8,Low,Low Light Stress,58.2,Moderate,Train,Derived prototype label - NOT observed plant-stress ground truth
2025-03-14 17:00:00,17.0,Fruiting,23.35,71.6,9364.0,24.62,Low Light Stress,58.2,Moderate,No Significant Environmental Stress,0.0,Low,Train,Derived prototype label - NOT observed plant-stress ground truth
2025-03-14 17:30:00,17.5,Fruiting,22.35,76.55,4355.0,24.44,No Significant Environmental Stress,0.0,Low,No Significant Environmental Stress,3.7,Low,Train,Derived prototype label - NOT observed plant-stress ground truth
2025-03-14 18:00:00,18.0,Fruiting,20.84,75.38,0.0,24.22,No Significant Environmental Stress,3.7,Low,No Significant Environmental Stress,0.0,Low,Train,Derived prototype label - NOT observed plant-stress ground truth
2025-03-14 18:30:00,18.5,Fruiting,20.86,80.82,0.0,23.97,No Significant Environmental Stress,0.0,Low,No Significant Environmental Stress,0.0,Low,Train,Derived prototype label - NOT observed plant-stress ground truth
2025-03-14 19:00:00,19.0,Fruiting,20.91,76.13,0.0,23.85,No Significant Environmental Stress,0.0,Low,No Significant Environmental Stress,0.0,Low,Train,Derived prototype label - NOT observed plant-stress ground truth
2025-03-14 19:30:00,19.5,Fruiting,20.99,76.8,0.0,23.69,No Significant Environmental Stress,0.0,Low,No Significant Environmental Stress,0.0,Low,Train,Derived prototype label - NOT observed plant-stress ground truth
2025-03-14 20:00:00,20.0,Fruiting,21.09,78.11,0.0,23.49,No Significant Environmental Stress,0.0,Low,No Significant Environmental Stress,0.0,Low,Train,Derived prototype label - NOT observed plant-stress ground truth
2025-03-14 20:30:00,20.5,Fruiting,21.22,75.37,0.0,23.28,No Significant Environmental Stress,0.0,Low,No Significant Environmental Stress,0.0,Low,Train,Derived prototype label - NOT observed plant-stress ground truth
2025-03-14 21:00:00,21.0,Fruiting,21.34,77.46,0.0,23.18,No Significant Environmental Stress,0.0,Low,No Significant Environmental Stress,3.8,Low,Train,Derived prototype label - NOT observed plant-stress ground truth
2025-03-14 21:30:00,21.5,Fruiting,21.47,77.68,0.0,23.07,No Significant Environmental Stress,3.8,Low,No Significant Environmental Stress,0.0,Low,Train,Derived prototype label - NOT observed plant-stress ground truth
2025-03-14 22:00:00,22.0,Fruiting,21.59,80.83,0.0,22.94,No Significant Environmental Stress,0.0,Low,No Significant Environmental Stress,0.0,Low,Train,Derived prototype label - NOT observed plant-stress ground truth
2025-03-14 22:30:00,22.5,Fruiting,21.7,79.39,0.0,22.86,No Significant Environmental Stress,0.0,Low,No Significant Environmental Stress,0.0,Low,Train,Derived prototype label - NOT observed plant-stress ground truth
2025-03-14 23:00:00,23.0,Fruiting,21.78,79.32,0.0,22.75,No Significant Environmental Stress,0.0,Low,No Significant Environmental Stress,0.0,Low,Train,Derived prototype label - NOT observed plant-stress ground truth
2025-03-14 23:30:00,23.5,Fruiting,21.83,79.5,0.0,22.64,No Significant Environmental Stress,0.0,Low,No Significant Environmental Stress,0.0,Low,Train,Derived prototype label - NOT observed plant-stress ground truth
2025-03-15 00:00:00,0.0,Fruiting,20.88,78.96,0.0,22.61,No Significant Environmental Stress,0.0,Low,No Significant Environmental Stress,0.0,Low,Train,Derived prototype label - NOT observed plant-stress ground truth
2025-03-15 00:30:00,0.5,Fruiting,20.86,74.58,0.0,22.45,No Significant Environmental Stress,0.0,Low,No Significant Environmental Stress,0.0,Low,Train,Derived prototype label - NOT observed plant-stress ground truth
2025-03-15 01:00:00,1.0,Fruiting,20.81,77.91,0.0,22.36,No Significant Environmental Stress,0.0,Low,No Significant Environmental Stress,0.0,Low,Train,Derived prototype label - NOT observed plant-stress ground truth
2025-03-15 01:30:00,1.5,Fruiting,20.73,76.53,0.0,22.22,No Significant Environmental Stress,0.0,Low,No Significant Environmental Stress,0.0,Low,Train,Derived prototype label - NOT observed plant-stress ground truth
2025-03-15 02:00:00,2.0,Fruiting,20.63,79.07,0.0,22.14,No Significant Environmental Stress,0.0,Low,No Significant Environmental Stress,0.0,Low,Train,Derived prototype label - NOT observed plant-stress ground truth
2025-03-15 02:30:00,2.5,Fruiting,20.51,77.59,0.0,22.09,No Significant Environmental Stress,0.0,Low,No Significant Environmental Stress,0.0,Low,Train,Derived prototype label - NOT observed plant-stress ground truth
2025-03-15 03:00:00,3.0,Fruiting,20.38,76.74,0.0,22.09,No Significant Environmental Stress,0.0,Low,No Significant Environmental Stress,0.0,Low,Train,Derived prototype label - NOT observed plant-stress ground truth
2025-03-15 03:30:00,3.5,Fruiting,20.25,78.97,0.0,22.06,No Significant Environmental Stress,0.0,Low,No Significant Environmental Stress,0.0,Low,Train,Derived prototype label - NOT observed plant-stress ground truth
2025-03-15 04:00:00,4.0,Fruiting,20.13,76.94,0.0,22.0,No Significant Environmental Stress,0.0,Low,No Significant Environmental Stress,2.5,Low,Train,Derived prototype label - NOT observed plant-stress ground truth
2025-03-15 04:30:00,4.5,Fruiting,20.03,79.17,0.0,21.97,No Significant Environmental Stress,2.5,Low,No Significant Environmental Stress,0.0,Low,Train,Derived prototype label - NOT observed plant-stress ground truth
2025-03-15 05:00:00,5.0,Fruiting,19.95,80.54,0.0,21.97,No Significant Environmental Stress,0.0,Low,Low Light Stress,87.1,High,Train,Derived prototype label - NOT observed plant-stress ground truth
2025-03-15 05:30:00,5.5,Fruiting,19.9,79.83,0.0,21.91,Low Light Stress,87.1,High,Low Light Stress,59.0,Moderate,Train,Derived prototype label - NOT observed plant-stress ground truth
2025-03-15 06:00:00,6.0,Fruiting,19.88,79.95,0.0,21.81,Low Light Stress,59.0,Moderate,Low Light Stress,38.2,Moderate,Train,Derived prototype label - NOT observed plant-stress ground truth
2025-03-15 06:30:00,6.5,Fruiting,21.41,78.75,4202.0,21.85,Low Light Stress,38.2,Moderate,No Significant Environmental Stress,8.9,Low,Train,Derived prototype label - NOT observed plant-stress ground truth
2025-03-15 07:00:00,7.0,Fruiting,22.43,77.82,8020.0,21.91,No Significant Environmental Stress,8.9,Low,No Significant Environmental Stress,0.0,Low,Train,Derived prototype label - NOT observed plant-stress ground truth
2025-03-15 07:30:00,7.5,Fruiting,23.41,76.04,13369.0,21.99,No Significant Environmental Stress,0.0,Low,No Significant Environmental Stress,0.0,Low,Train,Derived prototype label - NOT observed plant-stress ground truth
2025-03-15 08:00:00,8.0,Fruiting,24.34,74.09,17246.0,22.13,No Significant Environmental Stress,0.0,Low,No Significant Environmental Stress,0.0,Low,Train,Derived prototype label - NOT observed plant-stress ground truth
2025-03-15 08:30:00,8.5,Fruiting,25.2,72.71,21273.0,22.28,No Significant Environmental Stress,0.0,Low,No Significant Environmental Stress,0.0,Low,Train,Derived prototype label - NOT observed plant-stress ground truth
2025-03-15 09:00:00,9.0,Fruiting,25.98,72.29,23948.0,22.49,No Significant Environmental Stress,0.0,Low,No Significant Environmental Stress,0.0,Low,Train,Derived prototype label - NOT observed plant-stress ground truth
2025-03-15 09:30:00,9.5,Fruiting,26.66,67.89,22956.0,22.64,No Significant Environmental Stress,0.0,Low,No Significant Environmental Stress,0.0,Low,Train,Derived prototype label - NOT observed plant-stress ground truth
2025-03-15 10:00:00,10.0,Fruiting,27.23,63.78,31200.0,22.85,No Significant Environmental Stress,0.0,Low,No Significant Environmental Stress,0.4,Low,Train,Derived prototype label - NOT observed plant-stress ground truth
2025-03-15 10:30:00,10.5,Fruiting,27.69,72.19,39257.0,23.08,No Significant Environmental Stress,0.4,Low,No Significant Environmental Stress,2.7,Low,Train,Derived prototype label - NOT observed plant-stress ground truth
2025-03-15 11:00:00,11.0,Fruiting,28.03,67.22,39075.0,23.32,No Significant Environmental Stress,2.7,Low,Low Humidity Stress,18.0,Low,Train,Derived prototype label - NOT observed plant-stress ground truth
2025-03-15 11:30:00,11.5,Fruiting,28.23,62.71,29126.0,23.53,Low Humidity Stress,18.0,Low,Low Humidity Stress,42.6,Moderate,Train,Derived prototype label - NOT observed plant-stress ground truth
2025-03-15 12:00:00,12.0,Fruiting,28.3,54.92,37930.0,23.8,Low Humidity Stress,42.6,Moderate,No Significant Environmental Stress,6.6,Low,Train,Derived prototype label - NOT observed plant-stress ground truth
2025-03-15 12:30:00,12.5,Fruiting,28.23,47.34,34074.0,23.95,No Significant Environmental Stress,6.6,Low,No Significant Environmental Stress,0.0,Low,Train,Derived prototype label - NOT observed plant-stress ground truth
2025-03-15 13:00:00,13.0,Fruiting,28.03,58.04,31379.0,24.07,No Significant Environmental Stress,0.0,Low,No Significant Environmental Stress,0.0,Low,Train,Derived prototype label - NOT observed plant-stress ground truth
2025-03-15 13:30:00,13.5,Fruiting,27.69,62.73,30237.0,24.29,No Significant Environmental Stress,0.0,Low,No Significant Environmental Stress,0.0,Low,Train,Derived prototype label - NOT observed plant-stress ground truth
2025-03-15 14:00:00,14.0,Fruiting,27.23,68.87,31077.0,24.41,No Significant Environmental Stress,0.0,Low,No Significant Environmental Stress,0.0,Low,Train,Derived prototype label - NOT observed plant-stress ground truth
2025-03-15 14:30:00,14.5,Fruiting,26.66,69.62,24422.0,24.59,No Significant Environmental Stress,0.0,Low,No Significant Environmental Stress,0.0,Low,Train,Derived prototype label - NOT observed plant-stress ground truth
2025-03-15 15:00:00,15.0,Fruiting,25.98,70.03,24322.0,24.61,No Significant Environmental Stress,0.0,Low,No Significant Environmental Stress,0.0,Low,Train,Derived prototype label - NOT observed plant-stress ground truth
2025-03-15 15:30:00,15.5,Fruiting,25.2,74.11,19416.0,24.59,No Significant Environmental Stress,0.0,Low,No Significant Environmental Stress,12.1,Low,Train,Derived prototype label - NOT observed plant-stress ground truth
2025-03-15 16:00:00,16.0,Fruiting,24.34,72.98,16523.0,24.59,No Significant Environmental Stress,12.1,Low,Low Light Stress,32.3,Low,Train,Derived prototype label - NOT observed plant-stress ground truth
2025-03-15 16:30:00,16.5,Fruiting,23.41,78.61,12795.0,24.49,Low Light Stress,32.3,Low,Low Light Stress,59.4,Moderate,Train,Derived prototype label - NOT observed plant-stress ground truth
2025-03-15 17:00:00,17.0,Fruiting,22.43,80.4,9216.0,24.37,Low Light Stress,59.4,Moderate,No Significant Environmental Stress,1.5,Low,Train,Derived prototype label - NOT observed plant-stress ground truth
2025-03-15 17:30:00,17.5,Fruiting,21.41,79.72,4125.0,24.2,No Significant Environmental Stress,1.5,Low,No Significant Environmental Stress,0.0,Low,Train,Derived prototype label - NOT observed plant-stress ground truth
2025-03-15 18:00:00,18.0,Fruiting,19.88,80.32,0.0,23.97,No Significant Environmental Stress,0.0,Low,No Significant Environmental Stress,8.3,Low,Train,Derived prototype label - NOT observed plant-stress ground truth
2025-03-15 18:30:00,18.5,Fruiting,19.9,79.49,0.0,23.72,No Significant Environmental Stress,8.3,Low,No Significant Environmental Stress,0.0,Low,Train,Derived prototype label - NOT observed plant-stress ground truth
2025-03-15 19:00:00,19.0,Fruiting,19.95,81.82,0.0,23.53,No Significant Environmental Stress,0.0,Low,No Significant Environmental Stress,4.0,Low,Train,Derived prototype label - NOT observed plant-stress ground truth
2025-03-15 19:30:00,19.5,Fruiting,20.03,79.43,0.0,23.32,No Significant Environmental Stress,4.0,Low,No Significant Environmental Stress,0.0,Low,Train,Derived prototype label - NOT observed plant-stress ground truth
2025-03-15 20:00:00,20.0,Fruiting,20.13,80.88,0.0,23.1,No Significant Environmental Stress,0.0,Low,No Significant Environmental Stress,0.0,Low,Train,Derived prototype label - NOT observed plant-stress ground truth
2025-03-15 20:30:00,20.5,Fruiting,20.25,77.84,0.0,22.94,No Significant Environmental Stress,0.0,Low,No Significant Environmental Stress,0.0,Low,Train,Derived prototype label - NOT observed plant-stress ground truth
2025-03-15 21:00:00,21.0,Fruiting,20.38,78.4,0.0,22.84,No Significant Environmental Stress,0.0,Low,No Significant Environmental Stress,0.0,Low,Train,Derived prototype label - NOT observed plant-stress ground truth
2025-03-15 21:30:00,21.5,Fruiting,20.51,78.76,0.0,22.66,No Significant Environmental Stress,0.0,Low,No Significant Environmental Stress,1.4,Low,Train,Derived prototype label - NOT observed plant-stress ground truth
2025-03-15 22:00:00,22.0,Fruiting,20.63,76.75,0.0,22.53,No Significant Environmental Stress,1.4,Low,No Significant Environmental Stress,0.0,Low,Train,Derived prototype label - NOT observed plant-stress ground truth
2025-03-15 22:30:00,22.5,Fruiting,20.73,80.3,0.0,22.44,No Significant Environmental Stress,0.0,Low,No Significant Environmental Stress,0.0,Low,Train,Derived prototype label - NOT observed plant-stress ground truth
2025-03-15 23:00:00,23.0,Fruiting,20.81,77.95,0.0,22.34,No Significant Environmental Stress,0.0,Low,High Humidity Stress,19.5,Low,Train,Derived prototype label - NOT observed plant-stress ground truth
2025-03-15 23:30:00,23.5,Fruiting,20.86,78.49,0.0,22.24,High Humidity Stress,19.5,Low,High Humidity Stress,24.6,Low,Train,Derived prototype label - NOT observed plant-stress ground truth
2025-03-16 00:00:00,0.0,Fruiting,22.23,84.04,0.0,22.23,High Humidity Stress,24.6,Low,No Significant Environmental Stress,8.7,Low,Train,Derived prototype label - NOT observed plant-stress ground truth
2025-03-16 00:30:00,0.5,Fruiting,22.21,85.18,0.0,22.21,No Significant Environmental Stress,8.7,Low,No Significant Environmental Stress,9.4,Low,Train,Derived prototype label - NOT observed plant-stress ground truth
2025-03-16 01:00:00,1.0,Fruiting,22.16,81.74,0.0,22.24,No Significant Environmental Stress,9.4,Low,High Humidity Stress,24.4,Low,Train,Derived prototype label - NOT observed plant-stress ground truth
2025-03-16 01:30:00,1.5,Fruiting,22.08,81.98,0.0,22.19,High Humidity Stress,24.4,Low,No Significant Environmental Stress,2.5,Low,Train,Derived prototype label - NOT observed plant-stress ground truth
2025-03-16 02:00:00,2.0,Fruiting,21.98,85.36,0.0,22.15,No Significant Environmental Stress,2.5,Low,High Humidity Stress,17.9,Low,Train,Derived prototype label - NOT observed plant-stress ground truth
2025-03-16 02:30:00,2.5,Fruiting,21.86,80.55,0.0,22.09,High Humidity Stress,17.9,Low,High Humidity Stress,16.3,Low,Train,Derived prototype label - NOT observed plant-stress ground truth
2025-03-16 03:00:00,3.0,Fruiting,21.73,83.94,0.0,22.06,High Humidity Stress,16.3,Low,High Humidity Stress,13.3,Low,Train,Derived prototype label - NOT observed plant-stress ground truth
2025-03-16 03:30:00,3.5,Fruiting,21.6,83.58,0.0,22.04,High Humidity Stress,13.3,Low,No Significant Environmental Stress,11.7,Low,Train,Derived prototype label - NOT observed plant-stress ground truth
2025-03-16 04:00:00,4.0,Fruiting,21.48,82.93,0.0,22.02,No Significant Environmental Stress,11.7,Low,No Significant Environmental Stress,12.1,Low,Train,Derived prototype label - NOT observed plant-stress ground truth
2025-03-16 04:30:00,4.5,Fruiting,21.37,82.56,0.0,21.94,No Significant Environmental Stress,12.1,Low,No Significant Environmental Stress,1.4,Low,Train,Derived prototype label - NOT observed plant-stress ground truth
2025-03-16 05:00:00,5.0,Fruiting,20.87,82.66,0.0,21.98,No Significant Environmental Stress,1.4,Low,Combined Environmental Stress,97.1,High,Train,Derived prototype label - NOT observed plant-stress ground truth
2025-03-16 05:30:00,5.5,Fruiting,19.1,80.3,0.0,21.94,Combined Environmental Stress,97.1,High,Combined Environmental Stress,75.3,High,Train,Derived prototype label - NOT observed plant-stress ground truth
2025-03-16 06:00:00,6.0,Fruiting,17.69,82.51,0.0,21.92,Combined Environmental Stress,75.3,High,Low Light Stress,38.1,Moderate,Train,Derived prototype label - NOT observed plant-stress ground truth
2025-03-16 06:30:00,6.5,Fruiting,16.9,80.47,4660.0,22.0,Low Light Stress,38.1,Moderate,No Significant Environmental Stress,1.5,Low,Train,Derived prototype label - NOT observed plant-stress ground truth
2025-03-16 07:00:00,7.0,Fruiting,19.2,84.68,9545.0,22.05,No Significant Environmental Stress,1.5,Low,No Significant Environmental Stress,0.0,Low,Train,Derived prototype label - NOT observed plant-stress ground truth
2025-03-16 07:30:00,7.5,Fruiting,21.17,76.91,14729.0,22.14,No Significant Environmental Stress,0.0,Low,No Significant Environmental Stress,0.0,Low,Train,Derived prototype label - NOT observed plant-stress ground truth
2025-03-16 08:00:00,8.0,Fruiting,23.57,77.31,20295.0,22.33,No Significant Environmental Stress,0.0,Low,No Significant Environmental Stress,0.0,Low,Train,Derived prototype label - NOT observed plant-stress ground truth
2025-03-16 08:30:00,8.5,Fruiting,25.65,76.8,19565.0,22.48,No Significant Environmental Stress,0.0,Low,No Significant Environmental Stress,0.0,Low,Train,Derived prototype label - NOT observed plant-stress ground truth
2025-03-16 09:00:00,9.0,Fruiting,26.29,76.27,22245.0,22.65,No Significant Environmental Stress,0.0,Low,No Significant Environmental Stress,0.0,Low,Train,Derived prototype label - NOT observed plant-stress ground truth
2025-03-16 09:30:00,9.5,Fruiting,26.84,72.9,31260.0,22.81,No Significant Environmental Stress,0.0,Low,No Significant Environmental Stress,0.0,Low,Train,Derived prototype label - NOT observed plant-stress ground truth
2025-03-16 10:00:00,10.0,Fruiting,27.31,74.68,31796.0,23.04,No Significant Environmental Stress,0.0,Low,No Significant Environmental Stress,0.0,Low,Train,Derived prototype label - NOT observed plant-stress ground truth
2025-03-16 10:30:00,10.5,Fruiting,27.68,73.72,34405.0,23.27,No Significant Environmental Stress,0.0,Low,No Significant Environmental Stress,1.4,Low,Train,Derived prototype label - NOT observed plant-stress ground truth
2025-03-16 11:00:00,11.0,Fruiting,27.95,70.82,35686.0,23.49,No Significant Environmental Stress,1.4,Low,No Significant Environmental Stress,2.0,Low,Train,Derived prototype label - NOT observed plant-stress ground truth
2025-03-16 11:30:00,11.5,Fruiting,28.12,70.48,39742.0,23.69,No Significant Environmental Stress,2.0,Low,No Significant Environmental Stress,1.4,Low,Train,Derived prototype label - NOT observed plant-stress ground truth
2025-03-16 12:00:00,12.0,Fruiting,28.17,74.39,34522.0,23.88,No Significant Environmental Stress,1.4,Low,No Significant Environmental Stress,0.0,Low,Train,Derived prototype label - NOT observed plant-stress ground truth
2025-03-16 12:30:00,12.5,Fruiting,28.12,70.84,39749.0,24.07,No Significant Environmental Stress,0.0,Low,No Significant Environmental Stress,0.0,Low,Train,Derived prototype label - NOT observed plant-stress ground truth
2025-03-16 13:00:00,13.0,Fruiting,27.95,70.0,33276.0,24.24,No Significant Environmental Stress,0.0,Low,No Significant Environmental Stress,0.0,Low,Train,Derived prototype label - NOT observed plant-stress ground truth
2025-03-16 13:30:00,13.5,Fruiting,27.68,70.31,31001.0,24.37,No Significant Environmental Stress,0.0,Low,No Significant Environmental Stress,0.0,Low,Train,Derived prototype label - NOT observed plant-stress ground truth
2025-03-16 14:00:00,14.0,Fruiting,27.31,73.83,26110.0,24.54,No Significant Environmental Stress,0.0,Low,No Significant Environmental Stress,1.7,Low,Train,Derived prototype label - NOT observed plant-stress ground truth
2025-03-16 14:30:00,14.5,Fruiting,26.84,73.08,16500.0,24.64,No Significant Environmental Stress,1.7,Low,Low Light Stress,33.7,Low,Train,Derived prototype label - NOT observed plant-stress ground truth
2025-03-16 15:00:00,15.0,Fruiting,26.29,74.28,14698.0,24.63,Low Light Stress,33.7,Low,Low Light Stress,18.9,Low,Train,Derived prototype label - NOT observed plant-stress ground truth
2025-03-16 15:30:00,15.5,Fruiting,25.65,78.14,8836.0,24.6,Low Light Stress,18.9,Low,Low Light Stress,27.7,Low,Train,Derived prototype label - NOT observed plant-stress ground truth
2025-03-16 16:00:00,16.0,Fruiting,24.95,75.62,11551.0,24.61,Low Light Stress,27.7,Low,Low Light Stress,42.5,Moderate,Train,Derived prototype label - NOT observed plant-stress ground truth
2025-03-16 16:30:00,16.5,Fruiting,24.19,79.51,9928.0,24.54,Low Light Stress,42.5,Moderate,Low Light Stress,54.6,Moderate,Train,Derived prototype label - NOT observed plant-stress ground truth
2025-03-16 17:00:00,17.0,Fruiting,23.4,82.96,8180.0,24.43,Low Light Stress,54.6,Moderate,High Humidity Stress,16.6,Low,Train,Derived prototype label - NOT observed plant-stress ground truth
2025-03-16 17:30:00,17.5,Fruiting,22.57,80.52,5176.0,24.28,High Humidity Stress,16.6,Low,No Significant Environmental Stress,10.2,Low,Train,Derived prototype label - NOT observed plant-stress ground truth
2025-03-16 18:00:00,18.0,Fruiting,21.23,83.64,0.0,24.13,No Significant Environmental Stress,10.2,Low,High Humidity Stress,16.9,Low,Train,Derived prototype label - NOT observed plant-stress ground truth
2025-03-16 18:30:00,18.5,Fruiting,21.24,82.23,0.0,23.92,High Humidity Stress,16.9,Low,High Humidity Stress,13.7,Low,Train,Derived prototype label - NOT observed plant-stress ground truth
2025-03-16 19:00:00,19.0,Fruiting,21.29,83.7,0.0,23.77,High Humidity Stress,13.7,Low,No Significant Environmental Stress,4.0,Low,Train,Derived prototype label - NOT observed plant-stress ground truth
2025-03-16 19:30:00,19.5,Fruiting,21.37,83.0,0.0,23.66,No Significant Environmental Stress,4.0,Low,High Humidity Stress,18.3,Low,Train,Derived prototype label - NOT observed plant-stress ground truth
2025-03-16 20:00:00,20.0,Fruiting,21.48,80.87,0.0,23.5,High Humidity Stress,18.3,Low,High Humidity Stress,14.0,Low,Train,Derived prototype label - NOT observed plant-stress ground truth
2025-03-16 20:30:00,20.5,Fruiting,21.6,84.01,0.0,23.3,High Humidity Stress,14.0,Low,No Significant Environmental Stress,9.3,Low,Train,Derived prototype label - NOT observed plant-stress ground truth
2025-03-16 21:00:00,21.0,Fruiting,21.73,83.08,0.0,23.21,No Significant Environmental Stress,9.3,Low,No Significant Environmental Stress,11.2,Low,Train,Derived prototype label - NOT observed plant-stress ground truth
2025-03-16 21:30:00,21.5,Fruiting,21.86,82.05,0.0,23.08,No Significant Environmental Stress,11.2,Low,No Significant Environmental Stress,0.9,Low,Train,Derived prototype label - NOT observed plant-stress ground truth
2025-03-16 22:00:00,22.0,Fruiting,21.98,82.45,0.0,22.99,No Significant Environmental Stress,0.9,Low,High Humidity Stress,19.0,Low,Train,Derived prototype label - NOT observed plant-stress ground truth
2025-03-16 22:30:00,22.5,Fruiting,22.08,79.66,0.0,22.81,High Humidity Stress,19.0,Low,No Significant Environmental Stress,2.5,Low,Train,Derived prototype label - NOT observed plant-stress ground truth
2025-03-16 23:00:00,23.0,Fruiting,22.16,84.02,0.0,22.86,No Significant Environmental Stress,2.5,Low,No Significant Environmental Stress,5.7,Low,Train,Derived prototype label - NOT observed plant-stress ground truth
2025-03-16 23:30:00,23.5,Fruiting,22.21,78.17,0.0,22.75,No Significant Environmental Stress,5.7,Low,No Significant Environmental Stress,8.7,Low,Train,Derived prototype label - NOT observed plant-stress ground truth
2025-03-17 00:00:00,0.0,Fruiting,21.26,81.26,0.0,22.66,No Significant Environmental Stress,8.7,Low,High Humidity Stress,20.5,Low,Train,Derived prototype label - NOT observed plant-stress ground truth
2025-03-17 00:30:00,0.5,Fruiting,21.24,81.92,0.0,22.6,High Humidity Stress,20.5,Low,High Humidity Stress,24.8,Low,Train,Derived prototype label - NOT observed plant-stress ground truth
2025-03-17 01:00:00,1.0,Fruiting,21.19,84.49,0.0,22.5,High Humidity Stress,24.8,Low,No Significant Environmental Stress,5.4,Low,Train,Derived prototype label - NOT observed plant-stress ground truth
2025-03-17 01:30:00,1.5,Fruiting,21.12,85.45,0.0,22.39,No Significant Environmental Stress,5.4,Low,No Significant Environmental Stress,10.2,Low,Train,Derived prototype label - NOT observed plant-stress ground truth
2025-03-17 02:00:00,2.0,Fruiting,21.01,81.19,0.0,22.3,No Significant Environmental Stress,10.2,Low,No Significant Environmental Stress,5.6,Low,Train,Derived prototype label - NOT observed plant-stress ground truth
2025-03-17 02:30:00,2.5,Fruiting,20.89,82.25,0.0,22.29,No Significant Environmental Stress,5.6,Low,No Significant Environmental Stress,3.7,Low,Train,Derived prototype label - NOT observed plant-stress ground truth
2025-03-17 03:00:00,3.0,Fruiting,20.76,81.23,0.0,22.18,No Significant Environmental Stress,3.7,Low,No Significant Environmental Stress,0.0,Low,Train,Derived prototype label - NOT observed plant-stress ground truth
2025-03-17 03:30:00,3.5,Fruiting,20.63,80.81,0.0,22.16,No Significant Environmental Stress,0.0,Low,No Significant Environmental Stress,2.1,Low,Train,Derived prototype label - NOT observed plant-stress ground truth
2025-03-17 04:00:00,4.0,Fruiting,20.51,79.4,0.0,22.17,No Significant Environmental Stress,2.1,Low,No Significant Environmental Stress,8.5,Low,Train,Derived prototype label - NOT observed plant-stress ground truth
2025-03-17 04:30:00,4.5,Fruiting,20.41,80.46,0.0,22.09,No Significant Environmental Stress,8.5,Low,No Significant Environmental Stress,2.3,Low,Train,Derived prototype label - NOT observed plant-stress ground truth
2025-03-17 05:00:00,5.0,Fruiting,20.33,81.86,0.0,22.06,No Significant Environmental Stress,2.3,Low,Low Light Stress,86.6,High,Train,Derived prototype label - NOT observed plant-stress ground truth
2025-03-17 05:30:00,5.5,Fruiting,20.28,80.51,0.0,22.03,Low Light Stress,86.6,High,Low Light Stress,60.4,Moderate,Train,Derived prototype label - NOT observed plant-stress ground truth
2025-03-17 06:00:00,6.0,Fruiting,20.26,82.61,0.0,22.01,Low Light Stress,60.4,Moderate,Low Light Stress,43.0,Moderate,Train,Derived prototype label - NOT observed plant-stress ground truth
2025-03-17 06:30:00,6.5,Fruiting,21.71,82.12,4637.0,22.0,Low Light Stress,43.0,Moderate,No Significant Environmental Stress,11.5,Low,Train,Derived prototype label - NOT observed plant-stress ground truth
2025-03-17 07:00:00,7.0,Fruiting,22.64,80.35,7252.0,21.96,No Significant Environmental Stress,11.5,Low,No Significant Environmental Stress,0.0,Low,Train,Derived prototype label - NOT observed plant-stress ground truth
2025-03-17 07:30:00,7.5,Fruiting,23.54,77.22,12898.0,22.03,No Significant Environmental Stress,0.0,Low,No Significant Environmental Stress,0.0,Low,Train,Derived prototype label - NOT observed plant-stress ground truth
2025-03-17 08:00:00,8.0,Fruiting,24.39,79.13,15252.0,22.08,No Significant Environmental Stress,0.0,Low,No Significant Environmental Stress,0.0,Low,Train,Derived prototype label - NOT observed plant-stress ground truth
2025-03-17 08:30:00,8.5,Fruiting,25.17,75.13,19603.0,22.25,No Significant Environmental Stress,0.0,Low,No Significant Environmental Stress,0.0,Low,Train,Derived prototype label - NOT observed plant-stress ground truth
2025-03-17 09:00:00,9.0,Fruiting,25.89,74.63,20323.0,22.36,No Significant Environmental Stress,0.0,Low,No Significant Environmental Stress,0.0,Low,Train,Derived prototype label - NOT observed plant-stress ground truth
2025-03-17 09:30:00,9.5,Fruiting,26.51,73.1,22949.0,22.63,No Significant Environmental Stress,0.0,Low,No Significant Environmental Stress,0.0,Low,Train,Derived prototype label - NOT observed plant-stress ground truth
2025-03-17 10:00:00,10.0,Fruiting,27.04,72.59,26411.0,22.85,No Significant Environmental Stress,0.0,Low,No Significant Environmental Stress,0.0,Low,Train,Derived prototype label - NOT observed plant-stress ground truth
2025-03-17 10:30:00,10.5,Fruiting,27.46,70.65,26860.0,23.08,No Significant Environmental Stress,0.0,Low,No Significant Environmental Stress,0.0,Low,Train,Derived prototype label - NOT observed plant-stress ground truth
2025-03-17 11:00:00,11.0,Fruiting,27.76,69.93,29671.0,23.31,No Significant Environmental Stress,0.0,Low,No Significant Environmental Stress,0.1,Low,Train,Derived prototype label - NOT observed plant-stress ground truth
2025-03-17 11:30:00,11.5,Fruiting,27.95,71.15,28478.0,23.59,No Significant Environmental Stress,0.1,Low,No Significant Environmental Stress,0.0,Low,Train,Derived prototype label - NOT observed plant-stress ground truth
2025-03-17 12:00:00,12.0,Fruiting,28.01,70.75,30079.0,23.86,No Significant Environmental Stress,0.0,Low,No Significant Environmental Stress,0.0,Low,Train,Derived prototype label - NOT observed plant-stress ground truth
2025-03-17 12:30:00,12.5,Fruiting,27.95,71.73,31222.0,24.01,No Significant Environmental Stress,0.0,Low,No Significant Environmental Stress,0.0,Low,Train,Derived prototype label - NOT observed plant-stress ground truth
2025-03-17 13:00:00,13.0,Fruiting,27.76,71.92,27111.0,24.14,No Significant Environmental Stress,0.0,Low,Low Light Stress,20.2,Low,Train,Derived prototype label - NOT observed plant-stress ground truth
2025-03-17 13:30:00,13.5,Fruiting,27.46,71.67,17313.0,24.2,Low Light Stress,20.2,Low,No Significant Environmental Stress,0.0,Low,Train,Derived prototype label - NOT observed plant-stress ground truth
2025-03-17 14:00:00,14.0,Fruiting,27.04,70.61,11301.0,24.37,No Significant Environmental Stress,0.0,Low,No Significant Environmental Stress,0.0,Low,Train,Derived prototype label - NOT observed plant-stress ground truth
2025-03-17 14:30:00,14.5,Fruiting,26.51,73.05,15073.0,24.48,No Significant Environmental Stress,0.0,Low,No Significant Environmental Stress,0.0,Low,Train,Derived prototype label - NOT observed plant-stress ground truth
2025-03-17 15:00:00,15.0,Fruiting,25.89,75.32,23545.0,24.53,No Significant Environmental Stress,0.0,Low,No Significant Environmental Stress,0.0,Low,Train,Derived prototype label - NOT observed plant-stress ground truth
2025-03-17 15:30:00,15.5,Fruiting,25.17,73.32,21977.0,24.54,No Significant Environmental Stress,0.0,Low,No Significant Environmental Stress,12.1,Low,Train,Derived prototype label - NOT observed plant-stress ground truth
2025-03-17 16:00:00,16.0,Fruiting,24.39,77.72,16463.0,24.52,No Significant Environmental Stress,12.1,Low,Low Light Stress,39.7,Moderate,Train,Derived prototype label - NOT observed plant-stress ground truth
2025-03-17 16:30:00,16.5,Fruiting,23.54,78.44,12784.0,24.44,Low Light Stress,39.7,Moderate,Low Light Stress,61.9,Moderate,Train,Derived prototype label - NOT observed plant-stress ground truth
2025-03-17 17:00:00,17.0,Fruiting,22.64,81.54,8243.0,24.36,Low Light Stress,61.9,Moderate,High Humidity Stress,17.8,Low,Train,Derived prototype label - NOT observed plant-stress ground truth
2025-03-17 17:30:00,17.5,Fruiting,21.71,82.97,4648.0,24.23,High Humidity Stress,17.8,Low,No Significant Environmental Stress,6.5,Low,Train,Derived prototype label - NOT observed plant-stress ground truth
2025-03-17 18:00:00,18.0,Fruiting,20.26,83.91,0.0,23.95,No Significant Environmental Stress,6.5,Low,No Significant Environmental Stress,9.2,Low,Train,Derived prototype label - NOT observed plant-stress ground truth
2025-03-17 18:30:00,18.5,Fruiting,20.28,81.43,0.0,23.71,No Significant Environmental Stress,9.2,Low,No Significant Environmental Stress,12.8,Low,Train,Derived prototype label - NOT observed plant-stress ground truth
2025-03-17 19:00:00,19.0,Fruiting,20.33,82.03,0.0,23.57,No Significant Environmental Stress,12.8,Low,No Significant Environmental Stress,5.5,Low,Train,Derived prototype label - NOT observed plant-stress ground truth
2025-03-17 19:30:00,19.5,Fruiting,20.41,82.81,0.0,23.29,No Significant Environmental Stress,5.5,Low,High Humidity Stress,21.8,Low,Train,Derived prototype label - NOT observed plant-stress ground truth
2025-03-17 20:00:00,20.0,Fruiting,20.51,81.21,0.0,23.14,High Humidity Stress,21.8,Low,High Humidity Stress,15.9,Low,Train,Derived prototype label - NOT observed plant-stress ground truth
2025-03-17 20:30:00,20.5,Fruiting,20.63,84.79,0.0,22.97,High Humidity Stress,15.9,Low,High Humidity Stress,13.7,Low,Train,Derived prototype label - NOT observed plant-stress ground truth
2025-03-17 21:00:00,21.0,Fruiting,20.76,83.48,0.0,22.78,High Humidity Stress,13.7,Low,No Significant Environmental Stress,11.1,Low,Train,Derived prototype label - NOT observed plant-stress ground truth
2025-03-17 21:30:00,21.5,Fruiting,20.89,83.01,0.0,22.63,No Significant Environmental Stress,11.1,Low,High Humidity Stress,17.0,Low,Train,Derived prototype label - NOT observed plant-stress ground truth
2025-03-17 22:00:00,22.0,Fruiting,21.01,82.43,0.0,22.53,High Humidity Stress,17.0,Low,No Significant Environmental Stress,7.7,Low,Train,Derived prototype label - NOT observed plant-stress ground truth
2025-03-17 22:30:00,22.5,Fruiting,21.12,83.73,0.0,22.48,No Significant Environmental Stress,7.7,Low,High Humidity Stress,22.7,Low,Train,Derived prototype label - NOT observed plant-stress ground truth
2025-03-17 23:00:00,23.0,Fruiting,21.19,81.7,0.0,22.43,High Humidity Stress,22.7,Low,No Significant Environmental Stress,0.0,Low,Train,Derived prototype label - NOT observed plant-stress ground truth
2025-03-17 23:30:00,23.5,Fruiting,21.24,84.99,0.0,22.47,No Significant Environmental Stress,0.0,Low,No Significant Environmental Stress,0.0,Low,Train,Derived prototype label - NOT observed plant-stress ground truth
2025-03-18 00:00:00,0.0,Fruiting,20.45,73.97,0.0,22.29,No Significant Environmental Stress,0.0,Low,No Significant Environmental Stress,0.0,Low,Train,Derived prototype label - NOT observed plant-stress ground truth
2025-03-18 00:30:00,0.5,Fruiting,20.43,75.67,0.0,22.21,No Significant Environmental Stress,0.0,Low,No Significant Environmental Stress,0.0,Low,Train,Derived prototype label - NOT observed plant-stress ground truth
2025-03-18 01:00:00,1.0,Fruiting,20.38,71.43,0.0,22.14,No Significant Environmental Stress,0.0,Low,No Significant Environmental Stress,0.0,Low,Train,Derived prototype label - NOT observed plant-stress ground truth
2025-03-18 01:30:00,1.5,Fruiting,20.3,77.11,0.0,22.06,No Significant Environmental Stress,0.0,Low,No Significant Environmental Stress,0.0,Low,Train,Derived prototype label - NOT observed plant-stress ground truth
2025-03-18 02:00:00,2.0,Fruiting,20.2,75.35,0.0,22.02,No Significant Environmental Stress,0.0,Low,No Significant Environmental Stress,0.0,Low,Train,Derived prototype label - NOT observed plant-stress ground truth
2025-03-18 02:30:00,2.5,Fruiting,20.08,70.9,0.0,21.94,No Significant Environmental Stress,0.0,Low,No Significant Environmental Stress,0.0,Low,Train,Derived prototype label - NOT observed plant-stress ground truth
2025-03-18 03:00:00,3.0,Fruiting,19.95,79.51,0.0,21.91,No Significant Environmental Stress,0.0,Low,No Significant Environmental Stress,0.0,Low,Train,Derived prototype label - NOT observed plant-stress ground truth
2025-03-18 03:30:00,3.5,Fruiting,19.82,75.91,0.0,21.91,No Significant Environmental Stress,0.0,Low,No Significant Environmental Stress,0.0,Low,Train,Derived prototype label - NOT observed plant-stress ground truth
2025-03-18 04:00:00,4.0,Fruiting,19.7,71.73,0.0,21.82,No Significant Environmental Stress,0.0,Low,No Significant Environmental Stress,0.0,Low,Train,Derived prototype label - NOT observed plant-stress ground truth
2025-03-18 04:30:00,4.5,Fruiting,19.6,76.07,0.0,21.82,No Significant Environmental Stress,0.0,Low,No Significant Environmental Stress,0.0,Low,Train,Derived prototype label - NOT observed plant-stress ground truth
2025-03-18 05:00:00,5.0,Fruiting,19.52,74.12,0.0,21.77,No Significant Environmental Stress,0.0,Low,Low Light Stress,89.1,High,Train,Derived prototype label - NOT observed plant-stress ground truth
2025-03-18 05:30:00,5.5,Fruiting,19.47,78.64,0.0,21.67,Low Light Stress,89.1,High,Low Light Stress,50.8,Moderate,Train,Derived prototype label - NOT observed plant-stress ground truth
2025-03-18 06:00:00,6.0,Fruiting,19.45,78.31,0.0,21.61,Low Light Stress,50.8,Moderate,Low Light Stress,24.9,Low,Train,Derived prototype label - NOT observed plant-stress ground truth
2025-03-18 06:30:00,6.5,Fruiting,20.76,72.22,5902.0,21.71,Low Light Stress,24.9,Low,No Significant Environmental Stress,0.0,Low,Train,Derived prototype label - NOT observed plant-stress ground truth
2025-03-18 07:00:00,7.0,Fruiting,21.55,73.17,10441.0,21.73,No Significant Environmental Stress,0.0,Low,No Significant Environmental Stress,0.0,Low,Train,Derived prototype label - NOT observed plant-stress ground truth
2025-03-18 07:30:00,7.5,Fruiting,22.32,70.05,16204.0,21.82,No Significant Environmental Stress,0.0,Low,No Significant Environmental Stress,0.0,Low,Train,Derived prototype label - NOT observed plant-stress ground truth
2025-03-18 08:00:00,8.0,Fruiting,23.04,70.92,20787.0,21.86,No Significant Environmental Stress,0.0,Low,No Significant Environmental Stress,0.0,Low,Train,Derived prototype label - NOT observed plant-stress ground truth
2025-03-18 08:30:00,8.5,Fruiting,23.71,71.25,29491.0,21.97,No Significant Environmental Stress,0.0,Low,No Significant Environmental Stress,0.0,Low,Train,Derived prototype label - NOT observed plant-stress ground truth
2025-03-18 09:00:00,9.0,Fruiting,24.32,71.63,31594.0,22.02,No Significant Environmental Stress,0.0,Low,No Significant Environmental Stress,0.0,Low,Train,Derived prototype label - NOT observed plant-stress ground truth
2025-03-18 09:30:00,9.5,Fruiting,24.85,73.4,31702.0,22.25,No Significant Environmental Stress,0.0,Low,No Significant Environmental Stress,0.0,Low,Train,Derived prototype label - NOT observed plant-stress ground truth
2025-03-18 10:00:00,10.0,Fruiting,25.3,66.99,35619.0,22.33,No Significant Environmental Stress,0.0,Low,No Significant Environmental Stress,0.0,Low,Train,Derived prototype label - NOT observed plant-stress ground truth
2025-03-18 10:30:00,10.5,Fruiting,25.66,69.04,41963.0,22.52,No Significant Environmental Stress,0.0,Low,No Significant Environmental Stress,8.0,Low,Train,Derived prototype label - NOT observed plant-stress ground truth
2025-03-18 11:00:00,11.0,Fruiting,25.92,67.87,42835.0,22.71,No Significant Environmental Stress,8.0,Low,Heat Stress,47.6,Moderate,Train,Derived prototype label - NOT observed plant-stress ground truth
2025-03-18 11:30:00,11.5,Fruiting,28.63,64.88,46110.0,25.14,Heat Stress,47.6,Moderate,Combined Environmental Stress,57.8,Moderate,Train,Derived prototype label - NOT observed plant-stress ground truth
2025-03-18 12:00:00,12.0,Fruiting,31.39,55.52,54470.0,26.72,Combined Environmental Stress,57.8,Moderate,No Significant Environmental Stress,10.5,Low,Train,Derived prototype label - NOT observed plant-stress ground truth
2025-03-18 12:30:00,12.5,Fruiting,31.79,51.6,49317.0,27.93,No Significant Environmental Stress,10.5,Low,No Significant Environmental Stress,0.0,Low,Train,Derived prototype label - NOT observed plant-stress ground truth
2025-03-18 13:00:00,13.0,Fruiting,28.14,57.49,46175.0,25.49,No Significant Environmental Stress,0.0,Low,No Significant Environmental Stress,0.0,Low,Train,Derived prototype label - NOT observed plant-stress ground truth
2025-03-18 13:30:00,13.5,Fruiting,25.66,71.89,33662.0,23.73,No Significant Environmental Stress,0.0,Low,No Significant Environmental Stress,0.0,Low,Train,Derived prototype label - NOT observed plant-stress ground truth
2025-03-18 14:00:00,14.0,Fruiting,25.3,67.21,36851.0,23.92,No Significant Environmental Stress,0.0,Low,No Significant Environmental Stress,0.0,Low,Train,Derived prototype label - NOT observed plant-stress ground truth
2025-03-18 14:30:00,14.5,Fruiting,24.85,70.24,31100.0,23.98,No Significant Environmental Stress,0.0,Low,No Significant Environmental Stress,0.0,Low,Train,Derived prototype label - NOT observed plant-stress ground truth
2025-03-18 15:00:00,15.0,Fruiting,24.32,70.82,28122.0,23.98,No Significant Environmental Stress,0.0,Low,No Significant Environmental Stress,0.0,Low,Train,Derived prototype label - NOT observed plant-stress ground truth
2025-03-18 15:30:00,15.5,Fruiting,23.71,72.03,24227.0,23.95,No Significant Environmental Stress,0.0,Low,No Significant Environmental Stress,0.0,Low,Train,Derived prototype label - NOT observed plant-stress ground truth
2025-03-18 16:00:00,16.0,Fruiting,23.04,72.56,18747.0,23.9,No Significant Environmental Stress,0.0,Low,Low Light Stress,14.5,Low,Train,Derived prototype label - NOT observed plant-stress ground truth
2025-03-18 16:30:00,16.5,Fruiting,22.32,73.03,15561.0,23.86,Low Light Stress,14.5,Low,Low Light Stress,54.6,Moderate,Train,Derived prototype label - NOT observed plant-stress ground truth
2025-03-18 17:00:00,17.0,Fruiting,21.55,76.31,12340.0,23.71,Low Light Stress,54.6,Moderate,No Significant Environmental Stress,0.0,Low,Train,Derived prototype label - NOT observed plant-stress ground truth
2025-03-18 17:30:00,17.5,Fruiting,20.76,77.07,5221.0,23.52,No Significant Environmental Stress,0.0,Low,No Significant Environmental Stress,0.0,Low,Train,Derived prototype label - NOT observed plant-stress ground truth
2025-03-18 18:00:00,18.0,Fruiting,19.45,77.46,0.0,23.43,No Significant Environmental Stress,0.0,Low,No Significant Environmental Stress,0.0,Low,Train,Derived prototype label - NOT observed plant-stress ground truth
2025-03-18 18:30:00,18.5,Fruiting,19.47,73.73,0.0,23.2,No Significant Environmental Stress,0.0,Low,No Significant Environmental Stress,0.0,Low,Train,Derived prototype label - NOT observed plant-stress ground truth
2025-03-18 19:00:00,19.0,Fruiting,19.52,72.56,0.0,23.08,No Significant Environmental Stress,0.0,Low,No Significant Environmental Stress,0.0,Low,Train,Derived prototype label - NOT observed plant-stress ground truth
2025-03-18 19:30:00,19.5,Fruiting,19.6,77.46,0.0,22.94,No Significant Environmental Stress,0.0,Low,No Significant Environmental Stress,0.0,Low,Train,Derived prototype label - NOT observed plant-stress ground truth
2025-03-18 20:00:00,20.0,Fruiting,19.7,75.05,0.0,22.88,No Significant Environmental Stress,0.0,Low,No Significant Environmental Stress,0.0,Low,Train,Derived prototype label - NOT observed plant-stress ground truth
2025-03-18 20:30:00,20.5,Fruiting,19.82,78.34,0.0,22.67,No Significant Environmental Stress,0.0,Low,No Significant Environmental Stress,0.0,Low,Train,Derived prototype label - NOT observed plant-stress ground truth
2025-03-18 21:00:00,21.0,Fruiting,19.95,78.6,0.0,22.51,No Significant Environmental Stress,0.0,Low,No Significant Environmental Stress,0.0,Low,Train,Derived prototype label - NOT observed plant-stress ground truth
2025-03-18 21:30:00,21.5,Fruiting,20.08,77.51,0.0,22.45,No Significant Environmental Stress,0.0,Low,No Significant Environmental Stress,0.0,Low,Train,Derived prototype label - NOT observed plant-stress ground truth
2025-03-18 22:00:00,22.0,Fruiting,20.2,76.64,0.0,22.34,No Significant Environmental Stress,0.0,Low,No Significant Environmental Stress,0.0,Low,Train,Derived prototype label - NOT observed plant-stress ground truth
2025-03-18 22:30:00,22.5,Fruiting,20.3,73.61,0.0,22.22,No Significant Environmental Stress,0.0,Low,No Significant Environmental Stress,0.0,Low,Train,Derived prototype label - NOT observed plant-stress ground truth
2025-03-18 23:00:00,23.0,Fruiting,20.38,76.29,0.0,22.17,No Significant Environmental Stress,0.0,Low,No Significant Environmental Stress,6.7,Low,Train,Derived prototype label - NOT observed plant-stress ground truth
2025-03-18 23:30:00,23.5,Fruiting,20.43,74.6,0.0,22.08,No Significant Environmental Stress,6.7,Low,No Significant Environmental Stress,0.0,Low,Train,Derived prototype label - NOT observed plant-stress ground truth
2025-03-19 00:00:00,0.0,Fruiting,21.23,81.46,0.0,22.0,No Significant Environmental Stress,0.0,Low,No Significant Environmental Stress,2.2,Low,Train,Derived prototype label - NOT observed plant-stress ground truth
2025-03-19 00:30:00,0.5,Fruiting,21.21,79.56,0.0,22.09,No Significant Environmental Stress,2.2,Low,No Significant Environmental Stress,7.6,Low,Train,Derived prototype label - NOT observed plant-stress ground truth
2025-03-19 01:00:00,1.0,Fruiting,21.16,80.48,0.0,22.09,No Significant Environmental Stress,7.6,Low,No Significant Environmental Stress,0.0,Low,Train,Derived prototype label - NOT observed plant-stress ground truth
2025-03-19 01:30:00,1.5,Fruiting,21.08,81.67,0.0,22.04,No Significant Environmental Stress,0.0,Low,No Significant Environmental Stress,0.0,Low,Train,Derived prototype label - NOT observed plant-stress ground truth
2025-03-19 02:00:00,2.0,Fruiting,20.98,77.52,0.0,21.99,No Significant Environmental Stress,0.0,Low,No Significant Environmental Stress,0.0,Low,Train,Derived prototype label - NOT observed plant-stress ground truth
2025-03-19 02:30:00,2.5,Fruiting,20.86,79.81,0.0,21.95,No Significant Environmental Stress,0.0,Low,No Significant Environmental Stress,1.8,Low,Train,Derived prototype label - NOT observed plant-stress ground truth
2025-03-19 03:00:00,3.0,Fruiting,20.73,78.6,0.0,21.88,No Significant Environmental Stress,1.8,Low,No Significant Environmental Stress,0.7,Low,Train,Derived prototype label - NOT observed plant-stress ground truth
2025-03-19 03:30:00,3.5,Fruiting,20.6,80.39,0.0,21.85,No Significant Environmental Stress,0.7,Low,No Significant Environmental Stress,0.0,Low,Train,Derived prototype label - NOT observed plant-stress ground truth
2025-03-19 04:00:00,4.0,Fruiting,20.48,80.16,0.0,21.81,No Significant Environmental Stress,0.0,Low,No Significant Environmental Stress,0.0,Low,Train,Derived prototype label - NOT observed plant-stress ground truth
2025-03-19 04:30:00,4.5,Fruiting,20.38,79.09,0.0,21.82,No Significant Environmental Stress,0.0,Low,No Significant Environmental Stress,1.5,Low,Train,Derived prototype label - NOT observed plant-stress ground truth
2025-03-19 05:00:00,5.0,Fruiting,20.3,77.02,0.0,21.76,No Significant Environmental Stress,1.5,Low,Low Light Stress,85.5,High,Train,Derived prototype label - NOT observed plant-stress ground truth
2025-03-19 05:30:00,5.5,Fruiting,20.25,80.33,0.0,21.68,Low Light Stress,85.5,High,Low Light Stress,43.3,Moderate,Train,Derived prototype label - NOT observed plant-stress ground truth
2025-03-19 06:00:00,6.0,Fruiting,20.23,80.19,0.0,21.7,Low Light Stress,43.3,Moderate,No Significant Environmental Stress,11.6,Low,Train,Derived prototype label - NOT observed plant-stress ground truth
2025-03-19 06:30:00,6.5,Fruiting,21.43,77.61,7079.0,21.76,No Significant Environmental Stress,11.6,Low,No Significant Environmental Stress,0.0,Low,Train,Derived prototype label - NOT observed plant-stress ground truth
2025-03-19 07:00:00,7.0,Fruiting,22.11,76.47,12876.0,21.77,No Significant Environmental Stress,0.0,Low,No Significant Environmental Stress,0.0,Low,Train,Derived prototype label - NOT observed plant-stress ground truth
2025-03-19 07:30:00,7.5,Fruiting,22.77,73.4,18575.0,21.83,No Significant Environmental Stress,0.0,Low,No Significant Environmental Stress,0.0,Low,Train,Derived prototype label - NOT observed plant-stress ground truth
2025-03-19 08:00:00,8.0,Fruiting,23.39,76.82,22551.0,21.91,No Significant Environmental Stress,0.0,Low,No Significant Environmental Stress,0.0,Low,Train,Derived prototype label - NOT observed plant-stress ground truth
2025-03-19 08:30:00,8.5,Fruiting,23.97,78.49,32687.0,22.0,No Significant Environmental Stress,0.0,Low,No Significant Environmental Stress,0.0,Low,Train,Derived prototype label - NOT observed plant-stress ground truth
2025-03-19 09:00:00,9.0,Fruiting,24.5,72.98,35222.0,22.11,No Significant Environmental Stress,0.0,Low,No Significant Environmental Stress,0.0,Low,Train,Derived prototype label - NOT observed plant-stress ground truth
2025-03-19 09:30:00,9.5,Fruiting,24.96,72.47,36921.0,22.25,No Significant Environmental Stress,0.0,Low,No Significant Environmental Stress,0.0,Low,Train,Derived prototype label - NOT observed plant-stress ground truth
2025-03-19 10:00:00,10.0,Fruiting,25.35,75.24,41529.0,22.43,No Significant Environmental Stress,0.0,Low,No Significant Environmental Stress,0.0,Low,Train,Derived prototype label - NOT observed plant-stress ground truth
2025-03-19 10:30:00,10.5,Fruiting,25.65,72.6,49693.0,22.64,No Significant Environmental Stress,0.0,Low,No Significant Environmental Stress,0.0,Low,Train,Derived prototype label - NOT observed plant-stress ground truth
2025-03-19 11:00:00,11.0,Fruiting,25.88,68.93,44712.0,22.92,No Significant Environmental Stress,0.0,Low,No Significant Environmental Stress,0.0,Low,Train,Derived prototype label - NOT observed plant-stress ground truth
2025-03-19 11:30:00,11.5,Fruiting,26.01,67.52,47571.0,23.12,No Significant Environmental Stress,0.0,Low,No Significant Environmental Stress,0.0,Low,Train,Derived prototype label - NOT observed plant-stress ground truth
2025-03-19 12:00:00,12.0,Fruiting,26.06,73.44,45956.0,23.29,No Significant Environmental Stress,0.0,Low,No Significant Environmental Stress,0.0,Low,Train,Derived prototype label - NOT observed plant-stress ground truth
2025-03-19 12:30:00,12.5,Fruiting,26.01,76.14,54306.0,23.41,No Significant Environmental Stress,0.0,Low,No Significant Environmental Stress,0.0,Low,Train,Derived prototype label - NOT observed plant-stress ground truth
2025-03-19 13:00:00,13.0,Fruiting,25.88,69.4,40462.0,23.58,No Significant Environmental Stress,0.0,Low,No Significant Environmental Stress,0.0,Low,Train,Derived prototype label - NOT observed plant-stress ground truth
2025-03-19 13:30:00,13.5,Fruiting,25.65,72.93,44830.0,23.74,No Significant Environmental Stress,0.0,Low,No Significant Environmental Stress,0.0,Low,Train,Derived prototype label - NOT observed plant-stress ground truth
2025-03-19 14:00:00,14.0,Fruiting,25.35,69.4,41601.0,23.84,No Significant Environmental Stress,0.0,Low,No Significant Environmental Stress,0.0,Low,Train,Derived prototype label - NOT observed plant-stress ground truth
2025-03-19 14:30:00,14.5,Fruiting,24.96,71.62,34599.0,23.9,No Significant Environmental Stress,0.0,Low,No Significant Environmental Stress,0.0,Low,Train,Derived prototype label - NOT observed plant-stress ground truth
2025-03-19 15:00:00,15.0,Fruiting,24.5,72.55,35701.0,23.95,No Significant Environmental Stress,0.0,Low,No Significant Environmental Stress,0.0,Low,Train,Derived prototype label - NOT observed plant-stress ground truth
2025-03-19 15:30:00,15.5,Fruiting,23.97,77.24,30124.0,23.92,No Significant Environmental Stress,0.0,Low,No Significant Environmental Stress,0.0,Low,Train,Derived prototype label - NOT observed plant-stress ground truth
2025-03-19 16:00:00,16.0,Fruiting,23.39,79.42,23216.0,23.89,No Significant Environmental Stress,0.0,Low,No Significant Environmental Stress,8.1,Low,Train,Derived prototype label - NOT observed plant-stress ground truth
2025-03-19 16:30:00,16.5,Fruiting,22.77,78.51,16906.0,23.87,No Significant Environmental Stress,8.1,Low,Low Light Stress,53.7,Moderate,Train,Derived prototype label - NOT observed plant-stress ground truth
2025-03-19 17:00:00,17.0,Fruiting,22.11,76.13,13517.0,23.75,Low Light Stress,53.7,Moderate,High Humidity Stress,43.4,Moderate,Train,Derived prototype label - NOT observed plant-stress ground truth
2025-03-19 17:30:00,17.5,Fruiting,21.43,83.03,6165.0,23.61,High Humidity Stress,43.4,Moderate,High Humidity Stress,14.1,Low,Train,Derived prototype label - NOT observed plant-stress ground truth
2025-03-19 18:00:00,18.0,Fruiting,20.23,89.53,0.0,23.44,High Humidity Stress,14.1,Low,High Humidity Stress,72.6,High,Train,Derived prototype label - NOT observed plant-stress ground truth
2025-03-19 18:30:00,18.5,Fruiting,20.25,83.09,0.0,23.3,High Humidity Stress,72.6,High,High Humidity Stress,62.1,Moderate,Train,Derived prototype label - NOT observed plant-stress ground truth
2025-03-19 19:00:00,19.0,Fruiting,20.3,95.94,0.0,23.17,High Humidity Stress,62.1,Moderate,High Humidity Stress,43.6,Moderate,Train,Derived prototype label - NOT observed plant-stress ground truth
2025-03-19 19:30:00,19.5,Fruiting,20.38,93.64,0.0,23.07,High Humidity Stress,43.6,Moderate,High Humidity Stress,33.4,Low,Train,Derived prototype label - NOT observed plant-stress ground truth
2025-03-19 20:00:00,20.0,Fruiting,20.48,89.56,0.0,22.9,High Humidity Stress,33.4,Low,No Significant Environmental Stress,0.0,Low,Train,Derived prototype label - NOT observed plant-stress ground truth
2025-03-19 20:30:00,20.5,Fruiting,20.6,87.34,0.0,22.8,No Significant Environmental Stress,0.0,Low,No Significant Environmental Stress,0.0,Low,Train,Derived prototype label - NOT observed plant-stress ground truth
2025-03-19 21:00:00,21.0,Fruiting,20.73,78.54,0.0,22.61,No Significant Environmental Stress,0.0,Low,No Significant Environmental Stress,0.0,Low,Train,Derived prototype label - NOT observed plant-stress ground truth
2025-03-19 21:30:00,21.5,Fruiting,20.86,79.51,0.0,22.47,No Significant Environmental Stress,0.0,Low,No Significant Environmental Stress,0.0,Low,Train,Derived prototype label - NOT observed plant-stress ground truth
2025-03-19 22:00:00,22.0,Fruiting,20.98,78.23,0.0,22.4,No Significant Environmental Stress,0.0,Low,No Significant Environmental Stress,0.0,Low,Train,Derived prototype label - NOT observed plant-stress ground truth
2025-03-19 22:30:00,22.5,Fruiting,21.08,78.55,0.0,22.36,No Significant Environmental Stress,0.0,Low,No Significant Environmental Stress,0.0,Low,Train,Derived prototype label - NOT observed plant-stress ground truth
2025-03-19 23:00:00,23.0,Fruiting,21.16,79.89,0.0,22.3,No Significant Environmental Stress,0.0,Low,No Significant Environmental Stress,0.0,Low,Train,Derived prototype label - NOT observed plant-stress ground truth
2025-03-19 23:30:00,23.5,Fruiting,21.21,78.08,0.0,22.21,No Significant Environmental Stress,0.0,Low,No Significant Environmental Stress,0.0,Low,Train,Derived prototype label - NOT observed plant-stress ground truth
2025-03-20 00:00:00,0.0,Fruiting,21.73,75.23,0.0,22.2,No Significant Environmental Stress,0.0,Low,No Significant Environmental Stress,2.2,Low,Train,Derived prototype label - NOT observed plant-stress ground truth
2025-03-20 00:30:00,0.5,Fruiting,21.72,77.45,0.0,22.14,No Significant Environmental Stress,2.2,Low,No Significant Environmental Stress,0.0,Low,Train,Derived prototype label - NOT observed plant-stress ground truth
2025-03-20 01:00:00,1.0,Fruiting,21.67,80.48,0.0,22.17,No Significant Environmental Stress,0.0,Low,No Significant Environmental Stress,0.0,Low,Train,Derived prototype label - NOT observed plant-stress ground truth
2025-03-20 01:30:00,1.5,Fruiting,21.59,76.32,0.0,22.19,No Significant Environmental Stress,0.0,Low,No Significant Environmental Stress,0.0,Low,Train,Derived prototype label - NOT observed plant-stress ground truth
2025-03-20 02:00:00,2.0,Fruiting,21.48,78.34,0.0,22.2,No Significant Environmental Stress,0.0,Low,No Significant Environmental Stress,0.0,Low,Train,Derived prototype label - NOT observed plant-stress ground truth
2025-03-20 02:30:00,2.5,Fruiting,21.36,77.75,0.0,22.13,No Significant Environmental Stress,0.0,Low,No Significant Environmental Stress,0.0,Low,Train,Derived prototype label - NOT observed plant-stress ground truth
2025-03-20 03:00:00,3.0,Fruiting,21.23,77.24,0.0,22.12,No Significant Environmental Stress,0.0,Low,No Significant Environmental Stress,0.0,Low,Train,Derived prototype label - NOT observed plant-stress ground truth
2025-03-20 03:30:00,3.5,Fruiting,21.11,77.11,0.0,22.12,No Significant Environmental Stress,0.0,Low,No Significant Environmental Stress,0.0,Low,Train,Derived prototype label - NOT observed plant-stress ground truth
2025-03-20 04:00:00,4.0,Fruiting,20.98,76.67,0.0,22.14,No Significant Environmental Stress,0.0,Low,No Significant Environmental Stress,0.0,Low,Train,Derived prototype label - NOT observed plant-stress ground truth
2025-03-20 04:30:00,4.5,Fruiting,20.88,75.93,0.0,22.08,No Significant Environmental Stress,0.0,Low,No Significant Environmental Stress,0.0,Low,Train,Derived prototype label - NOT observed plant-stress ground truth
2025-03-20 05:00:00,5.0,Fruiting,20.8,73.53,0.0,22.06,No Significant Environmental Stress,0.0,Low,Low Light Stress,83.2,High,Train,Derived prototype label - NOT observed plant-stress ground truth
2025-03-20 05:30:00,5.5,Fruiting,20.75,76.73,0.0,22.04,Low Light Stress,83.2,High,Low Light Stress,53.1,Moderate,Train,Derived prototype label - NOT observed plant-stress ground truth
2025-03-20 06:00:00,6.0,Fruiting,20.73,76.25,0.0,22.03,Low Light Stress,53.1,Moderate,Low Light Stress,31.6,Low,Train,Derived prototype label - NOT observed plant-stress ground truth
2025-03-20 06:30:00,6.5,Fruiting,22.27,76.75,5284.0,22.12,Low Light Stress,31.6,Low,No Significant Environmental Stress,1.3,Low,Train,Derived prototype label - NOT observed plant-stress ground truth
2025-03-20 07:00:00,7.0,Fruiting,23.29,75.4,9213.0,22.14,No Significant Environmental Stress,1.3,Low,No Significant Environmental Stress,0.0,Low,Train,Derived prototype label - NOT observed plant-stress ground truth
2025-03-20 07:30:00,7.5,Fruiting,24.27,73.64,14764.0,22.28,No Significant Environmental Stress,0.0,Low,No Significant Environmental Stress,0.0,Low,Train,Derived prototype label - NOT observed plant-stress ground truth
2025-03-20 08:00:00,8.0,Fruiting,25.2,70.3,19105.0,22.39,No Significant Environmental Stress,0.0,Low,No Significant Environmental Stress,0.0,Low,Train,Derived prototype label - NOT observed plant-stress ground truth
2025-03-20 08:30:00,8.5,Fruiting,26.06,67.58,21837.0,22.62,No Significant Environmental Stress,0.0,Low,No Significant Environmental Stress,0.0,Low,Train,Derived prototype label - NOT observed plant-stress ground truth
2025-03-20 09:00:00,9.0,Fruiting,26.84,67.92,27777.0,22.81,No Significant Environmental Stress,0.0,Low,No Significant Environmental Stress,1.2,Low,Train,Derived prototype label - NOT observed plant-stress ground truth
2025-03-20 09:30:00,9.5,Fruiting,27.53,67.57,28856.0,23.05,No Significant Environmental Stress,1.2,Low,No Significant Environmental Stress,6.6,Low,Train,Derived prototype label - NOT observed plant-stress ground truth
2025-03-20 10:00:00,10.0,Fruiting,28.1,65.57,34811.0,23.24,No Significant Environmental Stress,6.6,Low,No Significant Environmental Stress,10.5,Low,Train,Derived prototype label - NOT observed plant-stress ground truth
2025-03-20 10:30:00,10.5,Fruiting,28.56,63.69,30203.0,23.48,No Significant Environmental Stress,10.5,Low,No Significant Environmental Stress,12.9,Low,Train,Derived prototype label - NOT observed plant-stress ground truth
2025-03-20 11:00:00,11.0,Fruiting,28.9,61.5,34055.0,23.76,No Significant Environmental Stress,12.9,Low,Heat Stress,13.7,Low,Train,Derived prototype label - NOT observed plant-stress ground truth
2025-03-20 11:30:00,11.5,Fruiting,29.1,64.72,38655.0,23.98,Heat Stress,13.7,Low,No Significant Environmental Stress,12.9,Low,Train,Derived prototype label - NOT observed plant-stress ground truth
2025-03-20 12:00:00,12.0,Fruiting,29.17,63.46,37762.0,24.2,No Significant Environmental Stress,12.9,Low,No Significant Environmental Stress,10.5,Low,Train,Derived prototype label - NOT observed plant-stress ground truth
2025-03-20 12:30:00,12.5,Fruiting,29.1,65.53,36748.0,24.35,No Significant Environmental Stress,10.5,Low,Heat Stress,21.8,Low,Train,Derived prototype label - NOT observed plant-stress ground truth
2025-03-20 13:00:00,13.0,Fruiting,28.9,63.91,40324.0,24.59,Heat Stress,21.8,Low,Heat Stress,49.2,Moderate,Train,Derived prototype label - NOT observed plant-stress ground truth
2025-03-20 13:30:00,13.5,Fruiting,29.65,61.8,36792.0,25.53,Heat Stress,49.2,Moderate,Combined Environmental Stress,58.8,Moderate,Train,Derived prototype label - NOT observed plant-stress ground truth
2025-03-20 14:00:00,14.0,Fruiting,31.38,58.79,35599.0,27.11,Combined Environmental Stress,58.8,Moderate,Combined Environmental Stress,77.6,High,Train,Derived prototype label - NOT observed plant-stress ground truth
2025-03-20 14:30:00,14.5,Fruiting,31.81,56.19,33843.0,28.1,Combined Environmental Stress,77.6,High,Combined Environmental Stress,60.6,Moderate,Train,Derived prototype label - NOT observed plant-stress ground truth
2025-03-20 15:00:00,15.0,Fruiting,32.97,51.54,34925.0,29.24,Combined Environmental Stress,60.6,Moderate,Root-Zone Heat Stress,41.5,Moderate,Train,Derived prototype label - NOT observed plant-stress ground truth
2025-03-20 15:30:00,15.5,Fruiting,31.5,53.34,30735.0,28.81,Root-Zone Heat Stress,41.5,Moderate,Root-Zone Heat Stress,17.0,Low,Train,Derived prototype label - NOT observed plant-stress ground truth
2025-03-20 16:00:00,16.0,Fruiting,28.98,60.81,24251.0,28.16,Root-Zone Heat Stress,17.0,Low,Low Light Stress,29.6,Low,Train,Derived prototype label - NOT observed plant-stress ground truth
2025-03-20 16:30:00,16.5,Fruiting,26.61,69.83,16340.0,26.45,Low Light Stress,29.6,Low,Low Light Stress,52.0,Moderate,Train,Derived prototype label - NOT observed plant-stress ground truth
2025-03-20 17:00:00,17.0,Fruiting,23.84,71.48,9751.0,25.19,Low Light Stress,52.0,Moderate,No Significant Environmental Stress,0.0,Low,Train,Derived prototype label - NOT observed plant-stress ground truth
2025-03-20 17:30:00,17.5,Fruiting,22.27,77.34,5484.0,24.52,No Significant Environmental Stress,0.0,Low,No Significant Environmental Stress,0.0,Low,Train,Derived prototype label - NOT observed plant-stress ground truth
2025-03-20 18:00:00,18.0,Fruiting,20.73,77.06,0.0,24.22,No Significant Environmental Stress,0.0,Low,No Significant Environmental Stress,0.0,Low,Train,Derived prototype label - NOT observed plant-stress ground truth
2025-03-20 18:30:00,18.5,Fruiting,20.75,76.97,0.0,24.05,No Significant Environmental Stress,0.0,Low,No Significant Environmental Stress,0.0,Low,Train,Derived prototype label - NOT observed plant-stress ground truth
2025-03-20 19:00:00,19.0,Fruiting,20.8,75.6,0.0,23.81,No Significant Environmental Stress,0.0,Low,No Significant Environmental Stress,0.0,Low,Train,Derived prototype label - NOT observed plant-stress ground truth
2025-03-20 19:30:00,19.5,Fruiting,20.88,76.54,0.0,23.56,No Significant Environmental Stress,0.0,Low,No Significant Environmental Stress,0.0,Low,Train,Derived prototype label - NOT observed plant-stress ground truth
2025-03-20 20:00:00,20.0,Fruiting,20.98,79.14,0.0,23.45,No Significant Environmental Stress,0.0,Low,No Significant Environmental Stress,0.0,Low,Train,Derived prototype label - NOT observed plant-stress ground truth
2025-03-20 20:30:00,20.5,Fruiting,21.11,77.1,0.0,23.33,No Significant Environmental Stress,0.0,Low,No Significant Environmental Stress,0.0,Low,Train,Derived prototype label - NOT observed plant-stress ground truth
2025-03-20 21:00:00,21.0,Fruiting,21.23,75.52,0.0,23.14,No Significant Environmental Stress,0.0,Low,No Significant Environmental Stress,0.0,Low,Train,Derived prototype label - NOT observed plant-stress ground truth
2025-03-20 21:30:00,21.5,Fruiting,21.36,78.12,0.0,23.04,No Significant Environmental Stress,0.0,Low,No Significant Environmental Stress,0.0,Low,Train,Derived prototype label - NOT observed plant-stress ground truth
2025-03-20 22:00:00,22.0,Fruiting,21.48,77.62,0.0,22.93,No Significant Environmental Stress,0.0,Low,No Significant Environmental Stress,0.0,Low,Train,Derived prototype label - NOT observed plant-stress ground truth
2025-03-20 22:30:00,22.5,Fruiting,21.59,77.25,0.0,22.87,No Significant Environmental Stress,0.0,Low,No Significant Environmental Stress,0.0,Low,Train,Derived prototype label - NOT observed plant-stress ground truth
2025-03-20 23:00:00,23.0,Fruiting,21.67,74.79,0.0,22.85,No Significant Environmental Stress,0.0,Low,No Significant Environmental Stress,0.0,Low,Train,Derived prototype label - NOT observed plant-stress ground truth
2025-03-20 23:30:00,23.5,Fruiting,21.72,75.93,0.0,22.75,No Significant Environmental Stress,0.0,Low,No Significant Environmental Stress,0.0,Low,Train,Derived prototype label - NOT observed plant-stress ground truth
2025-03-21 00:00:00,0.0,Fruiting,20.95,73.9,0.0,22.61,No Significant Environmental Stress,0.0,Low,No Significant Environmental Stress,0.0,Low,Train,Derived prototype label - NOT observed plant-stress ground truth
2025-03-21 00:30:00,0.5,Fruiting,20.93,71.54,0.0,22.51,No Significant Environmental Stress,0.0,Low,No Significant Environmental Stress,0.0,Low,Train,Derived prototype label - NOT observed plant-stress ground truth
2025-03-21 01:00:00,1.0,Fruiting,20.88,78.36,0.0,22.38,No Significant Environmental Stress,0.0,Low,No Significant Environmental Stress,0.0,Low,Train,Derived prototype label - NOT observed plant-stress ground truth
2025-03-21 01:30:00,1.5,Fruiting,20.8,75.62,0.0,22.33,No Significant Environmental Stress,0.0,Low,No Significant Environmental Stress,0.0,Low,Train,Derived prototype label - NOT observed plant-stress ground truth
2025-03-21 02:00:00,2.0,Fruiting,20.7,77.56,0.0,22.22,No Significant Environmental Stress,0.0,Low,No Significant Environmental Stress,0.0,Low,Train,Derived prototype label - NOT observed plant-stress ground truth
2025-03-21 02:30:00,2.5,Fruiting,20.58,74.58,0.0,22.14,No Significant Environmental Stress,0.0,Low,No Significant Environmental Stress,0.0,Low,Train,Derived prototype label - NOT observed plant-stress ground truth
2025-03-21 03:00:00,3.0,Fruiting,20.45,75.72,0.0,22.04,No Significant Environmental Stress,0.0,Low,No Significant Environmental Stress,0.0,Low,Train,Derived prototype label - NOT observed plant-stress ground truth
2025-03-21 03:30:00,3.5,Fruiting,20.32,77.48,0.0,22.02,No Significant Environmental Stress,0.0,Low,No Significant Environmental Stress,0.0,Low,Train,Derived prototype label - NOT observed plant-stress ground truth
2025-03-21 04:00:00,4.0,Fruiting,20.2,76.23,0.0,21.98,No Significant Environmental Stress,0.0,Low,No Significant Environmental Stress,0.0,Low,Train,Derived prototype label - NOT observed plant-stress ground truth
2025-03-21 04:30:00,4.5,Fruiting,20.1,76.06,0.0,21.95,No Significant Environmental Stress,0.0,Low,No Significant Environmental Stress,0.0,Low,Train,Derived prototype label - NOT observed plant-stress ground truth
2025-03-21 05:00:00,5.0,Fruiting,20.02,76.34,0.0,21.93,No Significant Environmental Stress,0.0,Low,Low Light Stress,86.8,High,Train,Derived prototype label - NOT observed plant-stress ground truth
2025-03-21 05:30:00,5.5,Fruiting,19.97,74.06,0.0,21.98,Low Light Stress,86.8,High,Low Light Stress,48.8,Moderate,Train,Derived prototype label - NOT observed plant-stress ground truth
2025-03-21 06:00:00,6.0,Fruiting,19.95,71.78,0.0,21.91,Low Light Stress,48.8,Moderate,Low Light Stress,22.1,Low,Train,Derived prototype label - NOT observed plant-stress ground truth
2025-03-21 06:30:00,6.5,Fruiting,21.18,73.99,6077.0,21.91,Low Light Stress,22.1,Low,No Significant Environmental Stress,0.0,Low,Train,Derived prototype label - NOT observed plant-stress ground truth
2025-03-21 07:00:00,7.0,Fruiting,21.9,76.39,10949.0,21.93,No Significant Environmental Stress,0.0,Low,No Significant Environmental Stress,0.0,Low,Train,Derived prototype label - NOT observed plant-stress ground truth
2025-03-21 07:30:00,7.5,Fruiting,22.6,71.48,17957.0,21.94,No Significant Environmental Stress,0.0,Low,No Significant Environmental Stress,0.0,Low,Train,Derived prototype label - NOT observed plant-stress ground truth
2025-03-21 08:00:00,8.0,Fruiting,23.26,74.45,21250.0,22.05,No Significant Environmental Stress,0.0,Low,No Significant Environmental Stress,0.0,Low,Train,Derived prototype label - NOT observed plant-stress ground truth
2025-03-21 08:30:00,8.5,Fruiting,23.87,69.94,23662.0,22.18,No Significant Environmental Stress,0.0,Low,No Significant Environmental Stress,0.0,Low,Train,Derived prototype label - NOT observed plant-stress ground truth
2025-03-21 09:00:00,9.0,Fruiting,24.42,68.76,29159.0,22.31,No Significant Environmental Stress,0.0,Low,No Significant Environmental Stress,0.0,Low,Train,Derived prototype label - NOT observed plant-stress ground truth
2025-03-21 09:30:00,9.5,Fruiting,24.9,68.78,28570.0,22.49,No Significant Environmental Stress,0.0,Low,No Significant Environmental Stress,0.0,Low,Train,Derived prototype label - NOT observed plant-stress ground truth
2025-03-21 10:00:00,10.0,Fruiting,25.31,67.79,32373.0,22.67,No Significant Environmental Stress,0.0,Low,No Significant Environmental Stress,0.0,Low,Train,Derived prototype label - NOT observed plant-stress ground truth
2025-03-21 10:30:00,10.5,Fruiting,25.64,68.74,38138.0,22.86,No Significant Environmental Stress,0.0,Low,No Significant Environmental Stress,0.0,Low,Train,Derived prototype label - NOT observed plant-stress ground truth
2025-03-21 11:00:00,11.0,Fruiting,25.87,67.6,32455.0,23.04,No Significant Environmental Stress,0.0,Low,No Significant Environmental Stress,4.8,Low,Train,Derived prototype label - NOT observed plant-stress ground truth
2025-03-21 11:30:00,11.5,Fruiting,26.02,68.29,30056.0,23.3,No Significant Environmental Stress,4.8,Low,No Significant Environmental Stress,0.0,Low,Train,Derived prototype label - NOT observed plant-stress ground truth
2025-03-21 12:00:00,12.0,Fruiting,26.06,65.27,14130.0,23.46,No Significant Environmental Stress,0.0,Low,No Significant Environmental Stress,0.0,Low,Train,Derived prototype label - NOT observed plant-stress ground truth
2025-03-21 12:30:00,12.5,Fruiting,26.02,67.48,21448.0,23.6,No Significant Environmental Stress,0.0,Low,No Significant Environmental Stress,0.0,Low,Train,Derived prototype label - NOT observed plant-stress ground truth
2025-03-21 13:00:00,13.0,Fruiting,25.87,65.47,34132.0,23.68,No Significant Environmental Stress,0.0,Low,No Significant Environmental Stress,0.0,Low,Train,Derived prototype label - NOT observed plant-stress ground truth
2025-03-21 13:30:00,13.5,Fruiting,25.64,67.3,39174.0,23.69,No Significant Environmental Stress,0.0,Low,No Significant Environmental Stress,0.0,Low,Train,Derived prototype label - NOT observed plant-stress ground truth
2025-03-21 14:00:00,14.0,Fruiting,25.31,68.38,36230.0,23.76,No Significant Environmental Stress,0.0,Low,No Significant Environmental Stress,0.0,Low,Train,Derived prototype label - NOT observed plant-stress ground truth
2025-03-21 14:30:00,14.5,Fruiting,24.9,68.65,31183.0,23.91,No Significant Environmental Stress,0.0,Low,No Significant Environmental Stress,0.0,Low,Train,Derived prototype label - NOT observed plant-stress ground truth
2025-03-21 15:00:00,15.0,Fruiting,24.42,68.09,23884.0,23.94,No Significant Environmental Stress,0.0,Low,No Significant Environmental Stress,0.0,Low,Train,Derived prototype label - NOT observed plant-stress ground truth
2025-03-21 15:30:00,15.5,Fruiting,23.87,71.85,27096.0,23.98,No Significant Environmental Stress,0.0,Low,No Significant Environmental Stress,1.9,Low,Train,Derived prototype label - NOT observed plant-stress ground truth
2025-03-21 16:00:00,16.0,Fruiting,23.26,73.11,18947.0,23.93,No Significant Environmental Stress,1.9,Low,Low Light Stress,25.4,Low,Train,Derived prototype label - NOT observed plant-stress ground truth
2025-03-21 16:30:00,16.5,Fruiting,22.6,73.85,14656.0,23.95,Low Light Stress,25.4,Low,Low Light Stress,51.7,Moderate,Train,Derived prototype label - NOT observed plant-stress ground truth
2025-03-21 17:00:00,17.0,Fruiting,21.9,76.48,10361.0,23.8,Low Light Stress,51.7,Moderate,No Significant Environmental Stress,0.0,Low,Train,Derived prototype label - NOT observed plant-stress ground truth
2025-03-21 17:30:00,17.5,Fruiting,21.18,74.16,5547.0,23.64,No Significant Environmental Stress,0.0,Low,No Significant Environmental Stress,0.0,Low,Train,Derived prototype label - NOT observed plant-stress ground truth
2025-03-21 18:00:00,18.0,Fruiting,19.95,76.91,0.0,23.48,No Significant Environmental Stress,0.0,Low,No Significant Environmental Stress,0.0,Low,Train,Derived prototype label - NOT observed plant-stress ground truth
2025-03-21 18:30:00,18.5,Fruiting,19.97,75.19,0.0,23.43,No Significant Environmental Stress,0.0,Low,No Significant Environmental Stress,0.0,Low,Train,Derived prototype label - NOT observed plant-stress ground truth
2025-03-21 19:00:00,19.0,Fruiting,20.02,75.87,0.0,23.31,No Significant Environmental Stress,0.0,Low,No Significant Environmental Stress,0.0,Low,Train,Derived prototype label - NOT observed plant-stress ground truth
2025-03-21 19:30:00,19.5,Fruiting,20.1,77.68,0.0,23.14,No Significant Environmental Stress,0.0,Low,No Significant Environmental Stress,0.0,Low,Train,Derived prototype label - NOT observed plant-stress ground truth
2025-03-21 20:00:00,20.0,Fruiting,20.2,78.3,0.0,22.95,No Significant Environmental Stress,0.0,Low,No Significant Environmental Stress,0.0,Low,Train,Derived prototype label - NOT observed plant-stress ground truth
2025-03-21 20:30:00,20.5,Fruiting,20.32,75.42,0.0,22.82,No Significant Environmental Stress,0.0,Low,No Significant Environmental Stress,0.0,Low,Train,Derived prototype label - NOT observed plant-stress ground truth
2025-03-21 21:00:00,21.0,Fruiting,20.45,74.82,0.0,22.64,No Significant Environmental Stress,0.0,Low,No Significant Environmental Stress,0.0,Low,Train,Derived prototype label - NOT observed plant-stress ground truth
2025-03-21 21:30:00,21.5,Fruiting,20.58,77.25,0.0,22.47,No Significant Environmental Stress,0.0,Low,No Significant Environmental Stress,0.0,Low,Train,Derived prototype label - NOT observed plant-stress ground truth
2025-03-21 22:00:00,22.0,Fruiting,20.7,77.56,0.0,22.45,No Significant Environmental Stress,0.0,Low,No Significant Environmental Stress,0.0,Low,Train,Derived prototype label - NOT observed plant-stress ground truth
2025-03-21 22:30:00,22.5,Fruiting,20.8,77.22,0.0,22.35,No Significant Environmental Stress,0.0,Low,No Significant Environmental Stress,0.0,Low,Train,Derived prototype label - NOT observed plant-stress ground truth
2025-03-21 23:00:00,23.0,Fruiting,20.88,77.45,0.0,22.26,No Significant Environmental Stress,0.0,Low,No Significant Environmental Stress,6.5,Low,Train,Derived prototype label - NOT observed plant-stress ground truth
2025-03-21 23:30:00,23.5,Fruiting,20.93,73.21,0.0,22.16,No Significant Environmental Stress,6.5,Low,No Significant Environmental Stress,6.7,Low,Train,Derived prototype label - NOT observed plant-stress ground truth
2025-03-22 00:00:00,0.0,Fruiting,20.88,81.43,0.0,22.13,No Significant Environmental Stress,6.7,Low,No Significant Environmental Stress,0.8,Low,Train,Derived prototype label - NOT observed plant-stress ground truth
2025-03-22 00:30:00,0.5,Fruiting,20.87,81.47,0.0,22.14,No Significant Environmental Stress,0.8,Low,No Significant Environmental Stress,0.0,Low,Train,Derived prototype label - NOT observed plant-stress ground truth
2025-03-22 01:00:00,1.0,Fruiting,20.82,80.17,0.0,22.13,No Significant Environmental Stress,0.0,Low,No Significant Environmental Stress,2.6,Low,Train,Derived prototype label - NOT observed plant-stress ground truth
2025-03-22 01:30:00,1.5,Fruiting,20.74,79.46,0.0,22.09,No Significant Environmental Stress,2.6,Low,High Humidity Stress,14.4,Low,Train,Derived prototype label - NOT observed plant-stress ground truth
2025-03-22 02:00:00,2.0,Fruiting,20.63,80.58,0.0,22.03,High Humidity Stress,14.4,Low,No Significant Environmental Stress,10.4,Low,Train,Derived prototype label - NOT observed plant-stress ground truth
2025-03-22 02:30:00,2.5,Fruiting,20.51,83.15,0.0,21.98,No Significant Environmental Stress,10.4,Low,No Significant Environmental Stress,1.3,Low,Train,Derived prototype label - NOT observed plant-stress ground truth
2025-03-22 03:00:00,3.0,Fruiting,20.38,82.29,0.0,21.91,No Significant Environmental Stress,1.3,Low,No Significant Environmental Stress,5.9,Low,Train,Derived prototype label - NOT observed plant-stress ground truth
2025-03-22 03:30:00,3.5,Fruiting,20.25,80.28,0.0,21.83,No Significant Environmental Stress,5.9,Low,No Significant Environmental Stress,2.3,Low,Train,Derived prototype label - NOT observed plant-stress ground truth
2025-03-22 04:00:00,4.0,Fruiting,20.13,81.29,0.0,21.76,No Significant Environmental Stress,2.3,Low,No Significant Environmental Stress,6.5,Low,Train,Derived prototype label - NOT observed plant-stress ground truth
2025-03-22 04:30:00,4.5,Fruiting,20.03,80.5,0.0,21.73,No Significant Environmental Stress,6.5,Low,No Significant Environmental Stress,12.2,Low,Train,Derived prototype label - NOT observed plant-stress ground truth
2025-03-22 05:00:00,5.0,Fruiting,19.95,81.42,0.0,21.64,No Significant Environmental Stress,12.2,Low,Low Light Stress,87.1,High,Train,Derived prototype label - NOT observed plant-stress ground truth
2025-03-22 05:30:00,5.5,Fruiting,19.9,82.67,0.0,21.66,Low Light Stress,87.1,High,Low Light Stress,50.0,Moderate,Train,Derived prototype label - NOT observed plant-stress ground truth
2025-03-22 06:00:00,6.0,Fruiting,19.88,80.45,0.0,21.62,Low Light Stress,50.0,Moderate,Low Light Stress,21.8,Low,Train,Derived prototype label - NOT observed plant-stress ground truth
2025-03-22 06:30:00,6.5,Fruiting,21.44,78.49,5848.0,21.62,Low Light Stress,21.8,Low,No Significant Environmental Stress,4.1,Low,Train,Derived prototype label - NOT observed plant-stress ground truth
2025-03-22 07:00:00,7.0,Fruiting,22.48,78.88,11021.0,21.74,No Significant Environmental Stress,4.1,Low,No Significant Environmental Stress,0.0,Low,Train,Derived prototype label - NOT observed plant-stress ground truth
2025-03-22 07:30:00,7.5,Fruiting,23.49,75.55,14249.0,21.87,No Significant Environmental Stress,0.0,Low,No Significant Environmental Stress,0.0,Low,Train,Derived prototype label - NOT observed plant-stress ground truth
2025-03-22 08:00:00,8.0,Fruiting,24.44,75.94,22668.0,22.07,No Significant Environmental Stress,0.0,Low,No Significant Environmental Stress,0.0,Low,Train,Derived prototype label - NOT observed plant-stress ground truth
2025-03-22 08:30:00,8.5,Fruiting,25.32,76.11,23050.0,22.22,No Significant Environmental Stress,0.0,Low,No Significant Environmental Stress,0.0,Low,Train,Derived prototype label - NOT observed plant-stress ground truth
2025-03-22 09:00:00,9.0,Fruiting,26.12,72.54,32223.0,22.4,No Significant Environmental Stress,0.0,Low,No Significant Environmental Stress,0.0,Low,Train,Derived prototype label - NOT observed plant-stress ground truth
2025-03-22 09:30:00,9.5,Fruiting,26.82,73.01,27846.0,22.65,No Significant Environmental Stress,0.0,Low,No Significant Environmental Stress,0.0,Low,Train,Derived prototype label - NOT observed plant-stress ground truth
2025-03-22 10:00:00,10.0,Fruiting,27.41,69.21,37976.0,22.86,No Significant Environmental Stress,0.0,Low,No Significant Environmental Stress,2.6,Low,Train,Derived prototype label - NOT observed plant-stress ground truth
2025-03-22 10:30:00,10.5,Fruiting,27.88,66.45,34570.0,23.1,No Significant Environmental Stress,2.6,Low,No Significant Environmental Stress,5.0,Low,Train,Derived prototype label - NOT observed plant-stress ground truth
2025-03-22 11:00:00,11.0,Fruiting,28.22,67.87,43600.0,23.3,No Significant Environmental Stress,5.0,Low,No Significant Environmental Stress,5.9,Low,Train,Derived prototype label - NOT observed plant-stress ground truth
2025-03-22 11:30:00,11.5,Fruiting,28.43,70.88,37355.0,23.58,No Significant Environmental Stress,5.9,Low,No Significant Environmental Stress,5.0,Low,Train,Derived prototype label - NOT observed plant-stress ground truth
2025-03-22 12:00:00,12.0,Fruiting,28.5,68.43,38946.0,23.8,No Significant Environmental Stress,5.0,Low,No Significant Environmental Stress,2.6,Low,Train,Derived prototype label - NOT observed plant-stress ground truth
2025-03-22 12:30:00,12.5,Fruiting,28.43,69.4,41572.0,24.05,No Significant Environmental Stress,2.6,Low,No Significant Environmental Stress,0.0,Low,Train,Derived prototype label - NOT observed plant-stress ground truth
2025-03-22 13:00:00,13.0,Fruiting,28.22,68.53,45245.0,24.18,No Significant Environmental Stress,0.0,Low,No Significant Environmental Stress,0.0,Low,Train,Derived prototype label - NOT observed plant-stress ground truth
2025-03-22 13:30:00,13.5,Fruiting,27.88,66.37,39684.0,24.35,No Significant Environmental Stress,0.0,Low,No Significant Environmental Stress,0.0,Low,Train,Derived prototype label - NOT observed plant-stress ground truth
2025-03-22 14:00:00,14.0,Fruiting,27.41,70.38,33609.0,24.52,No Significant Environmental Stress,0.0,Low,No Significant Environmental Stress,0.0,Low,Train,Derived prototype label - NOT observed plant-stress ground truth
2025-03-22 14:30:00,14.5,Fruiting,26.82,71.14,34223.0,24.56,No Significant Environmental Stress,0.0,Low,No Significant Environmental Stress,0.0,Low,Train,Derived prototype label - NOT observed plant-stress ground truth
2025-03-22 15:00:00,15.0,Fruiting,26.12,73.21,27562.0,24.63,No Significant Environmental Stress,0.0,Low,No Significant Environmental Stress,0.0,Low,Train,Derived prototype label - NOT observed plant-stress ground truth
2025-03-22 15:30:00,15.5,Fruiting,25.32,72.59,21227.0,24.7,No Significant Environmental Stress,0.0,Low,No Significant Environmental Stress,0.0,Low,Train,Derived prototype label - NOT observed plant-stress ground truth
2025-03-22 16:00:00,16.0,Fruiting,24.44,74.51,19646.0,24.56,No Significant Environmental Stress,0.0,Low,Low Light Stress,19.3,Low,Train,Derived prototype label - NOT observed plant-stress ground truth
2025-03-22 16:30:00,16.5,Fruiting,23.49,78.5,18047.0,24.51,Low Light Stress,19.3,Low,Low Light Stress,53.0,Moderate,Train,Derived prototype label - NOT observed plant-stress ground truth
2025-03-22 17:00:00,17.0,Fruiting,22.48,78.84,11467.0,24.38,Low Light Stress,53.0,Moderate,High Humidity Stress,15.1,Low,Train,Derived prototype label - NOT observed plant-stress ground truth
2025-03-22 17:30:00,17.5,Fruiting,21.44,77.14,5309.0,24.14,High Humidity Stress,15.1,Low,No Significant Environmental Stress,0.0,Low,Train,Derived prototype label - NOT observed plant-stress ground truth
2025-03-22 18:00:00,18.0,Fruiting,19.88,83.32,0.0,23.91,No Significant Environmental Stress,0.0,Low,No Significant Environmental Stress,0.0,Low,Train,Derived prototype label - NOT observed plant-stress ground truth
2025-03-22 18:30:00,18.5,Fruiting,19.9,79.69,0.0,23.71,No Significant Environmental Stress,0.0,Low,High Humidity Stress,13.5,Low,Train,Derived prototype label - NOT observed plant-stress ground truth
2025-03-22 19:00:00,19.0,Fruiting,19.95,79.52,0.0,23.49,High Humidity Stress,13.5,Low,No Significant Environmental Stress,0.0,Low,Train,Derived prototype label - NOT observed plant-stress ground truth
2025-03-22 19:30:00,19.5,Fruiting,20.03,82.97,0.0,23.25,No Significant Environmental Stress,0.0,Low,No Significant Environmental Stress,0.5,Low,Train,Derived prototype label - NOT observed plant-stress ground truth
2025-03-22 20:00:00,20.0,Fruiting,20.13,79.37,0.0,23.08,No Significant Environmental Stress,0.5,Low,No Significant Environmental Stress,0.3,Low,Train,Derived prototype label - NOT observed plant-stress ground truth
2025-03-22 20:30:00,20.5,Fruiting,20.25,80.12,0.0,22.92,No Significant Environmental Stress,0.3,Low,No Significant Environmental Stress,0.0,Low,Train,Derived prototype label - NOT observed plant-stress ground truth
2025-03-22 21:00:00,21.0,Fruiting,20.38,80.07,0.0,22.78,No Significant Environmental Stress,0.0,Low,No Significant Environmental Stress,1.7,Low,Train,Derived prototype label - NOT observed plant-stress ground truth
2025-03-22 21:30:00,21.5,Fruiting,20.51,79.44,0.0,22.64,No Significant Environmental Stress,1.7,Low,No Significant Environmental Stress,3.5,Low,Train,Derived prototype label - NOT observed plant-stress ground truth
2025-03-22 22:00:00,22.0,Fruiting,20.63,80.37,0.0,22.6,No Significant Environmental Stress,3.5,Low,No Significant Environmental Stress,0.0,Low,Train,Derived prototype label - NOT observed plant-stress ground truth
2025-03-22 22:30:00,22.5,Fruiting,20.74,80.76,0.0,22.49,No Significant Environmental Stress,0.0,Low,No Significant Environmental Stress,0.0,Low,Train,Derived prototype label - NOT observed plant-stress ground truth
2025-03-22 23:00:00,23.0,Fruiting,20.82,78.42,0.0,22.44,No Significant Environmental Stress,0.0,Low,No Significant Environmental Stress,2.7,Low,Train,Derived prototype label - NOT observed plant-stress ground truth
2025-03-22 23:30:00,23.5,Fruiting,20.87,75.21,0.0,22.37,No Significant Environmental Stress,2.7,Low,No Significant Environmental Stress,2.5,Low,Train,Derived prototype label - NOT observed plant-stress ground truth
2025-03-23 00:00:00,0.0,Fruiting,22.23,74.34,0.0,22.42,No Significant Environmental Stress,2.5,Low,No Significant Environmental Stress,1.9,Low,Train,Derived prototype label - NOT observed plant-stress ground truth
2025-03-23 00:30:00,0.5,Fruiting,22.21,75.03,0.0,22.42,No Significant Environmental Stress,1.9,Low,No Significant Environmental Stress,0.9,Low,Train,Derived prototype label - NOT observed plant-stress ground truth
2025-03-23 01:00:00,1.0,Fruiting,22.16,73.75,0.0,22.39,No Significant Environmental Stress,0.9,Low,No Significant Environmental Stress,0.0,Low,Train,Derived prototype label - NOT observed plant-stress ground truth
2025-03-23 01:30:00,1.5,Fruiting,22.08,75.07,0.0,22.39,No Significant Environmental Stress,0.0,Low,No Significant Environmental Stress,0.0,Low,Train,Derived prototype label - NOT observed plant-stress ground truth
2025-03-23 02:00:00,2.0,Fruiting,21.98,75.0,0.0,22.36,No Significant Environmental Stress,0.0,Low,No Significant Environmental Stress,0.0,Low,Train,Derived prototype label - NOT observed plant-stress ground truth
2025-03-23 02:30:00,2.5,Fruiting,21.85,76.64,0.0,22.39,No Significant Environmental Stress,0.0,Low,No Significant Environmental Stress,0.0,Low,Train,Derived prototype label - NOT observed plant-stress ground truth
2025-03-23 03:00:00,3.0,Fruiting,21.73,76.83,0.0,22.38,No Significant Environmental Stress,0.0,Low,No Significant Environmental Stress,0.0,Low,Train,Derived prototype label - NOT observed plant-stress ground truth
2025-03-23 03:30:00,3.5,Fruiting,21.6,74.03,0.0,22.29,No Significant Environmental Stress,0.0,Low,No Significant Environmental Stress,0.0,Low,Train,Derived prototype label - NOT observed plant-stress ground truth
2025-03-23 04:00:00,4.0,Fruiting,21.48,78.45,0.0,22.27,No Significant Environmental Stress,0.0,Low,No Significant Environmental Stress,0.0,Low,Train,Derived prototype label - NOT observed plant-stress ground truth
2025-03-23 04:30:00,4.5,Fruiting,21.37,76.24,0.0,22.21,No Significant Environmental Stress,0.0,Low,No Significant Environmental Stress,0.0,Low,Train,Derived prototype label - NOT observed plant-stress ground truth
2025-03-23 05:00:00,5.0,Fruiting,21.29,74.74,0.0,22.21,No Significant Environmental Stress,0.0,Low,Low Light Stress,82.0,High,Train,Derived prototype label - NOT observed plant-stress ground truth
2025-03-23 05:30:00,5.5,Fruiting,21.24,75.03,0.0,22.15,Low Light Stress,82.0,High,Low Light Stress,62.6,Moderate,Train,Derived prototype label - NOT observed plant-stress ground truth
2025-03-23 06:00:00,6.0,Fruiting,21.23,75.89,0.0,22.15,Low Light Stress,62.6,Moderate,Low Light Stress,40.6,Moderate,Train,Derived prototype label - NOT observed plant-stress ground truth
2025-03-23 06:30:00,6.5,Fruiting,22.48,74.07,3556.0,22.33,Low Light Stress,40.6,Moderate,Low Light Stress,23.1,Low,Train,Derived prototype label - NOT observed plant-stress ground truth
2025-03-23 07:00:00,7.0,Fruiting,23.22,71.69,7569.0,22.33,Low Light Stress,23.1,Low,No Significant Environmental Stress,0.0,Low,Train,Derived prototype label - NOT observed plant-stress ground truth
2025-03-23 07:30:00,7.5,Fruiting,23.94,73.95,10778.0,22.48,No Significant Environmental Stress,0.0,Low,No Significant Environmental Stress,0.0,Low,Train,Derived prototype label - NOT observed plant-stress ground truth
2025-03-23 08:00:00,8.0,Fruiting,24.62,70.98,17254.0,22.55,No Significant Environmental Stress,0.0,Low,No Significant Environmental Stress,0.0,Low,Train,Derived prototype label - NOT observed plant-stress ground truth
2025-03-23 08:30:00,8.5,Fruiting,25.24,68.47,20706.0,22.64,No Significant Environmental Stress,0.0,Low,No Significant Environmental Stress,0.0,Low,Train,Derived prototype label - NOT observed plant-stress ground truth
2025-03-23 09:00:00,9.0,Fruiting,25.81,68.78,22321.0,22.66,No Significant Environmental Stress,0.0,Low,No Significant Environmental Stress,0.0,Low,Train,Derived prototype label - NOT observed plant-stress ground truth
2025-03-23 09:30:00,9.5,Fruiting,26.31,68.97,23037.0,22.76,No Significant Environmental Stress,0.0,Low,No Significant Environmental Stress,0.0,Low,Train,Derived prototype label - NOT observed plant-stress ground truth
2025-03-23 10:00:00,10.0,Fruiting,26.73,65.34,24890.0,22.93,No Significant Environmental Stress,0.0,Low,No Significant Environmental Stress,0.0,Low,Train,Derived prototype label - NOT observed plant-stress ground truth
2025-03-23 10:30:00,10.5,Fruiting,27.07,67.9,23534.0,23.16,No Significant Environmental Stress,0.0,Low,No Significant Environmental Stress,0.0,Low,Train,Derived prototype label - NOT observed plant-stress ground truth
2025-03-23 11:00:00,11.0,Fruiting,27.31,63.53,29532.0,23.42,No Significant Environmental Stress,0.0,Low,No Significant Environmental Stress,0.0,Low,Train,Derived prototype label - NOT observed plant-stress ground truth
2025-03-23 11:30:00,11.5,Fruiting,27.46,65.13,33582.0,23.65,No Significant Environmental Stress,0.0,Low,No Significant Environmental Stress,0.0,Low,Train,Derived prototype label - NOT observed plant-stress ground truth
2025-03-23 12:00:00,12.0,Fruiting,27.51,68.13,34063.0,23.89,No Significant Environmental Stress,0.0,Low,No Significant Environmental Stress,0.0,Low,Train,Derived prototype label - NOT observed plant-stress ground truth
2025-03-23 12:30:00,12.5,Fruiting,27.46,63.4,32579.0,24.09,No Significant Environmental Stress,0.0,Low,No Significant Environmental Stress,0.0,Low,Train,Derived prototype label - NOT observed plant-stress ground truth
2025-03-23 13:00:00,13.0,Fruiting,27.58,65.4,36869.0,24.24,No Significant Environmental Stress,0.0,Low,No Significant Environmental Stress,0.0,Low,Train,Derived prototype label - NOT observed plant-stress ground truth
2025-03-23 13:30:00,13.5,Fruiting,27.91,63.18,39261.0,24.39,No Significant Environmental Stress,0.0,Low,No Significant Environmental Stress,0.0,Low,Train,Derived prototype label - NOT observed plant-stress ground truth
2025-03-23 14:00:00,14.0,Fruiting,27.71,66.92,42257.0,24.43,No Significant Environmental Stress,0.0,Low,No Significant Environmental Stress,0.0,Low,Train,Derived prototype label - NOT observed plant-stress ground truth
2025-03-23 14:30:00,14.5,Fruiting,26.72,66.91,31126.0,24.49,No Significant Environmental Stress,0.0,Low,No Significant Environmental Stress,0.0,Low,Train,Derived prototype label - NOT observed plant-stress ground truth
2025-03-23 15:00:00,15.0,Fruiting,25.81,72.65,23437.0,24.47,No Significant Environmental Stress,0.0,Low,No Significant Environmental Stress,0.0,Low,Train,Derived prototype label - NOT observed plant-stress ground truth
2025-03-23 15:30:00,15.5,Fruiting,25.24,68.84,18797.0,24.5,No Significant Environmental Stress,0.0,Low,Low Light Stress,14.8,Low,Train,Derived prototype label - NOT observed plant-stress ground truth
2025-03-23 16:00:00,16.0,Fruiting,24.62,66.99,15872.0,24.44,Low Light Stress,14.8,Low,Low Light Stress,35.3,Moderate,Train,Derived prototype label - NOT observed plant-stress ground truth
2025-03-23 16:30:00,16.5,Fruiting,23.94,72.43,12284.0,24.42,Low Light Stress,35.3,Moderate,Low Light Stress,58.6,Moderate,Train,Derived prototype label - NOT observed plant-stress ground truth
2025-03-23 17:00:00,17.0,Fruiting,23.22,75.45,8543.0,24.29,Low Light Stress,58.6,Moderate,No Significant Environmental Stress,0.0,Low,Train,Derived prototype label - NOT observed plant-stress ground truth
2025-03-23 17:30:00,17.5,Fruiting,22.48,75.07,4288.0,24.13,No Significant Environmental Stress,0.0,Low,No Significant Environmental Stress,0.0,Low,Train,Derived prototype label - NOT observed plant-stress ground truth
2025-03-23 18:00:00,18.0,Fruiting,21.23,77.97,0.0,23.95,No Significant Environmental Stress,0.0,Low,No Significant Environmental Stress,0.0,Low,Train,Derived prototype label - NOT observed plant-stress ground truth
2025-03-23 18:30:00,18.5,Fruiting,21.24,74.11,0.0,23.81,No Significant Environmental Stress,0.0,Low,No Significant Environmental Stress,0.0,Low,Train,Derived prototype label - NOT observed plant-stress ground truth
2025-03-23 19:00:00,19.0,Fruiting,21.29,76.37,0.0,23.6,No Significant Environmental Stress,0.0,Low,No Significant Environmental Stress,0.0,Low,Train,Derived prototype label - NOT observed plant-stress ground truth
2025-03-23 19:30:00,19.5,Fruiting,21.37,77.4,0.0,23.38,No Significant Environmental Stress,0.0,Low,No Significant Environmental Stress,0.0,Low,Train,Derived prototype label - NOT observed plant-stress ground truth
2025-03-23 20:00:00,20.0,Fruiting,21.48,76.38,0.0,23.24,No Significant Environmental Stress,0.0,Low,No Significant Environmental Stress,0.0,Low,Train,Derived prototype label - NOT observed plant-stress ground truth
2025-03-23 20:30:00,20.5,Fruiting,21.6,77.57,0.0,23.17,No Significant Environmental Stress,0.0,Low,No Significant Environmental Stress,0.0,Low,Train,Derived prototype label - NOT observed plant-stress ground truth
2025-03-23 21:00:00,21.0,Fruiting,21.73,75.57,0.0,23.01,No Significant Environmental Stress,0.0,Low,No Significant Environmental Stress,0.0,Low,Train,Derived prototype label - NOT observed plant-stress ground truth
2025-03-23 21:30:00,21.5,Fruiting,21.85,73.15,0.0,22.87,No Significant Environmental Stress,0.0,Low,No Significant Environmental Stress,0.9,Low,Train,Derived prototype label - NOT observed plant-stress ground truth
2025-03-23 22:00:00,22.0,Fruiting,21.98,74.12,0.0,22.75,No Significant Environmental Stress,0.9,Low,No Significant Environmental Stress,1.9,Low,Train,Derived prototype label - NOT observed plant-stress ground truth
2025-03-23 22:30:00,22.5,Fruiting,22.08,74.98,0.0,22.67,No Significant Environmental Stress,1.9,Low,No Significant Environmental Stress,2.5,Low,Train,Derived prototype label - NOT observed plant-stress ground truth
2025-03-23 23:00:00,23.0,Fruiting,22.16,75.67,0.0,22.62,No Significant Environmental Stress,2.5,Low,No Significant Environmental Stress,10.2,Low,Train,Derived prototype label - NOT observed plant-stress ground truth
2025-03-23 23:30:00,23.5,Fruiting,22.21,74.23,0.0,22.57,No Significant Environmental Stress,10.2,Low,No Significant Environmental Stress,5.0,Low,Train,Derived prototype label - NOT observed plant-stress ground truth
2025-03-24 00:00:00,0.0,Fruiting,20.95,82.24,0.0,22.52,No Significant Environmental Stress,5.0,Low,No Significant Environmental Stress,0.0,Low,Train,Derived prototype label - NOT observed plant-stress ground truth
2025-03-24 00:30:00,0.5,Fruiting,20.93,81.1,0.0,22.45,No Significant Environmental Stress,0.0,Low,High Humidity Stress,13.5,Low,Train,Derived prototype label - NOT observed plant-stress ground truth
2025-03-24 01:00:00,1.0,Fruiting,20.88,78.83,0.0,22.27,High Humidity Stress,13.5,Low,No Significant Environmental Stress,0.0,Low,Train,Derived prototype label - NOT observed plant-stress ground truth
2025-03-24 01:30:00,1.5,Fruiting,20.8,82.96,0.0,22.18,No Significant Environmental Stress,0.0,Low,No Significant Environmental Stress,6.6,Low,Train,Derived prototype label - NOT observed plant-stress ground truth
2025-03-24 02:00:00,2.0,Fruiting,20.7,78.63,0.0,22.12,No Significant Environmental Stress,6.6,Low,No Significant Environmental Stress,1.1,Low,Train,Derived prototype label - NOT observed plant-stress ground truth
2025-03-24 02:30:00,2.5,Fruiting,20.58,81.45,0.0,22.07,No Significant Environmental Stress,1.1,Low,High Humidity Stress,15.6,Low,Train,Derived prototype label - NOT observed plant-stress ground truth
2025-03-24 03:00:00,3.0,Fruiting,20.45,80.25,0.0,22.0,High Humidity Stress,15.6,Low,High Humidity Stress,19.9,Low,Train,Derived prototype label - NOT observed plant-stress ground truth
2025-03-24 03:30:00,3.5,Fruiting,19.64,83.43,0.0,21.95,High Humidity Stress,19.9,Low,Cold Stress,30.0,Low,Train,Derived prototype label - NOT observed plant-stress ground truth
2025-03-24 04:00:00,4.0,Fruiting,17.8,84.16,0.0,21.94,Cold Stress,30.0,Low,Cold Stress,57.2,Moderate,Train,Derived prototype label - NOT observed plant-stress ground truth
2025-03-24 04:30:00,4.5,Fruiting,15.69,81.64,0.0,21.92,Cold Stress,57.2,Moderate,Cold Stress,35.9,Moderate,Train,Derived prototype label - NOT observed plant-stress ground truth
2025-03-24 05:00:00,5.0,Fruiting,13.77,84.32,0.0,21.87,Cold Stress,35.9,Moderate,Combined Environmental Stress,96.8,High,Train,Derived prototype label - NOT observed plant-stress ground truth
2025-03-24 05:30:00,5.5,Fruiting,15.27,82.18,0.0,21.86,Combined Environmental Stress,96.8,High,Low Light Stress,61.1,Moderate,Train,Derived prototype label - NOT observed plant-stress ground truth
2025-03-24 06:00:00,6.0,Fruiting,17.76,85.49,0.0,21.83,Low Light Stress,61.1,Moderate,Low Light Stress,33.5,Low,Train,Derived prototype label - NOT observed plant-stress ground truth
2025-03-24 06:30:00,6.5,Fruiting,20.57,83.14,4842.0,21.89,Low Light Stress,33.5,Low,Low Light Stress,20.3,Low,Train,Derived prototype label - NOT observed plant-stress ground truth
2025-03-24 07:00:00,7.0,Fruiting,22.65,81.65,9402.0,21.94,Low Light Stress,20.3,Low,No Significant Environmental Stress,0.0,Low,Train,Derived prototype label - NOT observed plant-stress ground truth
2025-03-24 07:30:00,7.5,Fruiting,23.7,77.09,11279.0,21.99,No Significant Environmental Stress,0.0,Low,No Significant Environmental Stress,0.0,Low,Train,Derived prototype label - NOT observed plant-stress ground truth
2025-03-24 08:00:00,8.0,Fruiting,24.7,76.05,15976.0,22.07,No Significant Environmental Stress,0.0,Low,No Significant Environmental Stress,0.0,Low,Train,Derived prototype label - NOT observed plant-stress ground truth
2025-03-24 08:30:00,8.5,Fruiting,25.63,73.63,18841.0,22.32,No Significant Environmental Stress,0.0,Low,No Significant Environmental Stress,0.0,Low,Train,Derived prototype label - NOT observed plant-stress ground truth
2025-03-24 09:00:00,9.0,Fruiting,26.46,73.84,22331.0,22.45,No Significant Environmental Stress,0.0,Low,No Significant Environmental Stress,0.0,Low,Train,Derived prototype label - NOT observed plant-stress ground truth
2025-03-24 09:30:00,9.5,Fruiting,27.2,70.46,24731.0,22.58,No Significant Environmental Stress,0.0,Low,No Significant Environmental Stress,3.6,Low,Train,Derived prototype label - NOT observed plant-stress ground truth
2025-03-24 10:00:00,10.0,Fruiting,27.82,72.75,29280.0,22.82,No Significant Environmental Stress,3.6,Low,No Significant Environmental Stress,7.8,Low,Train,Derived prototype label - NOT observed plant-stress ground truth
2025-03-24 10:30:00,10.5,Fruiting,28.31,67.58,28475.0,23.07,No Significant Environmental Stress,7.8,Low,No Significant Environmental Stress,10.3,Low,Train,Derived prototype label - NOT observed plant-stress ground truth
2025-03-24 11:00:00,11.0,Fruiting,28.67,68.61,31231.0,23.29,No Significant Environmental Stress,10.3,Low,No Significant Environmental Stress,13.0,Low,Train,Derived prototype label - NOT observed plant-stress ground truth
2025-03-24 11:30:00,11.5,Fruiting,28.88,69.44,32591.0,23.61,No Significant Environmental Stress,13.0,Low,Heat Stress,29.5,Low,Train,Derived prototype label - NOT observed plant-stress ground truth
2025-03-24 12:00:00,12.0,Fruiting,29.11,68.3,31954.0,23.89,Heat Stress,29.5,Low,Heat Stress,40.1,Moderate,Train,Derived prototype label - NOT observed plant-stress ground truth
2025-03-24 12:30:00,12.5,Fruiting,30.52,68.17,27926.0,24.51,Heat Stress,40.1,Moderate,Heat Stress,58.8,Moderate,Train,Derived prototype label - NOT observed plant-stress ground truth
2025-03-24 13:00:00,13.0,Fruiting,31.4,67.36,34016.0,25.07,Heat Stress,58.8,Moderate,Heat Stress,72.1,High,Train,Derived prototype label - NOT observed plant-stress ground truth
2025-03-24 13:30:00,13.5,Fruiting,32.81,67.16,27562.0,25.54,Heat Stress,72.1,High,Heat Stress,57.2,Moderate,Train,Derived prototype label - NOT observed plant-stress ground truth
2025-03-24 14:00:00,14.0,Fruiting,33.76,63.22,26640.0,26.02,Heat Stress,57.2,Moderate,Heat Stress,23.6,Low,Train,Derived prototype label - NOT observed plant-stress ground truth
2025-03-24 14:30:00,14.5,Fruiting,32.53,64.07,24475.0,25.91,Heat Stress,23.6,Low,No Significant Environmental Stress,4.1,Low,Train,Derived prototype label - NOT observed plant-stress ground truth
2025-03-24 15:00:00,15.0,Fruiting,29.77,67.71,20731.0,25.63,No Significant Environmental Stress,4.1,Low,No Significant Environmental Stress,0.0,Low,Train,Derived prototype label - NOT observed plant-stress ground truth
2025-03-24 15:30:00,15.5,Fruiting,27.86,72.29,20761.0,25.35,No Significant Environmental Stress,0.0,Low,No Significant Environmental Stress,11.2,Low,Train,Derived prototype label - NOT observed plant-stress ground truth
2025-03-24 16:00:00,16.0,Fruiting,25.42,77.51,16530.0,24.88,No Significant Environmental Stress,11.2,Low,Low Light Stress,33.7,Low,Train,Derived prototype label - NOT observed plant-stress ground truth
2025-03-24 16:30:00,16.5,Fruiting,23.7,78.44,12959.0,24.6,Low Light Stress,33.7,Low,Low Light Stress,66.6,Moderate,Train,Derived prototype label - NOT observed plant-stress ground truth
2025-03-24 17:00:00,17.0,Fruiting,22.65,81.41,9301.0,24.5,Low Light Stress,66.6,Moderate,No Significant Environmental Stress,0.0,Low,Train,Derived prototype label - NOT observed plant-stress ground truth
2025-03-24 17:30:00,17.5,Fruiting,21.56,83.39,3919.0,24.36,No Significant Environmental Stress,0.0,Low,No Significant Environmental Stress,13.1,Low,Train,Derived prototype label - NOT observed plant-stress ground truth
2025-03-24 18:00:00,18.0,Fruiting,19.95,77.54,0.0,24.16,No Significant Environmental Stress,13.1,Low,No Significant Environmental Stress,8.5,Low,Train,Derived prototype label - NOT observed plant-stress ground truth
2025-03-24 18:30:00,18.5,Fruiting,19.96,82.88,0.0,23.88,No Significant Environmental Stress,8.5,Low,No Significant Environmental Stress,0.7,Low,Train,Derived prototype label - NOT observed plant-stress ground truth
2025-03-24 19:00:00,19.0,Fruiting,20.01,81.87,0.0,23.62,No Significant Environmental Stress,0.7,Low,No Significant Environmental Stress,0.0,Low,Train,Derived prototype label - NOT observed plant-stress ground truth
2025-03-24 19:30:00,19.5,Fruiting,20.09,80.16,0.0,23.44,No Significant Environmental Stress,0.0,Low,No Significant Environmental Stress,10.3,Low,Train,Derived prototype label - NOT observed plant-stress ground truth
2025-03-24 20:00:00,20.0,Fruiting,20.2,78.44,0.0,23.28,No Significant Environmental Stress,10.3,Low,No Significant Environmental Stress,7.0,Low,Train,Derived prototype label - NOT observed plant-stress ground truth
2025-03-24 20:30:00,20.5,Fruiting,20.32,82.26,0.0,23.11,No Significant Environmental Stress,7.0,Low,High Humidity Stress,27.8,Low,Train,Derived prototype label - NOT observed plant-stress ground truth
2025-03-24 21:00:00,21.0,Fruiting,20.45,81.54,0.0,22.94,High Humidity Stress,27.8,Low,No Significant Environmental Stress,4.3,Low,Train,Derived prototype label - NOT observed plant-stress ground truth
2025-03-24 21:30:00,21.5,Fruiting,20.58,86.1,0.0,22.74,No Significant Environmental Stress,4.3,Low,No Significant Environmental Stress,2.7,Low,Train,Derived prototype label - NOT observed plant-stress ground truth
2025-03-24 22:00:00,22.0,Fruiting,20.7,80.94,0.0,22.66,No Significant Environmental Stress,2.7,Low,High Humidity Stress,17.4,Low,Train,Derived prototype label - NOT observed plant-stress ground truth
2025-03-24 22:30:00,22.5,Fruiting,20.8,80.6,0.0,22.54,High Humidity Stress,17.4,Low,No Significant Environmental Stress,1.0,Low,Train,Derived prototype label - NOT observed plant-stress ground truth
2025-03-24 23:00:00,23.0,Fruiting,20.88,83.82,0.0,22.36,No Significant Environmental Stress,1.0,Low,No Significant Environmental Stress,0.0,Low,Train,Derived prototype label - NOT observed plant-stress ground truth
2025-03-24 23:30:00,23.5,Fruiting,20.93,80.23,0.0,22.2,No Significant Environmental Stress,0.0,Low,No Significant Environmental Stress,0.0,Low,Train,Derived prototype label - NOT observed plant-stress ground truth
2025-03-25 00:00:00,0.0,Fruiting,20.63,74.53,0.0,22.13,No Significant Environmental Stress,0.0,Low,No Significant Environmental Stress,0.0,Low,Train,Derived prototype label - NOT observed plant-stress ground truth
2025-03-25 00:30:00,0.5,Fruiting,20.62,70.4,0.0,22.04,No Significant Environmental Stress,0.0,Low,No Significant Environmental Stress,0.0,Low,Train,Derived prototype label - NOT observed plant-stress ground truth
2025-03-25 01:00:00,1.0,Fruiting,20.57,73.88,0.0,22.02,No Significant Environmental Stress,0.0,Low,No Significant Environmental Stress,0.0,Low,Train,Derived prototype label - NOT observed plant-stress ground truth
2025-03-25 01:30:00,1.5,Fruiting,20.49,75.28,0.0,21.94,No Significant Environmental Stress,0.0,Low,No Significant Environmental Stress,0.0,Low,Train,Derived prototype label - NOT observed plant-stress ground truth
2025-03-25 02:00:00,2.0,Fruiting,20.38,72.33,0.0,21.92,No Significant Environmental Stress,0.0,Low,No Significant Environmental Stress,0.0,Low,Train,Derived prototype label - NOT observed plant-stress ground truth
2025-03-25 02:30:00,2.5,Fruiting,20.26,76.3,0.0,21.88,No Significant Environmental Stress,0.0,Low,No Significant Environmental Stress,0.0,Low,Train,Derived prototype label - NOT observed plant-stress ground truth
2025-03-25 03:00:00,3.0,Fruiting,20.13,69.28,0.0,21.79,No Significant Environmental Stress,0.0,Low,No Significant Environmental Stress,0.0,Low,Train,Derived prototype label - NOT observed plant-stress ground truth
2025-03-25 03:30:00,3.5,Fruiting,20.0,74.27,0.0,21.81,No Significant Environmental Stress,0.0,Low,No Significant Environmental Stress,0.0,Low,Train,Derived prototype label - NOT observed plant-stress ground truth
2025-03-25 04:00:00,4.0,Fruiting,19.88,77.27,0.0,21.79,No Significant Environmental Stress,0.0,Low,No Significant Environmental Stress,0.0,Low,Train,Derived prototype label - NOT observed plant-stress ground truth
2025-03-25 04:30:00,4.5,Fruiting,19.78,73.04,0.0,21.73,No Significant Environmental Stress,0.0,Low,No Significant Environmental Stress,0.0,Low,Train,Derived prototype label - NOT observed plant-stress ground truth
2025-03-25 05:00:00,5.0,Fruiting,19.7,74.91,0.0,21.64,No Significant Environmental Stress,0.0,Low,Low Light Stress,88.3,High,Train,Derived prototype label - NOT observed plant-stress ground truth
2025-03-25 05:30:00,5.5,Fruiting,19.65,73.88,0.0,21.54,Low Light Stress,88.3,High,Low Light Stress,61.3,Moderate,Train,Derived prototype label - NOT observed plant-stress ground truth
2025-03-25 06:00:00,6.0,Fruiting,19.63,73.22,0.0,21.5,Low Light Stress,61.3,Moderate,Low Light Stress,41.0,Moderate,Train,Derived prototype label - NOT observed plant-stress ground truth
2025-03-25 06:30:00,6.5,Fruiting,21.14,72.79,3791.0,21.61,Low Light Stress,41.0,Moderate,Low Light Stress,22.5,Low,Train,Derived prototype label - NOT observed plant-stress ground truth
2025-03-25 07:00:00,7.0,Fruiting,22.13,74.05,7503.0,21.71,Low Light Stress,22.5,Low,No Significant Environmental Stress,0.6,Low,Train,Derived prototype label - NOT observed plant-stress ground truth
2025-03-25 07:30:00,7.5,Fruiting,23.09,70.99,10886.0,21.76,No Significant Environmental Stress,0.6,Low,No Significant Environmental Stress,0.0,Low,Train,Derived prototype label - NOT observed plant-stress ground truth
2025-03-25 08:00:00,8.0,Fruiting,24.0,70.78,14891.0,21.9,No Significant Environmental Stress,0.0,Low,No Significant Environmental Stress,0.0,Low,Train,Derived prototype label - NOT observed plant-stress ground truth
2025-03-25 08:30:00,8.5,Fruiting,24.84,66.42,18122.0,22.06,No Significant Environmental Stress,0.0,Low,No Significant Environmental Stress,0.0,Low,Train,Derived prototype label - NOT observed plant-stress ground truth
2025-03-25 09:00:00,9.0,Fruiting,25.6,65.29,23370.0,22.18,No Significant Environmental Stress,0.0,Low,No Significant Environmental Stress,0.0,Low,Train,Derived prototype label - NOT observed plant-stress ground truth
2025-03-25 09:30:00,9.5,Fruiting,26.27,66.84,23944.0,22.38,No Significant Environmental Stress,0.0,Low,No Significant Environmental Stress,0.0,Low,Train,Derived prototype label - NOT observed plant-stress ground truth
2025-03-25 10:00:00,10.0,Fruiting,26.83,63.65,26110.0,22.68,No Significant Environmental Stress,0.0,Low,No Significant Environmental Stress,0.0,Low,Train,Derived prototype label - NOT observed plant-stress ground truth
2025-03-25 10:30:00,10.5,Fruiting,27.28,66.09,27598.0,22.9,No Significant Environmental Stress,0.0,Low,No Significant Environmental Stress,0.0,Low,Train,Derived prototype label - NOT observed plant-stress ground truth
2025-03-25 11:00:00,11.0,Fruiting,27.61,62.49,24494.0,23.09,No Significant Environmental Stress,0.0,Low,No Significant Environmental Stress,0.0,Low,Train,Derived prototype label - NOT observed plant-stress ground truth
2025-03-25 11:30:00,11.5,Fruiting,27.8,63.52,31875.0,23.37,No Significant Environmental Stress,0.0,Low,No Significant Environmental Stress,18.0,Low,Train,Derived prototype label - NOT observed plant-stress ground truth
2025-03-25 12:00:00,12.0,Fruiting,27.87,65.06,26467.0,23.59,No Significant Environmental Stress,18.0,Low,Combined Environmental Stress,80.9,High,Train,Derived prototype label - NOT observed plant-stress ground truth
2025-03-25 12:30:00,12.5,Fruiting,29.11,56.06,27906.0,24.81,Combined Environmental Stress,80.9,High,Combined Environmental Stress,100.0,High,Train,Derived prototype label - NOT observed plant-stress ground truth
2025-03-25 13:00:00,13.0,Fruiting,30.8,39.24,35550.0,26.59,Combined Environmental Stress,100.0,High,Combined Environmental Stress,100.0,High,Train,Derived prototype label - NOT observed plant-stress ground truth
2025-03-25 13:30:00,13.5,Fruiting,32.03,28.0,32689.0,28.04,Combined Environmental Stress,100.0,High,Heat Stress,25.9,Low,Train,Derived prototype label - NOT observed plant-stress ground truth
2025-03-25 14:00:00,14.0,Fruiting,32.79,36.17,32187.0,28.48,Heat Stress,25.9,Low,No Significant Environmental Stress,1.6,Low,Train,Derived prototype label - NOT observed plant-stress ground truth
2025-03-25 14:30:00,14.5,Fruiting,29.6,55.13,27474.0,26.56,No Significant Environmental Stress,1.6,Low,No Significant Environmental Stress,0.0,Low,Train,Derived prototype label - NOT observed plant-stress ground truth
2025-03-25 15:00:00,15.0,Fruiting,26.34,61.18,21057.0,25.14,No Significant Environmental Stress,0.0,Low,No Significant Environmental Stress,0.0,Low,Train,Derived prototype label - NOT observed plant-stress ground truth
2025-03-25 15:30:00,15.5,Fruiting,24.84,69.78,19316.0,24.46,No Significant Environmental Stress,0.0,Low,Low Light Stress,14.5,Low,Train,Derived prototype label - NOT observed plant-stress ground truth
2025-03-25 16:00:00,16.0,Fruiting,24.0,71.51,15391.0,24.38,Low Light Stress,14.5,Low,Low Light Stress,41.9,Moderate,Train,Derived prototype label - NOT observed plant-stress ground truth
2025-03-25 16:30:00,16.5,Fruiting,23.09,72.3,12356.0,24.32,Low Light Stress,41.9,Moderate,Low Light Stress,62.3,Moderate,Train,Derived prototype label - NOT observed plant-stress ground truth
2025-03-25 17:00:00,17.0,Fruiting,22.13,73.78,7330.0,24.14,Low Light Stress,62.3,Moderate,No Significant Environmental Stress,0.0,Low,Train,Derived prototype label - NOT observed plant-stress ground truth
2025-03-25 17:30:00,17.5,Fruiting,21.14,71.14,3612.0,23.99,No Significant Environmental Stress,0.0,Low,No Significant Environmental Stress,0.0,Low,Train,Derived prototype label - NOT observed plant-stress ground truth
2025-03-25 18:00:00,18.0,Fruiting,19.63,74.64,0.0,23.77,No Significant Environmental Stress,0.0,Low,No Significant Environmental Stress,0.0,Low,Train,Derived prototype label - NOT observed plant-stress ground truth
2025-03-25 18:30:00,18.5,Fruiting,19.65,72.38,0.0,23.56,No Significant Environmental Stress,0.0,Low,No Significant Environmental Stress,0.0,Low,Train,Derived prototype label - NOT observed plant-stress ground truth
2025-03-25 19:00:00,19.0,Fruiting,19.7,74.56,0.0,23.41,No Significant Environmental Stress,0.0,Low,No Significant Environmental Stress,0.0,Low,Train,Derived prototype label - NOT observed plant-stress ground truth
2025-03-25 19:30:00,19.5,Fruiting,19.78,70.8,0.0,23.2,No Significant Environmental Stress,0.0,Low,No Significant Environmental Stress,0.0,Low,Train,Derived prototype label - NOT observed plant-stress ground truth
2025-03-25 20:00:00,20.0,Fruiting,19.88,74.77,0.0,23.01,No Significant Environmental Stress,0.0,Low,No Significant Environmental Stress,0.0,Low,Train,Derived prototype label - NOT observed plant-stress ground truth
2025-03-25 20:30:00,20.5,Fruiting,20.0,73.31,0.0,22.83,No Significant Environmental Stress,0.0,Low,No Significant Environmental Stress,0.0,Low,Train,Derived prototype label - NOT observed plant-stress ground truth
2025-03-25 21:00:00,21.0,Fruiting,20.13,73.75,0.0,22.66,No Significant Environmental Stress,0.0,Low,No Significant Environmental Stress,0.0,Low,Train,Derived prototype label - NOT observed plant-stress ground truth
2025-03-25 21:30:00,21.5,Fruiting,20.26,76.65,0.0,22.51,No Significant Environmental Stress,0.0,Low,No Significant Environmental Stress,0.0,Low,Train,Derived prototype label - NOT observed plant-stress ground truth
2025-03-25 22:00:00,22.0,Fruiting,20.38,75.99,0.0,22.4,No Significant Environmental Stress,0.0,Low,No Significant Environmental Stress,0.0,Low,Train,Derived prototype label - NOT observed plant-stress ground truth
2025-03-25 22:30:00,22.5,Fruiting,20.49,75.45,0.0,22.35,No Significant Environmental Stress,0.0,Low,No Significant Environmental Stress,0.0,Low,Train,Derived prototype label - NOT observed plant-stress ground truth
2025-03-25 23:00:00,23.0,Fruiting,20.57,74.99,0.0,22.21,No Significant Environmental Stress,0.0,Low,No Significant Environmental Stress,0.0,Low,Train,Derived prototype label - NOT observed plant-stress ground truth
